using GameCreator.Runtime.Common;
using UnityEngine;

namespace Fullscreen.LogicBlock.Runtime
{
    public class IconBlock : TIcon
    {
        public IconBlock(ColorTheme.Type color, IIcon overlay = null):this(ColorTheme.Get(color), overlay){ }
        public IconBlock(Color color, IIcon overlay = null) : base(color, overlay) { }

        protected override byte[] Bytes => new byte[]
        {
            0x00, 0x00, 0x00, 0x00, 0x00, 0x00, 0x00, 0x00, 0x00, 0x00, 0x00, 0x00, 
0x00, 0x00, 0x00, 0x00, 0x00, 0x00, 0x00, 0x00, 0x00, 0x00, 0x00, 0x00, 
0x00, 0x00, 0x00, 0x00, 0x00, 0x00, 0x00, 0x00, 0x00, 0x00, 0x00, 0x00, 
0x00, 0x00, 0x00, 0x00, 0x00, 0x00, 0x00, 0x00, 0x00, 0x00, 0x00, 0x00, 
0x00, 0x00, 0x00, 0x00, 0x00, 0x00, 0x00, 0x00, 0x00, 0x00, 0x00, 0x00, 
0x00, 0x00, 0x00, 0x00, 0x00, 0x00, 0x00, 0x00, 0x00, 0x00, 0x00, 0x00, 
0x00, 0x00, 0x00, 0x00, 0x00, 0x00, 0x00, 0x00, 0x00, 0x00, 0x00, 0x00, 
0x00, 0x00, 0x00, 0x00, 0x00, 0x00, 0x00, 0x00, 0x00, 0x00, 0x00, 0x00, 
0x00, 0x00, 0x00, 0x00, 0x00, 0x00, 0x00, 0x00, 0x00, 0x00, 0x00, 0x00, 
0x00, 0x00, 0x00, 0x00, 0x00, 0x00, 0x00, 0x00, 0x00, 0x00, 0x00, 0x00, 
0x00, 0x00, 0x00, 0x00, 0x00, 0x00, 0x00, 0x00, 0x00, 0x00, 0x00, 0x00, 
0x00, 0x00, 0x00, 0x00, 0x00, 0x00, 0x00, 0x00, 0x00, 0x00, 0x00, 0x00, 
0x00, 0x00, 0x00, 0x00, 0x00, 0x00, 0x00, 0x00, 0x00, 0x00, 0x00, 0x00, 
0x00, 0x00, 0x00, 0x00, 0x00, 0x00, 0x00, 0x00, 0x00, 0x00, 0x00, 0x00, 
0x00, 0x00, 0x00, 0x00, 0x00, 0x00, 0x00, 0x00, 0x00, 0x00, 0x00, 0x00, 
0x00, 0x00, 0x00, 0x00, 0x00, 0x00, 0x00, 0x00, 0x00, 0x00, 0x00, 0x00, 
0x00, 0x00, 0x00, 0x00, 0x00, 0x00, 0x00, 0x00, 0x00, 0x00, 0x00, 0x00, 
0x00, 0x00, 0x00, 0x00, 0x00, 0x00, 0x00, 0x00, 0x00, 0x00, 0x00, 0x00, 
0x00, 0x00, 0x00, 0x00, 0x00, 0x00, 0x00, 0x00, 0x00, 0x00, 0x00, 0x00, 
0x00, 0x00, 0x00, 0x00, 0x00, 0x00, 0x00, 0x00, 0x00, 0x00, 0x00, 0x00, 
0x00, 0x00, 0x00, 0x00, 0x00, 0x00, 0x00, 0x00, 0x00, 0x00, 0x00, 0x00, 
0x00, 0x00, 0x00, 0x00, 0x00, 0x00, 0x00, 0x00, 0x00, 0x00, 0x00, 0x00, 
0x00, 0x00, 0x00, 0x00, 0x00, 0x00, 0x00, 0x00, 0x00, 0x00, 0x00, 0x00, 
0x00, 0x00, 0x00, 0x00, 0x00, 0x00, 0x00, 0x00, 0x00, 0x00, 0x00, 0x00, 
0x00, 0x00, 0x00, 0x00, 0x00, 0x00, 0x00, 0x00, 0x00, 0x00, 0x00, 0x00, 
0x00, 0x00, 0x00, 0x00, 0x00, 0x00, 0x00, 0x00, 0x00, 0x00, 0x00, 0x00, 
0x00, 0x00, 0x00, 0x00, 0x00, 0x00, 0x00, 0x00, 0x00, 0x00, 0x00, 0x00, 
0x00, 0x00, 0x00, 0x00, 0x00, 0x00, 0x00, 0x00, 0x00, 0x00, 0x00, 0x00, 
0x00, 0x00, 0x00, 0x00, 0x00, 0x00, 0x00, 0x00, 0x00, 0x00, 0x00, 0x00, 
0x00, 0x00, 0x00, 0x00, 0x00, 0x00, 0x00, 0x00, 0x00, 0x00, 0x00, 0x00, 
0x00, 0x00, 0x00, 0x00, 0x00, 0x00, 0x00, 0x00, 0x00, 0x00, 0x00, 0x00, 
0x00, 0x00, 0x00, 0x00, 0x00, 0x00, 0x00, 0x00, 0x00, 0x00, 0x00, 0x00, 
0x00, 0x00, 0x00, 0x00, 0x00, 0x00, 0x00, 0x00, 0x00, 0x00, 0x00, 0x00, 
0x00, 0x00, 0x00, 0x00, 0x00, 0x00, 0x00, 0x00, 0x00, 0x00, 0x00, 0x00, 
0x00, 0x00, 0x00, 0x00, 0x00, 0x00, 0x00, 0x00, 0x00, 0x00, 0x00, 0x00, 
0x00, 0x00, 0x00, 0x00, 0x00, 0x00, 0x00, 0x00, 0x00, 0x00, 0x00, 0x00, 
0x00, 0x00, 0x00, 0x00, 0x00, 0x00, 0x00, 0x00, 0x00, 0x00, 0x00, 0x00, 
0x00, 0x00, 0x00, 0x00, 0x00, 0x00, 0x00, 0x00, 0x00, 0x00, 0x00, 0x00, 
0x00, 0x00, 0x00, 0x00, 0x00, 0x00, 0x00, 0x00, 0x00, 0x00, 0x00, 0x00, 
0x00, 0x00, 0x00, 0x00, 0x00, 0x00, 0x00, 0x00, 0x00, 0x00, 0x00, 0x00, 
0x00, 0x00, 0x00, 0x00, 0x00, 0x00, 0x00, 0x00, 0x00, 0x00, 0x00, 0x00, 
0x00, 0x00, 0x00, 0x00, 0x00, 0x00, 0x00, 0x00, 0x00, 0x00, 0x00, 0x00, 
0x00, 0x00, 0x00, 0x00, 0x00, 0x00, 0x00, 0x00, 0x00, 0x00, 0x00, 0x00, 
0x00, 0x00, 0x00, 0x00, 0x00, 0x00, 0x00, 0x00, 0x00, 0x00, 0x00, 0x00, 
0x00, 0x00, 0x00, 0x00, 0x00, 0x00, 0x00, 0x00, 0x00, 0x00, 0x00, 0x00, 
0x00, 0x00, 0x00, 0x00, 0x00, 0x00, 0x00, 0x00, 0x00, 0x00, 0x00, 0x00, 
0x1B, 0x82, 0x84, 0x48, 0x29, 0xBE, 0xC6, 0xB7, 0x29, 0xBE, 0xC6, 0xB7, 
0x29, 0xBE, 0xC6, 0xB7, 0x29, 0xBE, 0xC6, 0xB7, 0x29, 0xBE, 0xC6, 0xB7, 
0x29, 0xBE, 0xC6, 0xB7, 0x29, 0xBE, 0xC6, 0xB7, 0x29, 0xBE, 0xC6, 0xB7, 
0x29, 0xBE, 0xC6, 0xB7, 0x29, 0xBE, 0xC6, 0xB7, 0x29, 0xBE, 0xC6, 0xB7, 
0x29, 0xBE, 0xC6, 0xB7, 0x29, 0xBE, 0xC6, 0xB7, 0x29, 0xBE, 0xC6, 0xB7, 
0x29, 0xBE, 0xC6, 0xB7, 0x29, 0xBE, 0xC6, 0xB7, 0x29, 0xBE, 0xC6, 0xB7, 
0x29, 0xBE, 0xC6, 0xB7, 0x29, 0xBE, 0xC6, 0xB7, 0x29, 0xBE, 0xC6, 0xB7, 
0x29, 0xBE, 0xC6, 0xB7, 0x29, 0xBE, 0xC6, 0xB7, 0x29, 0xBE, 0xC6, 0xB7, 
0x29, 0xBE, 0xC6, 0xB7, 0x29, 0xBE, 0xC6, 0xB7, 0x29, 0xBE, 0xC6, 0xB7, 
0x29, 0xBE, 0xC6, 0xB7, 0x29, 0xBE, 0xC6, 0xB7, 0x29, 0xBE, 0xC6, 0xB7, 
0x29, 0xBE, 0xC6, 0xB7, 0x29, 0xBE, 0xC6, 0xB7, 0x29, 0xBE, 0xC6, 0xB7, 
0x29, 0xBE, 0xC6, 0xB7, 0x29, 0xBE, 0xC6, 0xB7, 0x29, 0xBE, 0xC6, 0xB7, 
0x29, 0xBE, 0xC6, 0xB7, 0x29, 0xBE, 0xC6, 0xB7, 0x21, 0xCB, 0xCE, 0xB7, 
0x21, 0xCB, 0xCE, 0xB7, 0x16, 0x8B, 0x89, 0xB7, 0x16, 0x8B, 0x89, 0xB7, 
0x10, 0x9A, 0x9C, 0xB7, 0x0B, 0x6A, 0x68, 0x48, 0x00, 0x00, 0x00, 0x00, 
0x00, 0x00, 0x00, 0x00, 0x00, 0x00, 0x00, 0x00, 0x00, 0x00, 0x00, 0x00, 
0x00, 0x00, 0x00, 0x00, 0x00, 0x00, 0x00, 0x00, 0x00, 0x00, 0x00, 0x00, 
0x00, 0x00, 0x00, 0x00, 0x00, 0x00, 0x00, 0x00, 0x00, 0x00, 0x00, 0x00, 
0x00, 0x00, 0x00, 0x00, 0x00, 0x00, 0x00, 0x00, 0x00, 0x00, 0x00, 0x00, 
0x00, 0x00, 0x00, 0x00, 0x00, 0x00, 0x00, 0x00, 0x00, 0x00, 0x00, 0x00, 
0x00, 0x00, 0x00, 0x00, 0x00, 0x00, 0x00, 0x00, 0x00, 0x00, 0x00, 0x00, 
0x00, 0x00, 0x00, 0x00, 0x29, 0xBE, 0xC6, 0xB7, 0x29, 0xBE, 0xC6, 0xFF, 
0x29, 0xBE, 0xC6, 0xFF, 0x29, 0xBE, 0xC6, 0xFF, 0x29, 0xBE, 0xC6, 0xFF, 
0x29, 0xBE, 0xC6, 0xFF, 0x29, 0xBE, 0xC6, 0xFF, 0x29, 0xBE, 0xC6, 0xFF, 
0x29, 0xBE, 0xC6, 0xFF, 0x29, 0xBE, 0xC6, 0xFF, 0x29, 0xBE, 0xC6, 0xFF, 
0x29, 0xBE, 0xC6, 0xFF, 0x29, 0xBE, 0xC6, 0xFF, 0x29, 0xBE, 0xC6, 0xFF, 
0x29, 0xBE, 0xC6, 0xFF, 0x29, 0xBE, 0xC6, 0xFF, 0x29, 0xBE, 0xC6, 0xFF, 
0x29, 0xBE, 0xC6, 0xFF, 0x29, 0xBE, 0xC6, 0xFF, 0x29, 0xBE, 0xC6, 0xFF, 
0x29, 0xBE, 0xC6, 0xFF, 0x29, 0xBE, 0xC6, 0xFF, 0x29, 0xBE, 0xC6, 0xFF, 
0x29, 0xBE, 0xC6, 0xFF, 0x29, 0xBE, 0xC6, 0xFF, 0x29, 0xBE, 0xC6, 0xFF, 
0x29, 0xBE, 0xC6, 0xFF, 0x29, 0xBE, 0xC6, 0xFF, 0x29, 0xBE, 0xC6, 0xFF, 
0x29, 0xBE, 0xC6, 0xFF, 0x29, 0xBE, 0xC6, 0xFF, 0x29, 0xBE, 0xC6, 0xFF, 
0x29, 0xBE, 0xC6, 0xFF, 0x29, 0xBE, 0xC6, 0xFF, 0x29, 0xBE, 0xC6, 0xFF, 
0x29, 0xBE, 0xC6, 0xFF, 0x29, 0xBE, 0xC6, 0xFF, 0x29, 0xBE, 0xC6, 0xFF, 
0x21, 0xCB, 0xCE, 0xFF, 0x21, 0xCB, 0xCE, 0xFF, 0x16, 0x8B, 0x89, 0xFF, 
0x16, 0x8B, 0x89, 0xFF, 0x10, 0x9A, 0x9C, 0xFF, 0x10, 0x9A, 0x9C, 0xB7, 
0x00, 0x00, 0x00, 0x00, 0x00, 0x00, 0x00, 0x00, 0x00, 0x00, 0x00, 0x00, 
0x00, 0x00, 0x00, 0x00, 0x00, 0x00, 0x00, 0x00, 0x00, 0x00, 0x00, 0x00, 
0x00, 0x00, 0x00, 0x00, 0x00, 0x00, 0x00, 0x00, 0x00, 0x00, 0x00, 0x00, 
0x00, 0x00, 0x00, 0x00, 0x00, 0x00, 0x00, 0x00, 0x00, 0x00, 0x00, 0x00, 
0x00, 0x00, 0x00, 0x00, 0x00, 0x00, 0x00, 0x00, 0x00, 0x00, 0x00, 0x00, 
0x00, 0x00, 0x00, 0x00, 0x00, 0x00, 0x00, 0x00, 0x00, 0x00, 0x00, 0x00, 
0x00, 0x00, 0x00, 0x00, 0x00, 0x00, 0x00, 0x00, 0x29, 0xBE, 0xC6, 0xB7, 
0x29, 0xBE, 0xC6, 0xFF, 0x29, 0xCC, 0xD1, 0xFF, 0x29, 0xCC, 0xD1, 0xFF, 
0x29, 0xCC, 0xD1, 0xFF, 0x29, 0xCC, 0xD1, 0xFF, 0x29, 0xCC, 0xD1, 0xFF, 
0x29, 0xCC, 0xD1, 0xFF, 0x29, 0xCC, 0xD1, 0xFF, 0x29, 0xCC, 0xD1, 0xFF, 
0x29, 0xCC, 0xD1, 0xFF, 0x29, 0xCC, 0xD1, 0xFF, 0x29, 0xCC, 0xD1, 0xFF, 
0x29, 0xCC, 0xD1, 0xFF, 0x29, 0xCC, 0xD1, 0xFF, 0x29, 0xCC, 0xD1, 0xFF, 
0x29, 0xCC, 0xD1, 0xFF, 0x29, 0xCC, 0xD1, 0xFF, 0x29, 0xCC, 0xD1, 0xFF, 
0x29, 0xCC, 0xD1, 0xFF, 0x29, 0xCC, 0xD1, 0xFF, 0x29, 0xCC, 0xD1, 0xFF, 
0x29, 0xCC, 0xD1, 0xFF, 0x29, 0xCC, 0xD1, 0xFF, 0x29, 0xCC, 0xD1, 0xFF, 
0x29, 0xCC, 0xD1, 0xFF, 0x29, 0xCC, 0xD1, 0xFF, 0x29, 0xCC, 0xD1, 0xFF, 
0x29, 0xCC, 0xD1, 0xFF, 0x29, 0xCC, 0xD1, 0xFF, 0x29, 0xCC, 0xD1, 0xFF, 
0x29, 0xCC, 0xD1, 0xFF, 0x29, 0xCC, 0xD1, 0xFF, 0x29, 0xCC, 0xD1, 0xFF, 
0x29, 0xCC, 0xD1, 0xFF, 0x29, 0xCC, 0xD1, 0xFF, 0x29, 0xCC, 0xD1, 0xFF, 
0x29, 0xCC, 0xD1, 0xFF, 0x29, 0xCB, 0xCE, 0xFF, 0x29, 0xCB, 0xCE, 0xFF, 
0x10, 0xA6, 0xA5, 0xFF, 0x10, 0xA6, 0xA5, 0xFF, 0x10, 0x9A, 0x9C, 0xFF, 
0x10, 0x9A, 0x9C, 0xB7, 0x00, 0x00, 0x00, 0x00, 0x00, 0x00, 0x00, 0x00, 
0x00, 0x00, 0x00, 0x00, 0x00, 0x00, 0x00, 0x00, 0x00, 0x00, 0x00, 0x00, 
0x00, 0x00, 0x00, 0x00, 0x00, 0x00, 0x00, 0x00, 0x00, 0x00, 0x00, 0x00, 
0x00, 0x00, 0x00, 0x00, 0x00, 0x00, 0x00, 0x00, 0x00, 0x00, 0x00, 0x00, 
0x00, 0x00, 0x00, 0x00, 0x00, 0x00, 0x00, 0x00, 0x00, 0x00, 0x00, 0x00, 
0x00, 0x00, 0x00, 0x00, 0x00, 0x00, 0x00, 0x00, 0x00, 0x00, 0x00, 0x00, 
0x00, 0x00, 0x00, 0x00, 0x00, 0x00, 0x00, 0x00, 0x00, 0x00, 0x00, 0x00, 
0x29, 0xBE, 0xC6, 0xB7, 0x29, 0xBE, 0xC6, 0xFF, 0x29, 0xCC, 0xD1, 0xFF, 
0x29, 0xCC, 0xD1, 0xFF, 0x29, 0xCC, 0xD1, 0xFF, 0x29, 0xCC, 0xD1, 0xFF, 
0x29, 0xCC, 0xD1, 0xFF, 0x29, 0xCC, 0xD1, 0xFF, 0x29, 0xCC, 0xD1, 0xFF, 
0x29, 0xCC, 0xD1, 0xFF, 0x29, 0xCC, 0xD1, 0xFF, 0x29, 0xCC, 0xD1, 0xFF, 
0x29, 0xCC, 0xD1, 0xFF, 0x29, 0xCC, 0xD1, 0xFF, 0x29, 0xCC, 0xD1, 0xFF, 
0x29, 0xCC, 0xD1, 0xFF, 0x29, 0xCC, 0xD1, 0xFF, 0x29, 0xCC, 0xD1, 0xFF, 
0x29, 0xCC, 0xD1, 0xFF, 0x29, 0xCC, 0xD1, 0xFF, 0x29, 0xCC, 0xD1, 0xFF, 
0x29, 0xCC, 0xD1, 0xFF, 0x29, 0xCC, 0xD1, 0xFF, 0x29, 0xCC, 0xD1, 0xFF, 
0x29, 0xCC, 0xD1, 0xFF, 0x29, 0xCC, 0xD1, 0xFF, 0x29, 0xCC, 0xD1, 0xFF, 
0x29, 0xCC, 0xD1, 0xFF, 0x29, 0xCC, 0xD1, 0xFF, 0x29, 0xCC, 0xD1, 0xFF, 
0x29, 0xCC, 0xD1, 0xFF, 0x29, 0xCC, 0xD1, 0xFF, 0x29, 0xCC, 0xD1, 0xFF, 
0x29, 0xCC, 0xD1, 0xFF, 0x29, 0xCC, 0xD1, 0xFF, 0x29, 0xCC, 0xD1, 0xFF, 
0x29, 0xCC, 0xD1, 0xFF, 0x29, 0xCC, 0xD1, 0xFF, 0x29, 0xCB, 0xCE, 0xFF, 
0x29, 0xCB, 0xCE, 0xFF, 0x10, 0xA6, 0xA5, 0xFF, 0x10, 0xA6, 0xA5, 0xFF, 
0x10, 0x9A, 0x9C, 0xFF, 0x10, 0x9A, 0x9C, 0xB7, 0x00, 0x00, 0x00, 0x00, 
0x00, 0x00, 0x00, 0x00, 0x00, 0x00, 0x00, 0x00, 0x00, 0x00, 0x00, 0x00, 
0x00, 0x00, 0x00, 0x00, 0x00, 0x00, 0x00, 0x00, 0x00, 0x00, 0x00, 0x00, 
0x00, 0x00, 0x00, 0x00, 0x00, 0x00, 0x00, 0x00, 0x00, 0x00, 0x00, 0x00, 
0x00, 0x00, 0x00, 0x00, 0x00, 0x00, 0x00, 0x00, 0x00, 0x00, 0x00, 0x00, 
0x00, 0x00, 0x00, 0x00, 0x00, 0x00, 0x00, 0x00, 0x00, 0x00, 0x00, 0x00, 
0x00, 0x00, 0x00, 0x00, 0x00, 0x00, 0x00, 0x00, 0x00, 0x00, 0x00, 0x00, 
0x00, 0x00, 0x00, 0x00, 0x29, 0xBE, 0xC6, 0xB7, 0x29, 0xBE, 0xC6, 0xFF, 
0x29, 0xCC, 0xD1, 0xFF, 0x29, 0xCC, 0xD1, 0xFF, 0x29, 0xCC, 0xD1, 0xFF, 
0x29, 0xCC, 0xD1, 0xFF, 0x29, 0xCC, 0xD1, 0xFF, 0x29, 0xCC, 0xD1, 0xFF, 
0x29, 0xCC, 0xD1, 0xFF, 0x29, 0xCC, 0xD1, 0xFF, 0x29, 0xCC, 0xD1, 0xFF, 
0x29, 0xCC, 0xD1, 0xFF, 0x29, 0xCC, 0xD1, 0xFF, 0x29, 0xCC, 0xD1, 0xFF, 
0x29, 0xCC, 0xD1, 0xFF, 0x29, 0xCC, 0xD1, 0xFF, 0x29, 0xCC, 0xD1, 0xFF, 
0x29, 0xCC, 0xD1, 0xFF, 0x29, 0xCC, 0xD1, 0xFF, 0x29, 0xCC, 0xD1, 0xFF, 
0x29, 0xCC, 0xD1, 0xFF, 0x29, 0xCC, 0xD1, 0xFF, 0x29, 0xCC, 0xD1, 0xFF, 
0x29, 0xCC, 0xD1, 0xFF, 0x29, 0xCC, 0xD1, 0xFF, 0x29, 0xCC, 0xD1, 0xFF, 
0x29, 0xCC, 0xD1, 0xFF, 0x29, 0xCC, 0xD1, 0xFF, 0x29, 0xCC, 0xD1, 0xFF, 
0x29, 0xCC, 0xD1, 0xFF, 0x29, 0xCC, 0xD1, 0xFF, 0x29, 0xCC, 0xD1, 0xFF, 
0x29, 0xCC, 0xD1, 0xFF, 0x29, 0xCC, 0xD1, 0xFF, 0x29, 0xCC, 0xD1, 0xFF, 
0x29, 0xCC, 0xD1, 0xFF, 0x29, 0xCC, 0xD1, 0xFF, 0x29, 0xCC, 0xD1, 0xFF, 
0x29, 0xCB, 0xCE, 0xFF, 0x29, 0xCB, 0xCE, 0xFF, 0x10, 0xA6, 0xA5, 0xFF, 
0x10, 0xA6, 0xA5, 0xFF, 0x10, 0x9A, 0x9C, 0xFF, 0x10, 0x9A, 0x9C, 0xB7, 
0x00, 0x00, 0x00, 0x00, 0x00, 0x00, 0x00, 0x00, 0x00, 0x00, 0x00, 0x00, 
0x00, 0x00, 0x00, 0x00, 0x00, 0x00, 0x00, 0x00, 0x00, 0x00, 0x00, 0x00, 
0x00, 0x00, 0x00, 0x00, 0x00, 0x00, 0x00, 0x00, 0x00, 0x00, 0x00, 0x00, 
0x00, 0x00, 0x00, 0x00, 0x00, 0x00, 0x00, 0x00, 0x00, 0x00, 0x00, 0x00, 
0x00, 0x00, 0x00, 0x00, 0x00, 0x00, 0x00, 0x00, 0x00, 0x00, 0x00, 0x00, 
0x00, 0x00, 0x00, 0x00, 0x00, 0x00, 0x00, 0x00, 0x00, 0x00, 0x00, 0x00, 
0x00, 0x00, 0x00, 0x00, 0x00, 0x00, 0x00, 0x00, 0x29, 0xBE, 0xC6, 0xB7, 
0x29, 0xBE, 0xC6, 0xFF, 0x29, 0xCC, 0xD1, 0xFF, 0x29, 0xCC, 0xD1, 0xFF, 
0x29, 0xCC, 0xD1, 0xFF, 0x29, 0xCC, 0xD1, 0xFF, 0x29, 0xCC, 0xD1, 0xFF, 
0x29, 0xCC, 0xD1, 0xFF, 0x29, 0xCC, 0xD1, 0xFF, 0x29, 0xCC, 0xD1, 0xFF, 
0x29, 0xCC, 0xD1, 0xFF, 0x29, 0xCC, 0xD1, 0xFF, 0x29, 0xCC, 0xD1, 0xFF, 
0x29, 0xCC, 0xD1, 0xFF, 0x29, 0xCC, 0xD1, 0xFF, 0x29, 0xCC, 0xD1, 0xFF, 
0x29, 0xCC, 0xD1, 0xFF, 0x29, 0xCC, 0xD1, 0xFF, 0x29, 0xCC, 0xD1, 0xFF, 
0x29, 0xCC, 0xD1, 0xFF, 0x29, 0xCC, 0xD1, 0xFF, 0x29, 0xCC, 0xD1, 0xFF, 
0x29, 0xCC, 0xD1, 0xFF, 0x29, 0xCC, 0xD1, 0xFF, 0x29, 0xCC, 0xD1, 0xFF, 
0x29, 0xCC, 0xD1, 0xFF, 0x29, 0xCC, 0xD1, 0xFF, 0x29, 0xCC, 0xD1, 0xFF, 
0x29, 0xCC, 0xD1, 0xFF, 0x29, 0xCC, 0xD1, 0xFF, 0x29, 0xCC, 0xD1, 0xFF, 
0x29, 0xCC, 0xD1, 0xFF, 0x29, 0xCC, 0xD1, 0xFF, 0x29, 0xCC, 0xD1, 0xFF, 
0x29, 0xCC, 0xD1, 0xFF, 0x29, 0xCC, 0xD1, 0xFF, 0x29, 0xCC, 0xD1, 0xFF, 
0x29, 0xCC, 0xD1, 0xFF, 0x29, 0xCB, 0xCE, 0xFF, 0x29, 0xCB, 0xCE, 0xFF, 
0x10, 0xA6, 0xA5, 0xFF, 0x10, 0xA6, 0xA5, 0xFF, 0x10, 0x9A, 0x9C, 0xFF, 
0x10, 0x9A, 0x9C, 0xB7, 0x00, 0x00, 0x00, 0x00, 0x00, 0x00, 0x00, 0x00, 
0x00, 0x00, 0x00, 0x00, 0x00, 0x00, 0x00, 0x00, 0x00, 0x00, 0x00, 0x00, 
0x00, 0x00, 0x00, 0x00, 0x00, 0x00, 0x00, 0x00, 0x00, 0x00, 0x00, 0x00, 
0x00, 0x00, 0x00, 0x00, 0x00, 0x00, 0x00, 0x00, 0x00, 0x00, 0x00, 0x00, 
0x00, 0x00, 0x00, 0x00, 0x00, 0x00, 0x00, 0x00, 0x00, 0x00, 0x00, 0x00, 
0x00, 0x00, 0x00, 0x00, 0x00, 0x00, 0x00, 0x00, 0x00, 0x00, 0x00, 0x00, 
0x00, 0x00, 0x00, 0x00, 0x00, 0x00, 0x00, 0x00, 0x00, 0x00, 0x00, 0x00, 
0x29, 0xBE, 0xC6, 0xB7, 0x29, 0xBE, 0xC6, 0xFF, 0x29, 0xCC, 0xD1, 0xFF, 
0x29, 0xCC, 0xD1, 0xFF, 0x29, 0xCC, 0xD1, 0xFF, 0x29, 0xCC, 0xD1, 0xFF, 
0x29, 0xCB, 0xCE, 0xFF, 0x29, 0xCB, 0xCE, 0xFF, 0x29, 0xCB, 0xCE, 0xFF, 
0x29, 0xCB, 0xCE, 0xFF, 0x29, 0xC7, 0xCE, 0xFF, 0x29, 0xC7, 0xCE, 0xFF, 
0x29, 0xC7, 0xCE, 0xFF, 0x29, 0xC7, 0xCE, 0xFF, 0x29, 0xCB, 0xCE, 0xFF, 
0x29, 0xCB, 0xCE, 0xFF, 0x29, 0xCB, 0xCE, 0xFF, 0x29, 0xCB, 0xCE, 0xFF, 
0x29, 0xCB, 0xCE, 0xFF, 0x29, 0xCB, 0xCE, 0xFF, 0x29, 0xCB, 0xCE, 0xFF, 
0x29, 0xCB, 0xCE, 0xFF, 0x29, 0xCC, 0xD1, 0xFF, 0x29, 0xCC, 0xD1, 0xFF, 
0x29, 0xCC, 0xD1, 0xFF, 0x29, 0xCC, 0xD1, 0xFF, 0x29, 0xCC, 0xD1, 0xFF, 
0x29, 0xCC, 0xD1, 0xFF, 0x29, 0xCC, 0xD1, 0xFF, 0x29, 0xCC, 0xD1, 0xFF, 
0x29, 0xCC, 0xD1, 0xFF, 0x29, 0xCC, 0xD1, 0xFF, 0x29, 0xCC, 0xD1, 0xFF, 
0x29, 0xCC, 0xD1, 0xFF, 0x29, 0xCC, 0xD1, 0xFF, 0x29, 0xCC, 0xD1, 0xFF, 
0x29, 0xCC, 0xD1, 0xFF, 0x29, 0xCC, 0xD1, 0xFF, 0x29, 0xCB, 0xCE, 0xFF, 
0x29, 0xCB, 0xCE, 0xFF, 0x10, 0xA6, 0xA5, 0xFF, 0x10, 0xA6, 0xA5, 0xFF, 
0x10, 0x9A, 0x9C, 0xFF, 0x10, 0x9A, 0x9C, 0xB7, 0x00, 0x00, 0x00, 0x00, 
0x00, 0x00, 0x00, 0x00, 0x00, 0x00, 0x00, 0x00, 0x00, 0x00, 0x00, 0x00, 
0x00, 0x00, 0x00, 0x00, 0x00, 0x00, 0x00, 0x00, 0x00, 0x00, 0x00, 0x00, 
0x00, 0x00, 0x00, 0x00, 0x00, 0x00, 0x00, 0x00, 0x00, 0x00, 0x00, 0x00, 
0x00, 0x00, 0x00, 0x00, 0x00, 0x00, 0x00, 0x00, 0x00, 0x00, 0x00, 0x00, 
0x00, 0x00, 0x00, 0x00, 0x00, 0x00, 0x00, 0x00, 0x00, 0x00, 0x00, 0x00, 
0x00, 0x00, 0x00, 0x00, 0x00, 0x00, 0x00, 0x00, 0x00, 0x00, 0x00, 0x00, 
0x00, 0x00, 0x00, 0x00, 0x29, 0xBE, 0xC6, 0xB7, 0x29, 0xBE, 0xC6, 0xFF, 
0x29, 0xCC, 0xD1, 0xFF, 0x29, 0xCC, 0xD1, 0xFF, 0x29, 0xCC, 0xD1, 0xFF, 
0x29, 0xCC, 0xD1, 0xFF, 0x29, 0xCB, 0xCE, 0xFF, 0x29, 0xCB, 0xCE, 0xFF, 
0x1B, 0x93, 0x94, 0xFF, 0x0D, 0x50, 0x5A, 0xFF, 0x0D, 0x54, 0x60, 0xFF, 
0x0D, 0x54, 0x60, 0xFF, 0x0D, 0x54, 0x60, 0xFF, 0x0D, 0x54, 0x60, 0xFF, 
0x0D, 0x56, 0x5A, 0xFF, 0x0D, 0x56, 0x5A, 0xFF, 0x0D, 0x56, 0x5A, 0xFF, 
0x1B, 0x95, 0x94, 0xFF, 0x29, 0xCB, 0xCE, 0xFF, 0x29, 0xCB, 0xCE, 0xFF, 
0x29, 0xCB, 0xCE, 0xFF, 0x29, 0xCB, 0xCE, 0xFF, 0x29, 0xCC, 0xD1, 0xFF, 
0x29, 0xCC, 0xD1, 0xFF, 0x29, 0xCC, 0xD1, 0xFF, 0x29, 0xCC, 0xD1, 0xFF, 
0x29, 0xCC, 0xD1, 0xFF, 0x29, 0xCC, 0xD1, 0xFF, 0x29, 0xCC, 0xD1, 0xFF, 
0x29, 0xCC, 0xD1, 0xFF, 0x29, 0xCC, 0xD1, 0xFF, 0x29, 0xCC, 0xD1, 0xFF, 
0x29, 0xCC, 0xD1, 0xFF, 0x29, 0xCC, 0xD1, 0xFF, 0x29, 0xCC, 0xD1, 0xFF, 
0x29, 0xCC, 0xD1, 0xFF, 0x29, 0xCC, 0xD1, 0xFF, 0x29, 0xCC, 0xD1, 0xFF, 
0x29, 0xCB, 0xCE, 0xFF, 0x29, 0xCB, 0xCE, 0xFF, 0x10, 0xA6, 0xA5, 0xFF, 
0x10, 0xA6, 0xA5, 0xFF, 0x10, 0x9A, 0x9C, 0xFF, 0x10, 0x9A, 0x9C, 0xB7, 
0x00, 0x00, 0x00, 0x00, 0x00, 0x00, 0x00, 0x00, 0x00, 0x00, 0x00, 0x00, 
0x00, 0x00, 0x00, 0x00, 0x00, 0x00, 0x00, 0x00, 0x00, 0x00, 0x00, 0x00, 
0x00, 0x00, 0x00, 0x00, 0x00, 0x00, 0x00, 0x00, 0x00, 0x00, 0x00, 0x00, 
0x00, 0x00, 0x00, 0x00, 0x00, 0x00, 0x00, 0x00, 0x00, 0x00, 0x00, 0x00, 
0x00, 0x00, 0x00, 0x00, 0x00, 0x00, 0x00, 0x00, 0x00, 0x00, 0x00, 0x00, 
0x00, 0x00, 0x00, 0x00, 0x00, 0x00, 0x00, 0x00, 0x00, 0x00, 0x00, 0x00, 
0x00, 0x00, 0x00, 0x00, 0x00, 0x00, 0x00, 0x00, 0x29, 0xBE, 0xC6, 0xB7, 
0x29, 0xBE, 0xC6, 0xFF, 0x29, 0xCC, 0xD1, 0xFF, 0x29, 0xCC, 0xD1, 0xFF, 
0x29, 0xCC, 0xD1, 0xFF, 0x29, 0xCC, 0xD1, 0xFF, 0x29, 0xCB, 0xCE, 0xFF, 
0x1B, 0x93, 0x94, 0xFF, 0x00, 0x18, 0x21, 0xFF, 0x00, 0x18, 0x21, 0xFF, 
0x00, 0x20, 0x29, 0xFF, 0x00, 0x20, 0x29, 0xFF, 0x00, 0x20, 0x29, 0xFF, 
0x00, 0x20, 0x29, 0xFF, 0x00, 0x20, 0x21, 0xFF, 0x00, 0x20, 0x21, 0xFF, 
0x00, 0x20, 0x21, 0xFF, 0x00, 0x20, 0x21, 0xFF, 0x10, 0x75, 0x7B, 0xFF, 
0x29, 0xCB, 0xCE, 0xFF, 0x29, 0xCB, 0xCE, 0xFF, 0x29, 0xCB, 0xCE, 0xFF, 
0x29, 0xCC, 0xD1, 0xFF, 0x29, 0xCC, 0xD1, 0xFF, 0x29, 0xCC, 0xD1, 0xFF, 
0x29, 0xCC, 0xD1, 0xFF, 0x29, 0xCC, 0xD1, 0xFF, 0x29, 0xCC, 0xD1, 0xFF, 
0x29, 0xCC, 0xD1, 0xFF, 0x29, 0xCC, 0xD1, 0xFF, 0x29, 0xCC, 0xD1, 0xFF, 
0x29, 0xCC, 0xD1, 0xFF, 0x29, 0xCC, 0xD1, 0xFF, 0x29, 0xCC, 0xD1, 0xFF, 
0x29, 0xCC, 0xD1, 0xFF, 0x29, 0xCC, 0xD1, 0xFF, 0x29, 0xCC, 0xD1, 0xFF, 
0x29, 0xCC, 0xD1, 0xFF, 0x29, 0xCB, 0xCE, 0xFF, 0x29, 0xCB, 0xCE, 0xFF, 
0x10, 0xA6, 0xA5, 0xFF, 0x10, 0xA6, 0xA5, 0xFF, 0x10, 0x9A, 0x9C, 0xFF, 
0x10, 0x9A, 0x9C, 0xB7, 0x00, 0x00, 0x00, 0x00, 0x00, 0x00, 0x00, 0x00, 
0x00, 0x00, 0x00, 0x00, 0x00, 0x00, 0x00, 0x00, 0x00, 0x00, 0x00, 0x00, 
0x00, 0x00, 0x00, 0x00, 0x00, 0x00, 0x00, 0x00, 0x00, 0x00, 0x00, 0x00, 
0x00, 0x00, 0x00, 0x00, 0x00, 0x00, 0x00, 0x00, 0x00, 0x00, 0x00, 0x00, 
0x00, 0x00, 0x00, 0x00, 0x00, 0x00, 0x00, 0x00, 0x00, 0x00, 0x00, 0x00, 
0x00, 0x00, 0x00, 0x00, 0x00, 0x00, 0x00, 0x00, 0x00, 0x00, 0x00, 0x00, 
0x00, 0x00, 0x00, 0x00, 0x00, 0x00, 0x00, 0x00, 0x00, 0x00, 0x00, 0x00, 
0x29, 0xBE, 0xC6, 0xB7, 0x29, 0xBE, 0xC6, 0xFF, 0x29, 0xCC, 0xD1, 0xFF, 
0x29, 0xCC, 0xD1, 0xFF, 0x29, 0xCC, 0xD1, 0xFF, 0x29, 0xCC, 0xD1, 0xFF, 
0x29, 0xCB, 0xCE, 0xFF, 0x1B, 0x93, 0x94, 0xFF, 0x00, 0x18, 0x21, 0xFF, 
0x0D, 0x50, 0x5A, 0xFF, 0x1B, 0x93, 0x97, 0xFF, 0x1B, 0x93, 0x97, 0xFF, 
0x1B, 0x93, 0x97, 0xFF, 0x1B, 0x93, 0x97, 0xFF, 0x1B, 0x95, 0x94, 0xFF, 
0x1B, 0x95, 0x94, 0xFF, 0x0D, 0x56, 0x5A, 0xFF, 0x00, 0x20, 0x21, 0xFF, 
0x10, 0x75, 0x7B, 0xFF, 0x29, 0xCB, 0xCE, 0xFF, 0x29, 0xCB, 0xCE, 0xFF, 
0x29, 0xCB, 0xCE, 0xFF, 0x29, 0xCC, 0xD1, 0xFF, 0x29, 0xCC, 0xD1, 0xFF, 
0x29, 0xCC, 0xD1, 0xFF, 0x29, 0xCC, 0xD1, 0xFF, 0x29, 0xCC, 0xD1, 0xFF, 
0x29, 0xCC, 0xD1, 0xFF, 0x29, 0xCC, 0xD1, 0xFF, 0x29, 0xCC, 0xD1, 0xFF, 
0x29, 0xCC, 0xD1, 0xFF, 0x29, 0xCC, 0xD1, 0xFF, 0x29, 0xCC, 0xD1, 0xFF, 
0x29, 0xCC, 0xD1, 0xFF, 0x29, 0xCC, 0xD1, 0xFF, 0x29, 0xCC, 0xD1, 0xFF, 
0x29, 0xCC, 0xD1, 0xFF, 0x29, 0xCC, 0xD1, 0xFF, 0x29, 0xCB, 0xCE, 0xFF, 
0x29, 0xCB, 0xCE, 0xFF, 0x10, 0xA6, 0xA5, 0xFF, 0x10, 0xA6, 0xA5, 0xFF, 
0x10, 0x9A, 0x9C, 0xFF, 0x10, 0x9A, 0x9C, 0xB7, 0x00, 0x00, 0x00, 0x00, 
0x00, 0x00, 0x00, 0x00, 0x00, 0x00, 0x00, 0x00, 0x00, 0x00, 0x00, 0x00, 
0x00, 0x00, 0x00, 0x00, 0x00, 0x00, 0x00, 0x00, 0x00, 0x00, 0x00, 0x00, 
0x00, 0x00, 0x00, 0x00, 0x00, 0x00, 0x00, 0x00, 0x00, 0x00, 0x00, 0x00, 
0x00, 0x00, 0x00, 0x00, 0x00, 0x00, 0x00, 0x00, 0x00, 0x00, 0x00, 0x00, 
0x00, 0x00, 0x00, 0x00, 0x00, 0x00, 0x00, 0x00, 0x00, 0x00, 0x00, 0x00, 
0x00, 0x00, 0x00, 0x00, 0x00, 0x00, 0x00, 0x00, 0x00, 0x00, 0x00, 0x00, 
0x00, 0x00, 0x00, 0x00, 0x29, 0xBE, 0xC6, 0xB7, 0x29, 0xBE, 0xC6, 0xFF, 
0x29, 0xCC, 0xD1, 0xFF, 0x29, 0xCC, 0xD1, 0xFF, 0x29, 0xCC, 0xD1, 0xFF, 
0x29, 0xCC, 0xD1, 0xFF, 0x29, 0xCF, 0xCE, 0xFF, 0x1B, 0x97, 0x94, 0xFF, 
0x00, 0x1C, 0x21, 0xFF, 0x0D, 0x54, 0x5A, 0xFF, 0x29, 0xCC, 0xD1, 0xFF, 
0x29, 0xCC, 0xD1, 0xFF, 0x29, 0xCC, 0xD1, 0xFF, 0x29, 0xCC, 0xD1, 0xFF, 
0x29, 0xCB, 0xCE, 0xFF, 0x29, 0xCB, 0xCE, 0xFF, 0x1B, 0x93, 0x94, 0xFF, 
0x00, 0x18, 0x21, 0xFF, 0x10, 0x6D, 0x73, 0xFF, 0x29, 0xCB, 0xCE, 0xFF, 
0x29, 0xCB, 0xCE, 0xFF, 0x29, 0xCB, 0xCE, 0xFF, 0x29, 0xCB, 0xCE, 0xFF, 
0x29, 0xCB, 0xCE, 0xFF, 0x29, 0xCB, 0xCE, 0xFF, 0x29, 0xCB, 0xCE, 0xFF, 
0x31, 0xD3, 0xD6, 0xFF, 0x31, 0xD3, 0xD6, 0xFF, 0x31, 0xD3, 0xD6, 0xFF, 
0x31, 0xD3, 0xD6, 0xFF, 0x29, 0xCF, 0xD6, 0xFF, 0x29, 0xCF, 0xD6, 0xFF, 
0x29, 0xCF, 0xD6, 0xFF, 0x29, 0xCF, 0xD6, 0xFF, 0x29, 0xCB, 0xCE, 0xFF, 
0x29, 0xCB, 0xCE, 0xFF, 0x29, 0xCB, 0xCE, 0xFF, 0x29, 0xCB, 0xCE, 0xFF, 
0x29, 0xCB, 0xCE, 0xFF, 0x29, 0xCB, 0xCE, 0xFF, 0x10, 0xA6, 0xA5, 0xFF, 
0x10, 0xA6, 0xA5, 0xFF, 0x10, 0x9A, 0x9C, 0xFF, 0x10, 0x9A, 0x9C, 0xB7, 
0x00, 0x00, 0x00, 0x00, 0x00, 0x00, 0x00, 0x00, 0x00, 0x00, 0x00, 0x00, 
0x00, 0x00, 0x00, 0x00, 0x00, 0x00, 0x00, 0x00, 0x00, 0x00, 0x00, 0x00, 
0x00, 0x00, 0x00, 0x00, 0x00, 0x00, 0x00, 0x00, 0x00, 0x00, 0x00, 0x00, 
0x00, 0x00, 0x00, 0x00, 0x00, 0x00, 0x00, 0x00, 0x00, 0x00, 0x00, 0x00, 
0x00, 0x00, 0x00, 0x00, 0x00, 0x00, 0x00, 0x00, 0x00, 0x00, 0x00, 0x00, 
0x00, 0x00, 0x00, 0x00, 0x00, 0x00, 0x00, 0x00, 0x00, 0x00, 0x00, 0x00, 
0x00, 0x00, 0x00, 0x00, 0x00, 0x00, 0x00, 0x00, 0x29, 0xBE, 0xC6, 0xB7, 
0x29, 0xBE, 0xC6, 0xFF, 0x29, 0xCC, 0xD1, 0xFF, 0x29, 0xCC, 0xD1, 0xFF, 
0x29, 0xCC, 0xD1, 0xFF, 0x29, 0xCC, 0xD1, 0xFF, 0x29, 0xCF, 0xCE, 0xFF, 
0x1B, 0x97, 0x94, 0xFF, 0x00, 0x1C, 0x21, 0xFF, 0x0D, 0x54, 0x5A, 0xFF, 
0x29, 0xCC, 0xD1, 0xFF, 0x29, 0xCC, 0xD1, 0xFF, 0x29, 0xCC, 0xD1, 0xFF, 
0x29, 0xCC, 0xD1, 0xFF, 0x29, 0xCB, 0xCE, 0xFF, 0x29, 0xCB, 0xCE, 0xFF, 
0x1B, 0x93, 0x94, 0xFF, 0x00, 0x18, 0x21, 0xFF, 0x10, 0x6D, 0x73, 0xFF, 
0x29, 0xCB, 0xCE, 0xFF, 0x29, 0xCB, 0xCE, 0xFF, 0x29, 0xCB, 0xCE, 0xFF, 
0x29, 0xCB, 0xCE, 0xFF, 0x29, 0xCB, 0xCE, 0xFF, 0x29, 0xCB, 0xCE, 0xFF, 
0x29, 0xCB, 0xCE, 0xFF, 0x23, 0x9A, 0x9A, 0xFF, 0x23, 0x9A, 0x9A, 0xFF, 
0x23, 0x9A, 0x9A, 0xFF, 0x23, 0x9A, 0x9A, 0xFF, 0x1B, 0x97, 0x9A, 0xFF, 
0x1B, 0x97, 0x9A, 0xFF, 0x1B, 0x97, 0x9A, 0xFF, 0x1B, 0x97, 0x9A, 0xFF, 
0x29, 0xCB, 0xCE, 0xFF, 0x29, 0xCB, 0xCE, 0xFF, 0x29, 0xCB, 0xCE, 0xFF, 
0x29, 0xCB, 0xCE, 0xFF, 0x29, 0xCB, 0xCE, 0xFF, 0x29, 0xCB, 0xCE, 0xFF, 
0x10, 0xA6, 0xA5, 0xFF, 0x10, 0xA6, 0xA5, 0xFF, 0x10, 0x9A, 0x9C, 0xFF, 
0x10, 0x9A, 0x9C, 0xB7, 0x00, 0x00, 0x00, 0x00, 0x00, 0x00, 0x00, 0x00, 
0x00, 0x00, 0x00, 0x00, 0x00, 0x00, 0x00, 0x00, 0x00, 0x00, 0x00, 0x00, 
0x00, 0x00, 0x00, 0x00, 0x00, 0x00, 0x00, 0x00, 0x00, 0x00, 0x00, 0x00, 
0x00, 0x00, 0x00, 0x00, 0x00, 0x00, 0x00, 0x00, 0x00, 0x00, 0x00, 0x00, 
0x00, 0x00, 0x00, 0x00, 0x00, 0x00, 0x00, 0x00, 0x00, 0x00, 0x00, 0x00, 
0x00, 0x00, 0x00, 0x00, 0x00, 0x00, 0x00, 0x00, 0x00, 0x00, 0x00, 0x00, 
0x00, 0x00, 0x00, 0x00, 0x00, 0x00, 0x00, 0x00, 0x00, 0x00, 0x00, 0x00, 
0x29, 0xBE, 0xC6, 0xB7, 0x29, 0xBE, 0xC6, 0xFF, 0x29, 0xCC, 0xD1, 0xFF, 
0x29, 0xCC, 0xD1, 0xFF, 0x29, 0xCC, 0xD1, 0xFF, 0x29, 0xCC, 0xD1, 0xFF, 
0x29, 0xCF, 0xCE, 0xFF, 0x1B, 0x97, 0x94, 0xFF, 0x00, 0x1C, 0x21, 0xFF, 
0x0D, 0x54, 0x5A, 0xFF, 0x29, 0xCC, 0xD1, 0xFF, 0x29, 0xCC, 0xD1, 0xFF, 
0x29, 0xCC, 0xD1, 0xFF, 0x29, 0xCC, 0xD1, 0xFF, 0x29, 0xCB, 0xCE, 0xFF, 
0x29, 0xCB, 0xCE, 0xFF, 0x1B, 0x93, 0x94, 0xFF, 0x00, 0x18, 0x21, 0xFF, 
0x10, 0x6D, 0x73, 0xFF, 0x29, 0xCB, 0xCE, 0xFF, 0x29, 0xCB, 0xCE, 0xFF, 
0x29, 0xCB, 0xCE, 0xFF, 0x29, 0xCB, 0xCE, 0xFF, 0x29, 0xCB, 0xCE, 0xFF, 
0x29, 0xCB, 0xCE, 0xFF, 0x1E, 0x95, 0x9C, 0xFF, 0x08, 0x1C, 0x21, 0xFF, 
0x08, 0x1C, 0x21, 0xFF, 0x08, 0x1C, 0x21, 0xFF, 0x08, 0x1C, 0x21, 0xFF, 
0x00, 0x1C, 0x21, 0xFF, 0x00, 0x1C, 0x21, 0xFF, 0x00, 0x1C, 0x21, 0xFF, 
0x00, 0x1C, 0x21, 0xFF, 0x1E, 0x9C, 0xA2, 0xFF, 0x29, 0xCB, 0xCE, 0xFF, 
0x29, 0xCB, 0xCE, 0xFF, 0x29, 0xCB, 0xCE, 0xFF, 0x29, 0xCB, 0xCE, 0xFF, 
0x29, 0xCB, 0xCE, 0xFF, 0x10, 0xA6, 0xA5, 0xFF, 0x10, 0xA6, 0xA5, 0xFF, 
0x10, 0x9A, 0x9C, 0xFF, 0x10, 0x9A, 0x9C, 0xB7, 0x00, 0x00, 0x00, 0x00, 
0x00, 0x00, 0x00, 0x00, 0x00, 0x00, 0x00, 0x00, 0x00, 0x00, 0x00, 0x00, 
0x00, 0x00, 0x00, 0x00, 0x00, 0x00, 0x00, 0x00, 0x00, 0x00, 0x00, 0x00, 
0x00, 0x00, 0x00, 0x00, 0x00, 0x00, 0x00, 0x00, 0x00, 0x00, 0x00, 0x00, 
0x00, 0x00, 0x00, 0x00, 0x00, 0x00, 0x00, 0x00, 0x00, 0x00, 0x00, 0x00, 
0x00, 0x00, 0x00, 0x00, 0x00, 0x00, 0x00, 0x00, 0x00, 0x00, 0x00, 0x00, 
0x00, 0x00, 0x00, 0x00, 0x00, 0x00, 0x00, 0x00, 0x00, 0x00, 0x00, 0x00, 
0x00, 0x00, 0x00, 0x00, 0x29, 0xBE, 0xC6, 0xB7, 0x29, 0xBE, 0xC6, 0xFF, 
0x29, 0xCC, 0xD1, 0xFF, 0x29, 0xCC, 0xD1, 0xFF, 0x29, 0xCC, 0xD1, 0xFF, 
0x29, 0xCC, 0xD1, 0xFF, 0x29, 0xCF, 0xCE, 0xFF, 0x1B, 0x97, 0x94, 0xFF, 
0x00, 0x1C, 0x21, 0xFF, 0x0D, 0x54, 0x5A, 0xFF, 0x29, 0xCC, 0xD1, 0xFF, 
0x29, 0xCC, 0xD1, 0xFF, 0x29, 0xCC, 0xD1, 0xFF, 0x29, 0xCC, 0xD1, 0xFF, 
0x29, 0xCB, 0xCE, 0xFF, 0x29, 0xCB, 0xCE, 0xFF, 0x1B, 0x93, 0x94, 0xFF, 
0x00, 0x18, 0x21, 0xFF, 0x10, 0x6D, 0x73, 0xFF, 0x29, 0xCB, 0xCE, 0xFF, 
0x29, 0xCB, 0xCE, 0xFF, 0x29, 0xCB, 0xCE, 0xFF, 0x29, 0xCB, 0xCE, 0xFF, 
0x29, 0xCB, 0xCE, 0xFF, 0x29, 0xCB, 0xCE, 0xFF, 0x18, 0x7D, 0x84, 0xFF, 
0x08, 0x1C, 0x21, 0xFF, 0x08, 0x1C, 0x21, 0xFF, 0x08, 0x1C, 0x21, 0xFF, 
0x16, 0x55, 0x5D, 0xFF, 0x00, 0x1C, 0x21, 0xFF, 0x00, 0x1C, 0x21, 0xFF, 
0x00, 0x1C, 0x21, 0xFF, 0x00, 0x1C, 0x21, 0xFF, 0x18, 0x86, 0x8C, 0xFF, 
0x29, 0xCB, 0xCE, 0xFF, 0x29, 0xCB, 0xCE, 0xFF, 0x29, 0xCB, 0xCE, 0xFF, 
0x29, 0xCB, 0xCE, 0xFF, 0x29, 0xCB, 0xCE, 0xFF, 0x10, 0xA6, 0xA5, 0xFF, 
0x10, 0xA6, 0xA5, 0xFF, 0x10, 0x9A, 0x9C, 0xFF, 0x10, 0x9A, 0x9C, 0xB7, 
0x00, 0x00, 0x00, 0x00, 0x00, 0x00, 0x00, 0x00, 0x00, 0x00, 0x00, 0x00, 
0x00, 0x00, 0x00, 0x00, 0x00, 0x00, 0x00, 0x00, 0x00, 0x00, 0x00, 0x00, 
0x00, 0x00, 0x00, 0x00, 0x00, 0x00, 0x00, 0x00, 0x00, 0x00, 0x00, 0x00, 
0x00, 0x00, 0x00, 0x00, 0x00, 0x00, 0x00, 0x00, 0x00, 0x00, 0x00, 0x00, 
0x00, 0x00, 0x00, 0x00, 0x00, 0x00, 0x00, 0x00, 0x00, 0x00, 0x00, 0x00, 
0x00, 0x00, 0x00, 0x00, 0x00, 0x00, 0x00, 0x00, 0x00, 0x00, 0x00, 0x00, 
0x00, 0x00, 0x00, 0x00, 0x00, 0x00, 0x00, 0x00, 0x29, 0xBE, 0xC6, 0xB7, 
0x29, 0xBE, 0xC6, 0xFF, 0x29, 0xCC, 0xD1, 0xFF, 0x29, 0xCC, 0xD1, 0xFF, 
0x29, 0xCC, 0xD1, 0xFF, 0x29, 0xCC, 0xD1, 0xFF, 0x29, 0xCF, 0xCE, 0xFF, 
0x1B, 0x98, 0x94, 0xFF, 0x00, 0x20, 0x21, 0xFF, 0x0D, 0x57, 0x5A, 0xFF, 
0x29, 0xC7, 0xC6, 0xFF, 0x29, 0xC7, 0xC6, 0xFF, 0x29, 0xC7, 0xC6, 0xFF, 
0x29, 0xC7, 0xC6, 0xFF, 0x29, 0xC3, 0xC6, 0xFF, 0x29, 0xC3, 0xC6, 0xFF, 
0x1B, 0x8D, 0x8F, 0xFF, 0x00, 0x18, 0x21, 0xFF, 0x10, 0x6D, 0x6B, 0xFF, 
0x29, 0xCB, 0xCE, 0xFF, 0x29, 0xCB, 0xCE, 0xFF, 0x29, 0xCB, 0xCE, 0xFF, 
0x29, 0xCB, 0xCE, 0xFF, 0x29, 0xCB, 0xCE, 0xFF, 0x29, 0xCB, 0xCE, 0xFF, 
0x18, 0x82, 0x84, 0xFF, 0x00, 0x18, 0x21, 0xFF, 0x00, 0x18, 0x21, 0xFF, 
0x00, 0x18, 0x21, 0xFF, 0x9F, 0x8A, 0x42, 0xFF, 0x58, 0x55, 0x34, 0xFF, 
0x08, 0x1C, 0x21, 0xFF, 0x08, 0x1C, 0x21, 0xFF, 0x08, 0x1C, 0x21, 0xFF, 
0x18, 0x86, 0x8C, 0xFF, 0x29, 0xCB, 0xCE, 0xFF, 0x29, 0xCB, 0xCE, 0xFF, 
0x29, 0xCB, 0xCE, 0xFF, 0x29, 0xCB, 0xCE, 0xFF, 0x29, 0xCB, 0xCE, 0xFF, 
0x10, 0xA6, 0xA5, 0xFF, 0x10, 0xA6, 0xA5, 0xFF, 0x10, 0x9A, 0x9C, 0xFF, 
0x10, 0x9A, 0x9C, 0xB7, 0x00, 0x00, 0x00, 0x00, 0x00, 0x00, 0x00, 0x00, 
0x00, 0x00, 0x00, 0x00, 0x00, 0x00, 0x00, 0x00, 0x00, 0x00, 0x00, 0x00, 
0x00, 0x00, 0x00, 0x00, 0x00, 0x00, 0x00, 0x00, 0x00, 0x00, 0x00, 0x00, 
0x00, 0x00, 0x00, 0x00, 0x00, 0x00, 0x00, 0x00, 0x00, 0x00, 0x00, 0x00, 
0x00, 0x00, 0x00, 0x00, 0x00, 0x00, 0x00, 0x00, 0x00, 0x00, 0x00, 0x00, 
0x00, 0x00, 0x00, 0x00, 0x00, 0x00, 0x00, 0x00, 0x00, 0x00, 0x00, 0x00, 
0x00, 0x00, 0x00, 0x00, 0x00, 0x00, 0x00, 0x00, 0x00, 0x00, 0x00, 0x00, 
0x29, 0xBE, 0xC6, 0xB7, 0x29, 0xBE, 0xC6, 0xFF, 0x29, 0xCC, 0xD1, 0xFF, 
0x29, 0xCC, 0xD1, 0xFF, 0x29, 0xCC, 0xD1, 0xFF, 0x29, 0xCC, 0xD1, 0xFF, 
0x29, 0xCF, 0xCE, 0xFF, 0x1B, 0x98, 0x94, 0xFF, 0x00, 0x20, 0x21, 0xFF, 
0x0D, 0x57, 0x5A, 0xFF, 0x29, 0xC7, 0xC6, 0xFF, 0x29, 0xC7, 0xC6, 0xFF, 
0x29, 0xC7, 0xC6, 0xFF, 0x29, 0xC7, 0xC6, 0xFF, 0x29, 0xC3, 0xC6, 0xFF, 
0x29, 0xC3, 0xC6, 0xFF, 0x1B, 0x8D, 0x8F, 0xFF, 0x00, 0x18, 0x21, 0xFF, 
0x10, 0x6D, 0x6B, 0xFF, 0x29, 0xCB, 0xCE, 0xFF, 0x29, 0xCB, 0xCE, 0xFF, 
0x29, 0xCB, 0xCE, 0xFF, 0x29, 0xCB, 0xCE, 0xFF, 0x29, 0xCB, 0xCE, 0xFF, 
0x29, 0xCB, 0xCE, 0xFF, 0x18, 0x82, 0x84, 0xFF, 0x00, 0x18, 0x21, 0xFF, 
0x00, 0x18, 0x21, 0xFF, 0x00, 0x18, 0x21, 0xFF, 0x9F, 0x8A, 0x42, 0xFF, 
0xF7, 0xD3, 0x5A, 0xFF, 0x08, 0x1C, 0x21, 0xFF, 0x08, 0x1C, 0x21, 0xFF, 
0x08, 0x1C, 0x21, 0xFF, 0x18, 0x86, 0x8C, 0xFF, 0x29, 0xCB, 0xCE, 0xFF, 
0x29, 0xCB, 0xCE, 0xFF, 0x29, 0xCB, 0xCE, 0xFF, 0x29, 0xCB, 0xCE, 0xFF, 
0x29, 0xCB, 0xCE, 0xFF, 0x10, 0xA6, 0xA5, 0xFF, 0x10, 0xA6, 0xA5, 0xFF, 
0x10, 0x9A, 0x9C, 0xFF, 0x10, 0x9A, 0x9C, 0xB7, 0x00, 0x00, 0x00, 0x00, 
0x00, 0x00, 0x00, 0x00, 0x00, 0x00, 0x00, 0x00, 0x00, 0x00, 0x00, 0x00, 
0x00, 0x00, 0x00, 0x00, 0x00, 0x00, 0x00, 0x00, 0x00, 0x00, 0x00, 0x00, 
0x00, 0x00, 0x00, 0x00, 0x00, 0x00, 0x00, 0x00, 0x00, 0x00, 0x00, 0x00, 
0x00, 0x00, 0x00, 0x00, 0x00, 0x00, 0x00, 0x00, 0x00, 0x00, 0x00, 0x00, 
0x00, 0x00, 0x00, 0x00, 0x00, 0x00, 0x00, 0x00, 0x00, 0x00, 0x00, 0x00, 
0x00, 0x00, 0x00, 0x00, 0x00, 0x00, 0x00, 0x00, 0x00, 0x00, 0x00, 0x00, 
0x00, 0x00, 0x00, 0x00, 0x29, 0xBE, 0xC6, 0xB7, 0x29, 0xBE, 0xC6, 0xFF, 
0x29, 0xCC, 0xD1, 0xFF, 0x29, 0xCC, 0xD1, 0xFF, 0x29, 0xCC, 0xD1, 0xFF, 
0x29, 0xCC, 0xD1, 0xFF, 0x29, 0xCF, 0xCE, 0xFF, 0x1B, 0x98, 0x94, 0xFF, 
0x00, 0x20, 0x21, 0xFF, 0x00, 0x20, 0x21, 0xFF, 0x1B, 0x8F, 0x8C, 0xFF, 
0x1B, 0x8F, 0x8C, 0xFF, 0x1B, 0x8F, 0x8C, 0xFF, 0x1B, 0x8F, 0x8C, 0xFF, 
0x1B, 0x8D, 0x8F, 0xFF, 0x1B, 0x8D, 0x8F, 0xFF, 0x0D, 0x4E, 0x58, 0xFF, 
0x00, 0x18, 0x21, 0xFF, 0x10, 0x6D, 0x6B, 0xFF, 0x29, 0xCB, 0xCE, 0xFF, 
0x29, 0xCB, 0xCE, 0xFF, 0x29, 0xCB, 0xCE, 0xFF, 0x29, 0xCB, 0xCE, 0xFF, 
0x29, 0xCB, 0xCE, 0xFF, 0x29, 0xCB, 0xCE, 0xFF, 0x18, 0x82, 0x84, 0xFF, 
0x00, 0x18, 0x21, 0xFF, 0x4F, 0x4C, 0x31, 0xFF, 0xEF, 0xBE, 0x52, 0xFF, 
0xEF, 0xBE, 0x52, 0xFF, 0xF7, 0xD3, 0x5A, 0xFF, 0xA7, 0x9A, 0x47, 0xFF, 
0x08, 0x1C, 0x21, 0xFF, 0x08, 0x1C, 0x21, 0xFF, 0x18, 0x86, 0x8C, 0xFF, 
0x29, 0xCB, 0xCE, 0xFF, 0x29, 0xCB, 0xCE, 0xFF, 0x29, 0xCB, 0xCE, 0xFF, 
0x29, 0xCB, 0xCE, 0xFF, 0x29, 0xCB, 0xCE, 0xFF, 0x10, 0xA6, 0xA5, 0xFF, 
0x10, 0xA6, 0xA5, 0xFF, 0x10, 0x9A, 0x9C, 0xFF, 0x10, 0x9A, 0x9C, 0xB7, 
0x00, 0x00, 0x00, 0x00, 0x00, 0x00, 0x00, 0x00, 0x00, 0x00, 0x00, 0x00, 
0x00, 0x00, 0x00, 0x00, 0x00, 0x00, 0x00, 0x00, 0x00, 0x00, 0x00, 0x00, 
0x00, 0x00, 0x00, 0x00, 0x00, 0x00, 0x00, 0x00, 0x00, 0x00, 0x00, 0x00, 
0x00, 0x00, 0x00, 0x00, 0x00, 0x00, 0x00, 0x00, 0x00, 0x00, 0x00, 0x00, 
0x00, 0x00, 0x00, 0x00, 0x00, 0x00, 0x00, 0x00, 0x00, 0x00, 0x00, 0x00, 
0x00, 0x00, 0x00, 0x00, 0x00, 0x00, 0x00, 0x00, 0x00, 0x00, 0x00, 0x00, 
0x00, 0x00, 0x00, 0x00, 0x00, 0x00, 0x00, 0x00, 0x29, 0xBE, 0xC6, 0xB7, 
0x29, 0xBE, 0xC6, 0xFF, 0x29, 0xCC, 0xD1, 0xFF, 0x29, 0xCC, 0xD1, 0xFF, 
0x29, 0xCC, 0xD1, 0xFF, 0x29, 0xCC, 0xD1, 0xFF, 0x29, 0xCF, 0xCE, 0xFF, 
0x1B, 0x98, 0x94, 0xFF, 0x00, 0x20, 0x21, 0xFF, 0x00, 0x20, 0x21, 0xFF, 
0x00, 0x14, 0x18, 0xFF, 0x00, 0x14, 0x18, 0xFF, 0x00, 0x14, 0x18, 0xFF, 
0x00, 0x14, 0x18, 0xFF, 0x00, 0x18, 0x21, 0xFF, 0x00, 0x18, 0x21, 0xFF, 
0x00, 0x18, 0x21, 0xFF, 0x00, 0x18, 0x21, 0xFF, 0x18, 0x8A, 0x8C, 0xFF, 
0x29, 0xCB, 0xCE, 0xFF, 0x29, 0xCB, 0xCE, 0xFF, 0x29, 0xCB, 0xCE, 0xFF, 
0x29, 0xCB, 0xCE, 0xFF, 0x29, 0xCB, 0xCE, 0xFF, 0x29, 0xCB, 0xCE, 0xFF, 
0x18, 0x82, 0x84, 0xFF, 0x00, 0x18, 0x21, 0xFF, 0x00, 0x18, 0x21, 0xFF, 
0x4F, 0x4C, 0x31, 0xFF, 0xEF, 0xBE, 0x52, 0xFF, 0xA7, 0x9A, 0x47, 0xFF, 
0xA7, 0x9A, 0x47, 0xFF, 0x08, 0x1C, 0x21, 0xFF, 0x08, 0x1C, 0x21, 0xFF, 
0x18, 0x86, 0x8C, 0xFF, 0x29, 0xCB, 0xCE, 0xFF, 0x29, 0xCB, 0xCE, 0xFF, 
0x29, 0xCB, 0xCE, 0xFF, 0x29, 0xCB, 0xCE, 0xFF, 0x29, 0xCB, 0xCE, 0xFF, 
0x10, 0xA6, 0xA5, 0xFF, 0x10, 0xA6, 0xA5, 0xFF, 0x10, 0x9A, 0x9C, 0xFF, 
0x10, 0x9A, 0x9C, 0xB7, 0x00, 0x00, 0x00, 0x00, 0x00, 0x00, 0x00, 0x00, 
0x00, 0x00, 0x00, 0x00, 0x00, 0x00, 0x00, 0x00, 0x00, 0x00, 0x00, 0x00, 
0x00, 0x00, 0x00, 0x00, 0x00, 0x00, 0x00, 0x00, 0x00, 0x00, 0x00, 0x00, 
0x00, 0x00, 0x00, 0x00, 0x00, 0x00, 0x00, 0x00, 0x00, 0x00, 0x00, 0x00, 
0x00, 0x00, 0x00, 0x00, 0x00, 0x00, 0x00, 0x00, 0x00, 0x00, 0x00, 0x00, 
0x00, 0x00, 0x00, 0x00, 0x00, 0x00, 0x00, 0x00, 0x00, 0x00, 0x00, 0x00, 
0x00, 0x00, 0x00, 0x00, 0x00, 0x00, 0x00, 0x00, 0x00, 0x00, 0x00, 0x00, 
0x29, 0xBE, 0xC6, 0xB7, 0x29, 0xBE, 0xC6, 0xFF, 0x29, 0xCC, 0xD1, 0xFF, 
0x29, 0xCC, 0xD1, 0xFF, 0x29, 0xCC, 0xD1, 0xFF, 0x29, 0xCC, 0xD1, 0xFF, 
0x29, 0xCB, 0xCE, 0xFF, 0x29, 0xCB, 0xCE, 0xFF, 0x1E, 0x93, 0x97, 0xFF, 
0x18, 0x79, 0x7B, 0xFF, 0x1B, 0x9A, 0x9A, 0xFF, 0x0D, 0x55, 0x5D, 0xFF, 
0x00, 0x1C, 0x21, 0xFF, 0x00, 0x1C, 0x21, 0xFF, 0x10, 0x5D, 0x63, 0xFF, 
0x18, 0x7F, 0x86, 0xFF, 0x18, 0x7F, 0x86, 0xFF, 0x18, 0x7F, 0x86, 0xFF, 
0x29, 0xC3, 0xC6, 0xFF, 0x29, 0xCB, 0xCE, 0xFF, 0x29, 0xCB, 0xCE, 0xFF, 
0x29, 0xCB, 0xCE, 0xFF, 0x29, 0xCB, 0xCE, 0xFF, 0x29, 0xCB, 0xCE, 0xFF, 
0x29, 0xCB, 0xCE, 0xFF, 0x18, 0x82, 0x84, 0xFF, 0x00, 0x18, 0x21, 0xFF, 
0x00, 0x18, 0x21, 0xFF, 0x00, 0x18, 0x21, 0xFF, 0x2C, 0x79, 0x73, 0xFF, 
0x29, 0x77, 0x6E, 0xFF, 0x08, 0x18, 0x21, 0xFF, 0x08, 0x18, 0x21, 0xFF, 
0x08, 0x18, 0x21, 0xFF, 0x18, 0x86, 0x8C, 0xFF, 0x29, 0xCB, 0xCE, 0xFF, 
0x29, 0xCB, 0xCE, 0xFF, 0x29, 0xCB, 0xCE, 0xFF, 0x29, 0xCB, 0xCE, 0xFF, 
0x29, 0xCB, 0xCE, 0xFF, 0x10, 0xA6, 0xA5, 0xFF, 0x10, 0xA6, 0xA5, 0xFF, 
0x10, 0x9A, 0x9C, 0xFF, 0x10, 0x9A, 0x9C, 0xB7, 0x00, 0x00, 0x00, 0x00, 
0x00, 0x00, 0x00, 0x00, 0x00, 0x00, 0x00, 0x00, 0x00, 0x00, 0x00, 0x00, 
0x00, 0x00, 0x00, 0x00, 0x00, 0x00, 0x00, 0x00, 0x00, 0x00, 0x00, 0x00, 
0x00, 0x00, 0x00, 0x00, 0x00, 0x00, 0x00, 0x00, 0x00, 0x00, 0x00, 0x00, 
0x00, 0x00, 0x00, 0x00, 0x00, 0x00, 0x00, 0x00, 0x00, 0x00, 0x00, 0x00, 
0x00, 0x00, 0x00, 0x00, 0x00, 0x00, 0x00, 0x00, 0x00, 0x00, 0x00, 0x00, 
0x00, 0x00, 0x00, 0x00, 0x00, 0x00, 0x00, 0x00, 0x00, 0x00, 0x00, 0x00, 
0x00, 0x00, 0x00, 0x00, 0x29, 0xBE, 0xC6, 0xB7, 0x29, 0xBE, 0xC6, 0xFF, 
0x29, 0xCC, 0xD1, 0xFF, 0x29, 0xCC, 0xD1, 0xFF, 0x29, 0xCC, 0xD1, 0xFF, 
0x29, 0xCC, 0xD1, 0xFF, 0x29, 0xCB, 0xCE, 0xFF, 0x29, 0xCB, 0xCE, 0xFF, 
0x29, 0xCB, 0xCE, 0xFF, 0x29, 0xCB, 0xCE, 0xFF, 0x29, 0xD3, 0xD6, 0xFF, 
0x1B, 0x9A, 0x9A, 0xFF, 0x00, 0x1C, 0x21, 0xFF, 0x00, 0x1C, 0x21, 0xFF, 
0x21, 0xA9, 0xAA, 0xFF, 0x29, 0xCB, 0xCE, 0xFF, 0x29, 0xCB, 0xCE, 0xFF, 
0x29, 0xCB, 0xCE, 0xFF, 0x29, 0xCB, 0xCE, 0xFF, 0x29, 0xCB, 0xCE, 0xFF, 
0x29, 0xCB, 0xCE, 0xFF, 0x29, 0xCB, 0xCE, 0xFF, 0x29, 0xCB, 0xCE, 0xFF, 
0x29, 0xCB, 0xCE, 0xFF, 0x29, 0xCB, 0xCE, 0xFF, 0x18, 0x82, 0x84, 0xFF, 
0x00, 0x18, 0x21, 0xFF, 0x00, 0x18, 0x21, 0xFF, 0x00, 0x18, 0x21, 0xFF, 
0x00, 0x18, 0x21, 0xFF, 0x18, 0x43, 0x47, 0xFF, 0x08, 0x18, 0x21, 0xFF, 
0x08, 0x18, 0x21, 0xFF, 0x08, 0x18, 0x21, 0xFF, 0x18, 0x86, 0x8C, 0xFF, 
0x29, 0xCB, 0xCE, 0xFF, 0x29, 0xCB, 0xCE, 0xFF, 0x29, 0xCB, 0xCE, 0xFF, 
0x29, 0xCB, 0xCE, 0xFF, 0x29, 0xCB, 0xCE, 0xFF, 0x10, 0xA6, 0xA5, 0xFF, 
0x10, 0xA6, 0xA5, 0xFF, 0x10, 0x9A, 0x9C, 0xFF, 0x10, 0x9A, 0x9C, 0xB7, 
0x00, 0x00, 0x00, 0x00, 0x00, 0x00, 0x00, 0x00, 0x00, 0x00, 0x00, 0x00, 
0x00, 0x00, 0x00, 0x00, 0x00, 0x00, 0x00, 0x00, 0x00, 0x00, 0x00, 0x00, 
0x00, 0x00, 0x00, 0x00, 0x00, 0x00, 0x00, 0x00, 0x00, 0x00, 0x00, 0x00, 
0x00, 0x00, 0x00, 0x00, 0x00, 0x00, 0x00, 0x00, 0x00, 0x00, 0x00, 0x00, 
0x00, 0x00, 0x00, 0x00, 0x00, 0x00, 0x00, 0x00, 0x00, 0x00, 0x00, 0x00, 
0x00, 0x00, 0x00, 0x00, 0x00, 0x00, 0x00, 0x00, 0x00, 0x00, 0x00, 0x00, 
0x00, 0x00, 0x00, 0x00, 0x00, 0x00, 0x00, 0x00, 0x29, 0xBE, 0xC6, 0xB7, 
0x29, 0xBE, 0xC6, 0xFF, 0x29, 0xCC, 0xD1, 0xFF, 0x29, 0xCC, 0xD1, 0xFF, 
0x29, 0xCC, 0xD1, 0xFF, 0x29, 0xCC, 0xD1, 0xFF, 0x29, 0xCB, 0xCE, 0xFF, 
0x29, 0xCB, 0xCE, 0xFF, 0x29, 0xCB, 0xCE, 0xFF, 0x29, 0xCB, 0xCE, 0xFF, 
0x29, 0xD3, 0xD6, 0xFF, 0x1B, 0x9A, 0x9A, 0xFF, 0x00, 0x1C, 0x21, 0xFF, 
0x00, 0x1C, 0x21, 0xFF, 0x21, 0xA9, 0xAA, 0xFF, 0x29, 0xCB, 0xCE, 0xFF, 
0x29, 0xCB, 0xCE, 0xFF, 0x29, 0xCB, 0xCE, 0xFF, 0x29, 0xCB, 0xCE, 0xFF, 
0x29, 0xCB, 0xCE, 0xFF, 0x29, 0xCB, 0xCE, 0xFF, 0x29, 0xCB, 0xCE, 0xFF, 
0x29, 0xCB, 0xCE, 0xFF, 0x29, 0xCB, 0xCE, 0xFF, 0x29, 0xCB, 0xCE, 0xFF, 
0x1E, 0x99, 0x9C, 0xFF, 0x00, 0x18, 0x21, 0xFF, 0x00, 0x18, 0x21, 0xFF, 
0x00, 0x18, 0x21, 0xFF, 0x00, 0x18, 0x21, 0xFF, 0x08, 0x18, 0x21, 0xFF, 
0x08, 0x18, 0x21, 0xFF, 0x08, 0x18, 0x21, 0xFF, 0x08, 0x18, 0x21, 0xFF, 
0x1E, 0x9C, 0xA2, 0xFF, 0x29, 0xCB, 0xCE, 0xFF, 0x29, 0xCB, 0xCE, 0xFF, 
0x29, 0xCB, 0xCE, 0xFF, 0x29, 0xCB, 0xCE, 0xFF, 0x29, 0xCB, 0xCE, 0xFF, 
0x10, 0xA6, 0xA5, 0xFF, 0x10, 0xA6, 0xA5, 0xFF, 0x10, 0x9A, 0x9C, 0xFF, 
0x10, 0x9A, 0x9C, 0xB7, 0x00, 0x00, 0x00, 0x00, 0x00, 0x00, 0x00, 0x00, 
0x00, 0x00, 0x00, 0x00, 0x00, 0x00, 0x00, 0x00, 0x00, 0x00, 0x00, 0x00, 
0x00, 0x00, 0x00, 0x00, 0x00, 0x00, 0x00, 0x00, 0x00, 0x00, 0x00, 0x00, 
0x00, 0x00, 0x00, 0x00, 0x00, 0x00, 0x00, 0x00, 0x00, 0x00, 0x00, 0x00, 
0x00, 0x00, 0x00, 0x00, 0x00, 0x00, 0x00, 0x00, 0x00, 0x00, 0x00, 0x00, 
0x00, 0x00, 0x00, 0x00, 0x00, 0x00, 0x00, 0x00, 0x00, 0x00, 0x00, 0x00, 
0x00, 0x00, 0x00, 0x00, 0x00, 0x00, 0x00, 0x00, 0x00, 0x00, 0x00, 0x00, 
0x29, 0xBE, 0xC6, 0xB7, 0x29, 0xBE, 0xC6, 0xFF, 0x29, 0xCC, 0xD1, 0xFF, 
0x29, 0xCC, 0xD1, 0xFF, 0x29, 0xCC, 0xD1, 0xFF, 0x29, 0xCC, 0xD1, 0xFF, 
0x29, 0xCB, 0xCE, 0xFF, 0x29, 0xCB, 0xCE, 0xFF, 0x29, 0xCB, 0xCE, 0xFF, 
0x29, 0xCB, 0xCE, 0xFF, 0x29, 0xD3, 0xD6, 0xFF, 0x1B, 0x9A, 0x9A, 0xFF, 
0x00, 0x1C, 0x21, 0xFF, 0x00, 0x1C, 0x21, 0xFF, 0x21, 0xA9, 0xAA, 0xFF, 
0x29, 0xCB, 0xCE, 0xFF, 0x29, 0xCB, 0xCE, 0xFF, 0x29, 0xCB, 0xCE, 0xFF, 
0x29, 0xCB, 0xCE, 0xFF, 0x29, 0xCB, 0xCE, 0xFF, 0x29, 0xCB, 0xCE, 0xFF, 
0x29, 0xCB, 0xCE, 0xFF, 0x29, 0xCB, 0xCE, 0xFF, 0x29, 0xCB, 0xCE, 0xFF, 
0x29, 0xCB, 0xCE, 0xFF, 0x29, 0xCB, 0xCE, 0xFF, 0x42, 0xA6, 0x9C, 0xFF, 
0x42, 0xA6, 0x9C, 0xFF, 0x2C, 0x79, 0x73, 0xFF, 0x00, 0x18, 0x21, 0xFF, 
0x08, 0x18, 0x21, 0xFF, 0x39, 0xA2, 0x94, 0xFF, 0x39, 0xA2, 0x94, 0xFF, 
0x39, 0xA2, 0x94, 0xFF, 0x29, 0xCB, 0xCE, 0xFF, 0x29, 0xCB, 0xCE, 0xFF, 
0x29, 0xCB, 0xCE, 0xFF, 0x29, 0xCB, 0xCE, 0xFF, 0x29, 0xCB, 0xCE, 0xFF, 
0x29, 0xCB, 0xCE, 0xFF, 0x10, 0xA6, 0xA5, 0xFF, 0x10, 0xA6, 0xA5, 0xFF, 
0x10, 0x9A, 0x9C, 0xFF, 0x10, 0x9A, 0x9C, 0xB7, 0x00, 0x00, 0x00, 0x00, 
0x00, 0x00, 0x00, 0x00, 0x00, 0x00, 0x00, 0x00, 0x00, 0x00, 0x00, 0x00, 
0x00, 0x00, 0x00, 0x00, 0x00, 0x00, 0x00, 0x00, 0x00, 0x00, 0x00, 0x00, 
0x00, 0x00, 0x00, 0x00, 0x00, 0x00, 0x00, 0x00, 0x00, 0x00, 0x00, 0x00, 
0x00, 0x00, 0x00, 0x00, 0x00, 0x00, 0x00, 0x00, 0x00, 0x00, 0x00, 0x00, 
0x00, 0x00, 0x00, 0x00, 0x00, 0x00, 0x00, 0x00, 0x00, 0x00, 0x00, 0x00, 
0x00, 0x00, 0x00, 0x00, 0x00, 0x00, 0x00, 0x00, 0x00, 0x00, 0x00, 0x00, 
0x00, 0x00, 0x00, 0x00, 0x29, 0xBE, 0xC6, 0xB7, 0x29, 0xBE, 0xC6, 0xFF, 
0x29, 0xCC, 0xD1, 0xFF, 0x29, 0xCC, 0xD1, 0xFF, 0x29, 0xCC, 0xD1, 0xFF, 
0x29, 0xCC, 0xD1, 0xFF, 0x29, 0xC7, 0xCE, 0xFF, 0x29, 0xC7, 0xCE, 0xFF, 
0x29, 0xC7, 0xCE, 0xFF, 0x29, 0xC7, 0xCE, 0xFF, 0x29, 0xC3, 0xC6, 0xFF, 
0x1B, 0x8D, 0x8F, 0xFF, 0x00, 0x18, 0x21, 0xFF, 0x00, 0x18, 0x21, 0xFF, 
0x1B, 0x8A, 0x8F, 0xFF, 0x29, 0xBE, 0xC6, 0xFF, 0x29, 0xBE, 0xC6, 0xFF, 
0x29, 0xBE, 0xC6, 0xFF, 0x29, 0xCB, 0xCE, 0xFF, 0x29, 0xCB, 0xCE, 0xFF, 
0x29, 0xCB, 0xCE, 0xFF, 0x29, 0xCB, 0xCE, 0xFF, 0x29, 0xCC, 0xD1, 0xFF, 
0x29, 0xCC, 0xD1, 0xFF, 0x29, 0xCC, 0xD1, 0xFF, 0x29, 0xCC, 0xD1, 0xFF, 
0x29, 0xCB, 0xCE, 0xFF, 0x29, 0xCB, 0xCE, 0xFF, 0x1B, 0x93, 0x91, 0xFF, 
0x00, 0x18, 0x18, 0xFF, 0x00, 0x18, 0x21, 0xFF, 0x29, 0xC7, 0xCE, 0xFF, 
0x29, 0xC7, 0xCE, 0xFF, 0x29, 0xC7, 0xCE, 0xFF, 0x29, 0xCC, 0xD1, 0xFF, 
0x29, 0xCC, 0xD1, 0xFF, 0x29, 0xCC, 0xD1, 0xFF, 0x29, 0xCC, 0xD1, 0xFF, 
0x29, 0xCB, 0xCE, 0xFF, 0x29, 0xCB, 0xCE, 0xFF, 0x10, 0xA6, 0xA5, 0xFF, 
0x10, 0xA6, 0xA5, 0xFF, 0x10, 0x9A, 0x9C, 0xFF, 0x10, 0x9A, 0x9C, 0xB7, 
0x00, 0x00, 0x00, 0x00, 0x00, 0x00, 0x00, 0x00, 0x00, 0x00, 0x00, 0x00, 
0x00, 0x00, 0x00, 0x00, 0x00, 0x00, 0x00, 0x00, 0x00, 0x00, 0x00, 0x00, 
0x00, 0x00, 0x00, 0x00, 0x00, 0x00, 0x00, 0x00, 0x00, 0x00, 0x00, 0x00, 
0x00, 0x00, 0x00, 0x00, 0x00, 0x00, 0x00, 0x00, 0x00, 0x00, 0x00, 0x00, 
0x00, 0x00, 0x00, 0x00, 0x00, 0x00, 0x00, 0x00, 0x00, 0x00, 0x00, 0x00, 
0x00, 0x00, 0x00, 0x00, 0x00, 0x00, 0x00, 0x00, 0x00, 0x00, 0x00, 0x00, 
0x00, 0x00, 0x00, 0x00, 0x00, 0x00, 0x00, 0x00, 0x29, 0xBE, 0xC6, 0xB7, 
0x29, 0xBE, 0xC6, 0xFF, 0x29, 0xCC, 0xD1, 0xFF, 0x29, 0xCC, 0xD1, 0xFF, 
0x29, 0xCC, 0xD1, 0xFF, 0x29, 0xCC, 0xD1, 0xFF, 0x29, 0xC7, 0xCE, 0xFF, 
0x29, 0xC7, 0xCE, 0xFF, 0x00, 0x1C, 0x21, 0xFF, 0x00, 0x1C, 0x21, 0xFF, 
0x00, 0x18, 0x21, 0xFF, 0x00, 0x18, 0x21, 0xFF, 0x00, 0x18, 0x21, 0xFF, 
0x00, 0x18, 0x21, 0xFF, 0x00, 0x18, 0x21, 0xFF, 0x00, 0x18, 0x21, 0xFF, 
0x00, 0x18, 0x21, 0xFF, 0x00, 0x18, 0x21, 0xFF, 0x21, 0xAE, 0xB0, 0xFF, 
0x29, 0xCB, 0xCE, 0xFF, 0x29, 0xCB, 0xCE, 0xFF, 0x29, 0xCB, 0xCE, 0xFF, 
0x29, 0xCC, 0xD1, 0xFF, 0x29, 0xCC, 0xD1, 0xFF, 0x29, 0xCC, 0xD1, 0xFF, 
0x29, 0xCC, 0xD1, 0xFF, 0x29, 0xCB, 0xCE, 0xFF, 0x29, 0xCB, 0xCE, 0xFF, 
0x1B, 0x93, 0x91, 0xFF, 0x00, 0x18, 0x18, 0xFF, 0x00, 0x18, 0x21, 0xFF, 
0x29, 0xC7, 0xCE, 0xFF, 0x29, 0xC7, 0xCE, 0xFF, 0x29, 0xC7, 0xCE, 0xFF, 
0x29, 0xCC, 0xD1, 0xFF, 0x29, 0xCC, 0xD1, 0xFF, 0x29, 0xCC, 0xD1, 0xFF, 
0x29, 0xCC, 0xD1, 0xFF, 0x29, 0xCB, 0xCE, 0xFF, 0x29, 0xCB, 0xCE, 0xFF, 
0x10, 0xA6, 0xA5, 0xFF, 0x10, 0xA6, 0xA5, 0xFF, 0x10, 0x9A, 0x9C, 0xFF, 
0x10, 0x9A, 0x9C, 0xB7, 0x00, 0x00, 0x00, 0x00, 0x00, 0x00, 0x00, 0x00, 
0x00, 0x00, 0x00, 0x00, 0x00, 0x00, 0x00, 0x00, 0x00, 0x00, 0x00, 0x00, 
0x00, 0x00, 0x00, 0x00, 0x00, 0x00, 0x00, 0x00, 0x00, 0x00, 0x00, 0x00, 
0x00, 0x00, 0x00, 0x00, 0x00, 0x00, 0x00, 0x00, 0x00, 0x00, 0x00, 0x00, 
0x00, 0x00, 0x00, 0x00, 0x00, 0x00, 0x00, 0x00, 0x00, 0x00, 0x00, 0x00, 
0x00, 0x00, 0x00, 0x00, 0x00, 0x00, 0x00, 0x00, 0x00, 0x00, 0x00, 0x00, 
0x00, 0x00, 0x00, 0x00, 0x00, 0x00, 0x00, 0x00, 0x00, 0x00, 0x00, 0x00, 
0x29, 0xBE, 0xC6, 0xB7, 0x29, 0xBE, 0xC6, 0xFF, 0x29, 0xCC, 0xD1, 0xFF, 
0x29, 0xCC, 0xD1, 0xFF, 0x29, 0xCC, 0xD1, 0xFF, 0x29, 0xCC, 0xD1, 0xFF, 
0x29, 0xC7, 0xCE, 0xFF, 0x1B, 0x91, 0x94, 0xFF, 0x00, 0x1C, 0x21, 0xFF, 
0x00, 0x1C, 0x21, 0xFF, 0x00, 0x18, 0x21, 0xFF, 0x00, 0x18, 0x21, 0xFF, 
0x00, 0x18, 0x21, 0xFF, 0x00, 0x18, 0x21, 0xFF, 0x00, 0x18, 0x21, 0xFF, 
0x00, 0x18, 0x21, 0xFF, 0x00, 0x18, 0x21, 0xFF, 0x00, 0x18, 0x21, 0xFF, 
0x10, 0x6D, 0x73, 0xFF, 0x29, 0xCB, 0xCE, 0xFF, 0x29, 0xCB, 0xCE, 0xFF, 
0x29, 0xCB, 0xCE, 0xFF, 0x29, 0xCC, 0xD1, 0xFF, 0x29, 0xCC, 0xD1, 0xFF, 
0x29, 0xCC, 0xD1, 0xFF, 0x29, 0xCC, 0xD1, 0xFF, 0x29, 0xCB, 0xCE, 0xFF, 
0x29, 0xCB, 0xCE, 0xFF, 0x1B, 0x93, 0x91, 0xFF, 0x00, 0x18, 0x18, 0xFF, 
0x00, 0x18, 0x21, 0xFF, 0x29, 0xC7, 0xCE, 0xFF, 0x29, 0xC7, 0xCE, 0xFF, 
0x29, 0xC7, 0xCE, 0xFF, 0x29, 0xCC, 0xD1, 0xFF, 0x29, 0xCC, 0xD1, 0xFF, 
0x29, 0xCC, 0xD1, 0xFF, 0x29, 0xCC, 0xD1, 0xFF, 0x29, 0xCB, 0xCE, 0xFF, 
0x29, 0xCB, 0xCE, 0xFF, 0x10, 0xA6, 0xA5, 0xFF, 0x10, 0xA6, 0xA5, 0xFF, 
0x10, 0x9A, 0x9C, 0xFF, 0x10, 0x9A, 0x9C, 0xB7, 0x00, 0x00, 0x00, 0x00, 
0x00, 0x00, 0x00, 0x00, 0x00, 0x00, 0x00, 0x00, 0x00, 0x00, 0x00, 0x00, 
0x00, 0x00, 0x00, 0x00, 0x00, 0x00, 0x00, 0x00, 0x00, 0x00, 0x00, 0x00, 
0x00, 0x00, 0x00, 0x00, 0x00, 0x00, 0x00, 0x00, 0x00, 0x00, 0x00, 0x00, 
0x00, 0x00, 0x00, 0x00, 0x00, 0x00, 0x00, 0x00, 0x00, 0x00, 0x00, 0x00, 
0x00, 0x00, 0x00, 0x00, 0x00, 0x00, 0x00, 0x00, 0x00, 0x00, 0x00, 0x00, 
0x00, 0x00, 0x00, 0x00, 0x00, 0x00, 0x00, 0x00, 0x00, 0x00, 0x00, 0x00, 
0x00, 0x00, 0x00, 0x00, 0x29, 0xBE, 0xC6, 0xB7, 0x29, 0xBE, 0xC6, 0xFF, 
0x29, 0xCC, 0xD1, 0xFF, 0x29, 0xCC, 0xD1, 0xFF, 0x29, 0xCC, 0xD1, 0xFF, 
0x29, 0xCC, 0xD1, 0xFF, 0x29, 0xC7, 0xCE, 0xFF, 0x1B, 0x91, 0x94, 0xFF, 
0x00, 0x1C, 0x21, 0xFF, 0x00, 0x1C, 0x21, 0xFF, 0x00, 0x18, 0x21, 0xFF, 
0x00, 0x18, 0x21, 0xFF, 0x00, 0x18, 0x21, 0xFF, 0x00, 0x18, 0x21, 0xFF, 
0x00, 0x18, 0x21, 0xFF, 0x00, 0x18, 0x21, 0xFF, 0x00, 0x18, 0x21, 0xFF, 
0x00, 0x18, 0x21, 0xFF, 0x10, 0x6D, 0x73, 0xFF, 0x29, 0xCB, 0xCE, 0xFF, 
0x29, 0xCB, 0xCE, 0xFF, 0x29, 0xCB, 0xCE, 0xFF, 0x29, 0xCC, 0xD1, 0xFF, 
0x29, 0xCC, 0xD1, 0xFF, 0x29, 0xCC, 0xD1, 0xFF, 0x29, 0xCC, 0xD1, 0xFF, 
0x29, 0xCB, 0xCE, 0xFF, 0x29, 0xCB, 0xCE, 0xFF, 0x1B, 0x93, 0x91, 0xFF, 
0x00, 0x18, 0x18, 0xFF, 0x00, 0x18, 0x21, 0xFF, 0x29, 0xC7, 0xCE, 0xFF, 
0x29, 0xC7, 0xCE, 0xFF, 0x29, 0xC7, 0xCE, 0xFF, 0x29, 0xCC, 0xD1, 0xFF, 
0x29, 0xCC, 0xD1, 0xFF, 0x29, 0xCC, 0xD1, 0xFF, 0x29, 0xCC, 0xD1, 0xFF, 
0x29, 0xCB, 0xCE, 0xFF, 0x29, 0xCB, 0xCE, 0xFF, 0x10, 0xA6, 0xA5, 0xFF, 
0x10, 0xA6, 0xA5, 0xFF, 0x10, 0x9A, 0x9C, 0xFF, 0x10, 0x9A, 0x9C, 0xB7, 
0x00, 0x00, 0x00, 0x00, 0x00, 0x00, 0x00, 0x00, 0x00, 0x00, 0x00, 0x00, 
0x00, 0x00, 0x00, 0x00, 0x00, 0x00, 0x00, 0x00, 0x00, 0x00, 0x00, 0x00, 
0x00, 0x00, 0x00, 0x00, 0x00, 0x00, 0x00, 0x00, 0x00, 0x00, 0x00, 0x00, 
0x00, 0x00, 0x00, 0x00, 0x00, 0x00, 0x00, 0x00, 0x00, 0x00, 0x00, 0x00, 
0x00, 0x00, 0x00, 0x00, 0x00, 0x00, 0x00, 0x00, 0x00, 0x00, 0x00, 0x00, 
0x00, 0x00, 0x00, 0x00, 0x00, 0x00, 0x00, 0x00, 0x00, 0x00, 0x00, 0x00, 
0x00, 0x00, 0x00, 0x00, 0x00, 0x00, 0x00, 0x00, 0x29, 0xBE, 0xC6, 0xB7, 
0x29, 0xBE, 0xC6, 0xFF, 0x29, 0xCC, 0xD1, 0xFF, 0x29, 0xCC, 0xD1, 0xFF, 
0x29, 0xCC, 0xD1, 0xFF, 0x29, 0xCC, 0xD1, 0xFF, 0x29, 0xCB, 0xCE, 0xFF, 
0x1B, 0x93, 0x94, 0xFF, 0x00, 0x18, 0x21, 0xFF, 0x00, 0x18, 0x21, 0xFF, 
0x00, 0x1B, 0x21, 0xFF, 0x00, 0x1B, 0x21, 0xFF, 0x00, 0x1B, 0x21, 0xFF, 
0x00, 0x1B, 0x21, 0xFF, 0x00, 0x1B, 0x21, 0xFF, 0x00, 0x1B, 0x21, 0xFF, 
0x00, 0x1B, 0x21, 0xFF, 0x00, 0x1B, 0x21, 0xFF, 0x0D, 0x53, 0x5A, 0xFF, 
0x29, 0xCB, 0xCE, 0xFF, 0x29, 0xCB, 0xCE, 0xFF, 0x29, 0xCB, 0xCE, 0xFF, 
0x29, 0xCB, 0xCE, 0xFF, 0x29, 0xCB, 0xCE, 0xFF, 0x29, 0xCB, 0xCE, 0xFF, 
0x29, 0xCB, 0xCE, 0xFF, 0x29, 0xC7, 0xC6, 0xFF, 0x29, 0xC7, 0xC6, 0xFF, 
0x1B, 0x91, 0x8F, 0xFF, 0x00, 0x1C, 0x21, 0xFF, 0x00, 0x1C, 0x21, 0xFF, 
0x29, 0xC7, 0xCE, 0xFF, 0x29, 0xC7, 0xCE, 0xFF, 0x29, 0xC7, 0xCE, 0xFF, 
0x29, 0xCC, 0xD1, 0xFF, 0x29, 0xCC, 0xD1, 0xFF, 0x29, 0xCC, 0xD1, 0xFF, 
0x29, 0xCC, 0xD1, 0xFF, 0x29, 0xCB, 0xCE, 0xFF, 0x29, 0xCB, 0xCE, 0xFF, 
0x10, 0xA6, 0xA5, 0xFF, 0x10, 0xA6, 0xA5, 0xFF, 0x10, 0x9A, 0x9C, 0xFF, 
0x10, 0x9A, 0x9C, 0xB7, 0x00, 0x00, 0x00, 0x00, 0x00, 0x00, 0x00, 0x00, 
0x00, 0x00, 0x00, 0x00, 0x00, 0x00, 0x00, 0x00, 0x00, 0x00, 0x00, 0x00, 
0x00, 0x00, 0x00, 0x00, 0x00, 0x00, 0x00, 0x00, 0x00, 0x00, 0x00, 0x00, 
0x00, 0x00, 0x00, 0x00, 0x00, 0x00, 0x00, 0x00, 0x00, 0x00, 0x00, 0x00, 
0x00, 0x00, 0x00, 0x00, 0x00, 0x00, 0x00, 0x00, 0x00, 0x00, 0x00, 0x00, 
0x00, 0x00, 0x00, 0x00, 0x00, 0x00, 0x00, 0x00, 0x00, 0x00, 0x00, 0x00, 
0x00, 0x00, 0x00, 0x00, 0x00, 0x00, 0x00, 0x00, 0x00, 0x00, 0x00, 0x00, 
0x29, 0xBE, 0xC6, 0xB7, 0x29, 0xBE, 0xC6, 0xFF, 0x29, 0xCC, 0xD1, 0xFF, 
0x29, 0xCC, 0xD1, 0xFF, 0x29, 0xCC, 0xD1, 0xFF, 0x29, 0xCC, 0xD1, 0xFF, 
0x29, 0xCB, 0xCE, 0xFF, 0x1B, 0x93, 0x94, 0xFF, 0x00, 0x18, 0x21, 0xFF, 
0x00, 0x18, 0x21, 0xFF, 0x00, 0x1B, 0x21, 0xFF, 0x00, 0x1B, 0x21, 0xFF, 
0x00, 0x1B, 0x21, 0xFF, 0x00, 0x1B, 0x21, 0xFF, 0x00, 0x1B, 0x21, 0xFF, 
0x00, 0x1B, 0x21, 0xFF, 0x00, 0x1B, 0x21, 0xFF, 0x00, 0x1B, 0x21, 0xFF, 
0x00, 0x1C, 0x21, 0xFF, 0x0D, 0x53, 0x5A, 0xFF, 0x0D, 0x53, 0x5A, 0xFF, 
0x0D, 0x53, 0x5A, 0xFF, 0x0D, 0x4D, 0x55, 0xFF, 0x0D, 0x4D, 0x55, 0xFF, 
0x0D, 0x4D, 0x55, 0xFF, 0x0D, 0x4D, 0x55, 0xFF, 0x0D, 0x52, 0x58, 0xFF, 
0x0D, 0x52, 0x58, 0xFF, 0x00, 0x1C, 0x21, 0xFF, 0x00, 0x1C, 0x21, 0xFF, 
0x00, 0x1C, 0x21, 0xFF, 0x29, 0xC7, 0xCE, 0xFF, 0x29, 0xC7, 0xCE, 0xFF, 
0x29, 0xC7, 0xCE, 0xFF, 0x29, 0xCC, 0xD1, 0xFF, 0x29, 0xCC, 0xD1, 0xFF, 
0x29, 0xCC, 0xD1, 0xFF, 0x29, 0xCC, 0xD1, 0xFF, 0x29, 0xCB, 0xCE, 0xFF, 
0x29, 0xCB, 0xCE, 0xFF, 0x10, 0xA6, 0xA5, 0xFF, 0x10, 0xA6, 0xA5, 0xFF, 
0x10, 0x9A, 0x9C, 0xFF, 0x10, 0x9A, 0x9C, 0xB7, 0x00, 0x00, 0x00, 0x00, 
0x00, 0x00, 0x00, 0x00, 0x00, 0x00, 0x00, 0x00, 0x00, 0x00, 0x00, 0x00, 
0x00, 0x00, 0x00, 0x00, 0x00, 0x00, 0x00, 0x00, 0x00, 0x00, 0x00, 0x00, 
0x00, 0x00, 0x00, 0x00, 0x00, 0x00, 0x00, 0x00, 0x00, 0x00, 0x00, 0x00, 
0x00, 0x00, 0x00, 0x00, 0x00, 0x00, 0x00, 0x00, 0x00, 0x00, 0x00, 0x00, 
0x00, 0x00, 0x00, 0x00, 0x00, 0x00, 0x00, 0x00, 0x00, 0x00, 0x00, 0x00, 
0x00, 0x00, 0x00, 0x00, 0x00, 0x00, 0x00, 0x00, 0x00, 0x00, 0x00, 0x00, 
0x00, 0x00, 0x00, 0x00, 0x29, 0xBE, 0xC6, 0xB7, 0x29, 0xBE, 0xC6, 0xFF, 
0x29, 0xCC, 0xD1, 0xFF, 0x29, 0xCC, 0xD1, 0xFF, 0x29, 0xCC, 0xD1, 0xFF, 
0x29, 0xCC, 0xD1, 0xFF, 0x29, 0xCB, 0xCE, 0xFF, 0x1B, 0x93, 0x94, 0xFF, 
0x00, 0x18, 0x21, 0xFF, 0x00, 0x18, 0x21, 0xFF, 0x00, 0x1B, 0x21, 0xFF, 
0x00, 0x1B, 0x21, 0xFF, 0x00, 0x1B, 0x21, 0xFF, 0x00, 0x1B, 0x21, 0xFF, 
0x00, 0x1B, 0x21, 0xFF, 0x00, 0x1B, 0x21, 0xFF, 0x00, 0x1B, 0x21, 0xFF, 
0x00, 0x1B, 0x21, 0xFF, 0x00, 0x1C, 0x21, 0xFF, 0x00, 0x1C, 0x21, 0xFF, 
0x00, 0x1C, 0x21, 0xFF, 0x00, 0x1C, 0x21, 0xFF, 0x00, 0x14, 0x18, 0xFF, 
0x00, 0x14, 0x18, 0xFF, 0x00, 0x14, 0x18, 0xFF, 0x00, 0x14, 0x18, 0xFF, 
0x00, 0x1C, 0x21, 0xFF, 0x00, 0x1C, 0x21, 0xFF, 0x00, 0x1C, 0x21, 0xFF, 
0x00, 0x1C, 0x21, 0xFF, 0x00, 0x1C, 0x21, 0xFF, 0x29, 0xC7, 0xCE, 0xFF, 
0x29, 0xC7, 0xCE, 0xFF, 0x29, 0xC7, 0xCE, 0xFF, 0x29, 0xCC, 0xD1, 0xFF, 
0x29, 0xCC, 0xD1, 0xFF, 0x29, 0xCC, 0xD1, 0xFF, 0x29, 0xCC, 0xD1, 0xFF, 
0x29, 0xCB, 0xCE, 0xFF, 0x29, 0xCB, 0xCE, 0xFF, 0x10, 0xA6, 0xA5, 0xFF, 
0x10, 0xA6, 0xA5, 0xFF, 0x10, 0x9A, 0x9C, 0xFF, 0x10, 0x9A, 0x9C, 0xB7, 
0x00, 0x00, 0x00, 0x00, 0x00, 0x00, 0x00, 0x00, 0x00, 0x00, 0x00, 0x00, 
0x00, 0x00, 0x00, 0x00, 0x00, 0x00, 0x00, 0x00, 0x00, 0x00, 0x00, 0x00, 
0x00, 0x00, 0x00, 0x00, 0x00, 0x00, 0x00, 0x00, 0x00, 0x00, 0x00, 0x00, 
0x00, 0x00, 0x00, 0x00, 0x00, 0x00, 0x00, 0x00, 0x00, 0x00, 0x00, 0x00, 
0x00, 0x00, 0x00, 0x00, 0x00, 0x00, 0x00, 0x00, 0x00, 0x00, 0x00, 0x00, 
0x00, 0x00, 0x00, 0x00, 0x00, 0x00, 0x00, 0x00, 0x00, 0x00, 0x00, 0x00, 
0x00, 0x00, 0x00, 0x00, 0x00, 0x00, 0x00, 0x00, 0x29, 0xBE, 0xC6, 0xB7, 
0x29, 0xBE, 0xC6, 0xFF, 0x29, 0xCC, 0xD1, 0xFF, 0x29, 0xCC, 0xD1, 0xFF, 
0x29, 0xCC, 0xD1, 0xFF, 0x29, 0xCC, 0xD1, 0xFF, 0x29, 0xCB, 0xCE, 0xFF, 
0x1B, 0x93, 0x94, 0xFF, 0x00, 0x18, 0x21, 0xFF, 0x00, 0x18, 0x21, 0xFF, 
0x00, 0x1B, 0x21, 0xFF, 0x00, 0x1B, 0x21, 0xFF, 0x00, 0x1B, 0x21, 0xFF, 
0x00, 0x1B, 0x21, 0xFF, 0x00, 0x1B, 0x21, 0xFF, 0x00, 0x1B, 0x21, 0xFF, 
0x00, 0x1B, 0x21, 0xFF, 0x00, 0x1B, 0x21, 0xFF, 0x00, 0x1C, 0x21, 0xFF, 
0x0D, 0x53, 0x5A, 0xFF, 0x0D, 0x53, 0x5A, 0xFF, 0x0D, 0x53, 0x5A, 0xFF, 
0x0D, 0x4D, 0x55, 0xFF, 0x0D, 0x4D, 0x55, 0xFF, 0x0D, 0x4D, 0x55, 0xFF, 
0x0D, 0x4D, 0x55, 0xFF, 0x0D, 0x52, 0x58, 0xFF, 0x0D, 0x52, 0x58, 0xFF, 
0x0D, 0x52, 0x58, 0xFF, 0x0D, 0x52, 0x58, 0xFF, 0x0D, 0x52, 0x5A, 0xFF, 
0x29, 0xC7, 0xCE, 0xFF, 0x29, 0xC7, 0xCE, 0xFF, 0x29, 0xC7, 0xCE, 0xFF, 
0x29, 0xCC, 0xD1, 0xFF, 0x29, 0xCC, 0xD1, 0xFF, 0x29, 0xCC, 0xD1, 0xFF, 
0x29, 0xCC, 0xD1, 0xFF, 0x29, 0xCB, 0xCE, 0xFF, 0x29, 0xCB, 0xCE, 0xFF, 
0x10, 0xA6, 0xA5, 0xFF, 0x10, 0xA6, 0xA5, 0xFF, 0x10, 0x9A, 0x9C, 0xFF, 
0x10, 0x9A, 0x9C, 0xB7, 0x00, 0x00, 0x00, 0x00, 0x00, 0x00, 0x00, 0x00, 
0x00, 0x00, 0x00, 0x00, 0x00, 0x00, 0x00, 0x00, 0x00, 0x00, 0x00, 0x00, 
0x00, 0x00, 0x00, 0x00, 0x00, 0x00, 0x00, 0x00, 0x00, 0x00, 0x00, 0x00, 
0x00, 0x00, 0x00, 0x00, 0x00, 0x00, 0x00, 0x00, 0x00, 0x00, 0x00, 0x00, 
0x00, 0x00, 0x00, 0x00, 0x00, 0x00, 0x00, 0x00, 0x00, 0x00, 0x00, 0x00, 
0x00, 0x00, 0x00, 0x00, 0x00, 0x00, 0x00, 0x00, 0x00, 0x00, 0x00, 0x00, 
0x00, 0x00, 0x00, 0x00, 0x00, 0x00, 0x00, 0x00, 0x00, 0x00, 0x00, 0x00, 
0x29, 0xBE, 0xC6, 0xB7, 0x29, 0xBE, 0xC6, 0xFF, 0x29, 0xCC, 0xD1, 0xFF, 
0x29, 0xCC, 0xD1, 0xFF, 0x29, 0xCC, 0xD1, 0xFF, 0x29, 0xCC, 0xD1, 0xFF, 
0x29, 0xC7, 0xCE, 0xFF, 0x1B, 0x91, 0x94, 0xFF, 0x00, 0x1C, 0x21, 0xFF, 
0x00, 0x1C, 0x21, 0xFF, 0x00, 0x1B, 0x21, 0xFF, 0x00, 0x1B, 0x21, 0xFF, 
0x00, 0x1B, 0x21, 0xFF, 0x00, 0x1B, 0x21, 0xFF, 0x00, 0x19, 0x21, 0xFF, 
0x00, 0x19, 0x21, 0xFF, 0x00, 0x19, 0x21, 0xFF, 0x00, 0x19, 0x21, 0xFF, 
0x10, 0x6D, 0x73, 0xFF, 0x29, 0xCB, 0xCE, 0xFF, 0x29, 0xCB, 0xCE, 0xFF, 
0x29, 0xCB, 0xCE, 0xFF, 0x29, 0xCC, 0xD1, 0xFF, 0x29, 0xCC, 0xD1, 0xFF, 
0x29, 0xCC, 0xD1, 0xFF, 0x29, 0xCC, 0xD1, 0xFF, 0x29, 0xCC, 0xD1, 0xFF, 
0x29, 0xCC, 0xD1, 0xFF, 0x29, 0xCC, 0xD1, 0xFF, 0x29, 0xCC, 0xD1, 0xFF, 
0x29, 0xCC, 0xD1, 0xFF, 0x29, 0xCC, 0xD1, 0xFF, 0x29, 0xCC, 0xD1, 0xFF, 
0x29, 0xCC, 0xD1, 0xFF, 0x29, 0xCC, 0xD1, 0xFF, 0x29, 0xCC, 0xD1, 0xFF, 
0x29, 0xCC, 0xD1, 0xFF, 0x29, 0xCC, 0xD1, 0xFF, 0x29, 0xCB, 0xCE, 0xFF, 
0x29, 0xCB, 0xCE, 0xFF, 0x10, 0xA6, 0xA5, 0xFF, 0x10, 0xA6, 0xA5, 0xFF, 
0x10, 0x9A, 0x9C, 0xFF, 0x10, 0x9A, 0x9C, 0xB7, 0x00, 0x00, 0x00, 0x00, 
0x00, 0x00, 0x00, 0x00, 0x00, 0x00, 0x00, 0x00, 0x00, 0x00, 0x00, 0x00, 
0x00, 0x00, 0x00, 0x00, 0x00, 0x00, 0x00, 0x00, 0x00, 0x00, 0x00, 0x00, 
0x00, 0x00, 0x00, 0x00, 0x00, 0x00, 0x00, 0x00, 0x00, 0x00, 0x00, 0x00, 
0x00, 0x00, 0x00, 0x00, 0x00, 0x00, 0x00, 0x00, 0x00, 0x00, 0x00, 0x00, 
0x00, 0x00, 0x00, 0x00, 0x00, 0x00, 0x00, 0x00, 0x00, 0x00, 0x00, 0x00, 
0x00, 0x00, 0x00, 0x00, 0x00, 0x00, 0x00, 0x00, 0x00, 0x00, 0x00, 0x00, 
0x00, 0x00, 0x00, 0x00, 0x29, 0xBE, 0xC6, 0xB7, 0x29, 0xBE, 0xC6, 0xFF, 
0x29, 0xCC, 0xD1, 0xFF, 0x29, 0xCC, 0xD1, 0xFF, 0x29, 0xCC, 0xD1, 0xFF, 
0x29, 0xCC, 0xD1, 0xFF, 0x29, 0xC7, 0xCE, 0xFF, 0x1B, 0x91, 0x94, 0xFF, 
0x00, 0x1C, 0x21, 0xFF, 0x00, 0x1C, 0x21, 0xFF, 0x00, 0x1B, 0x21, 0xFF, 
0x00, 0x1B, 0x21, 0xFF, 0x00, 0x1B, 0x21, 0xFF, 0x00, 0x1B, 0x21, 0xFF, 
0x00, 0x19, 0x21, 0xFF, 0x00, 0x19, 0x21, 0xFF, 0x00, 0x19, 0x21, 0xFF, 
0x00, 0x19, 0x21, 0xFF, 0x10, 0x6D, 0x73, 0xFF, 0x29, 0xCB, 0xCE, 0xFF, 
0x29, 0xCB, 0xCE, 0xFF, 0x29, 0xCB, 0xCE, 0xFF, 0x29, 0xCC, 0xD1, 0xFF, 
0x29, 0xCC, 0xD1, 0xFF, 0x29, 0xCC, 0xD1, 0xFF, 0x29, 0xCC, 0xD1, 0xFF, 
0x29, 0xCC, 0xD1, 0xFF, 0x29, 0xCC, 0xD1, 0xFF, 0x29, 0xCC, 0xD1, 0xFF, 
0x29, 0xCC, 0xD1, 0xFF, 0x29, 0xCC, 0xD1, 0xFF, 0x29, 0xCC, 0xD1, 0xFF, 
0x29, 0xCC, 0xD1, 0xFF, 0x29, 0xCC, 0xD1, 0xFF, 0x29, 0xCC, 0xD1, 0xFF, 
0x29, 0xCC, 0xD1, 0xFF, 0x29, 0xCC, 0xD1, 0xFF, 0x29, 0xCC, 0xD1, 0xFF, 
0x29, 0xCB, 0xCE, 0xFF, 0x29, 0xCB, 0xCE, 0xFF, 0x10, 0xA6, 0xA5, 0xFF, 
0x10, 0xA6, 0xA5, 0xFF, 0x10, 0x9A, 0x9C, 0xFF, 0x10, 0x9A, 0x9C, 0xB7, 
0x00, 0x00, 0x00, 0x00, 0x00, 0x00, 0x00, 0x00, 0x00, 0x00, 0x00, 0x00, 
0x00, 0x00, 0x00, 0x00, 0x00, 0x00, 0x00, 0x00, 0x00, 0x00, 0x00, 0x00, 
0x00, 0x00, 0x00, 0x00, 0x00, 0x00, 0x00, 0x00, 0x00, 0x00, 0x00, 0x00, 
0x00, 0x00, 0x00, 0x00, 0x00, 0x00, 0x00, 0x00, 0x00, 0x00, 0x00, 0x00, 
0x00, 0x00, 0x00, 0x00, 0x00, 0x00, 0x00, 0x00, 0x00, 0x00, 0x00, 0x00, 
0x00, 0x00, 0x00, 0x00, 0x00, 0x00, 0x00, 0x00, 0x00, 0x00, 0x00, 0x00, 
0x00, 0x00, 0x00, 0x00, 0x00, 0x00, 0x00, 0x00, 0x29, 0xBE, 0xC6, 0xB7, 
0x29, 0xBE, 0xC6, 0xFF, 0x29, 0xCC, 0xD1, 0xFF, 0x29, 0xCC, 0xD1, 0xFF, 
0x29, 0xCC, 0xD1, 0xFF, 0x29, 0xCC, 0xD1, 0xFF, 0x29, 0xC7, 0xCE, 0xFF, 
0x1B, 0x91, 0x94, 0xFF, 0x00, 0x1C, 0x21, 0xFF, 0x00, 0x1C, 0x21, 0xFF, 
0x00, 0x1B, 0x21, 0xFF, 0x00, 0x1B, 0x21, 0xFF, 0x00, 0x1B, 0x21, 0xFF, 
0x00, 0x1B, 0x21, 0xFF, 0x00, 0x19, 0x21, 0xFF, 0x00, 0x19, 0x21, 0xFF, 
0x00, 0x19, 0x21, 0xFF, 0x00, 0x19, 0x21, 0xFF, 0x10, 0x6D, 0x73, 0xFF, 
0x29, 0xCB, 0xCE, 0xFF, 0x29, 0xCB, 0xCE, 0xFF, 0x29, 0xCB, 0xCE, 0xFF, 
0x29, 0xCC, 0xD1, 0xFF, 0x29, 0xCC, 0xD1, 0xFF, 0x29, 0xCC, 0xD1, 0xFF, 
0x29, 0xCC, 0xD1, 0xFF, 0x29, 0xCC, 0xD1, 0xFF, 0x29, 0xCC, 0xD1, 0xFF, 
0x29, 0xCC, 0xD1, 0xFF, 0x29, 0xCC, 0xD1, 0xFF, 0x29, 0xCC, 0xD1, 0xFF, 
0x29, 0xCC, 0xD1, 0xFF, 0x29, 0xCC, 0xD1, 0xFF, 0x29, 0xCC, 0xD1, 0xFF, 
0x29, 0xCC, 0xD1, 0xFF, 0x29, 0xCC, 0xD1, 0xFF, 0x29, 0xCC, 0xD1, 0xFF, 
0x29, 0xCC, 0xD1, 0xFF, 0x29, 0xCB, 0xCE, 0xFF, 0x29, 0xCB, 0xCE, 0xFF, 
0x10, 0xA6, 0xA5, 0xFF, 0x10, 0xA6, 0xA5, 0xFF, 0x10, 0x9A, 0x9C, 0xFF, 
0x10, 0x9A, 0x9C, 0xB7, 0x00, 0x00, 0x00, 0x00, 0x00, 0x00, 0x00, 0x00, 
0x00, 0x00, 0x00, 0x00, 0x00, 0x00, 0x00, 0x00, 0x00, 0x00, 0x00, 0x00, 
0x00, 0x00, 0x00, 0x00, 0x00, 0x00, 0x00, 0x00, 0x00, 0x00, 0x00, 0x00, 
0x00, 0x00, 0x00, 0x00, 0x00, 0x00, 0x00, 0x00, 0x00, 0x00, 0x00, 0x00, 
0x00, 0x00, 0x00, 0x00, 0x00, 0x00, 0x00, 0x00, 0x00, 0x00, 0x00, 0x00, 
0x00, 0x00, 0x00, 0x00, 0x00, 0x00, 0x00, 0x00, 0x00, 0x00, 0x00, 0x00, 
0x00, 0x00, 0x00, 0x00, 0x00, 0x00, 0x00, 0x00, 0x00, 0x00, 0x00, 0x00, 
0x29, 0xBE, 0xC6, 0xB7, 0x29, 0xBE, 0xC6, 0xFF, 0x29, 0xCC, 0xD1, 0xFF, 
0x29, 0xCC, 0xD1, 0xFF, 0x29, 0xCC, 0xD1, 0xFF, 0x29, 0xCC, 0xD1, 0xFF, 
0x29, 0xC7, 0xCE, 0xFF, 0x29, 0xC7, 0xCE, 0xFF, 0x00, 0x1C, 0x21, 0xFF, 
0x00, 0x1C, 0x21, 0xFF, 0x00, 0x1B, 0x21, 0xFF, 0x00, 0x1B, 0x21, 0xFF, 
0x00, 0x1B, 0x21, 0xFF, 0x00, 0x1B, 0x21, 0xFF, 0x00, 0x19, 0x21, 0xFF, 
0x00, 0x19, 0x21, 0xFF, 0x00, 0x19, 0x21, 0xFF, 0x00, 0x1B, 0x21, 0xFF, 
0x21, 0xAE, 0xB0, 0xFF, 0x29, 0xCB, 0xCE, 0xFF, 0x29, 0xCB, 0xCE, 0xFF, 
0x29, 0xCB, 0xCE, 0xFF, 0x29, 0xCC, 0xD1, 0xFF, 0x29, 0xCC, 0xD1, 0xFF, 
0x29, 0xCC, 0xD1, 0xFF, 0x29, 0xCC, 0xD1, 0xFF, 0x29, 0xCC, 0xD1, 0xFF, 
0x29, 0xCC, 0xD1, 0xFF, 0x29, 0xCC, 0xD1, 0xFF, 0x29, 0xCC, 0xD1, 0xFF, 
0x29, 0xCC, 0xD1, 0xFF, 0x29, 0xCC, 0xD1, 0xFF, 0x29, 0xCC, 0xD1, 0xFF, 
0x29, 0xCC, 0xD1, 0xFF, 0x29, 0xCC, 0xD1, 0xFF, 0x29, 0xCC, 0xD1, 0xFF, 
0x29, 0xCC, 0xD1, 0xFF, 0x29, 0xCC, 0xD1, 0xFF, 0x29, 0xCB, 0xCE, 0xFF, 
0x29, 0xCB, 0xCE, 0xFF, 0x10, 0xA6, 0xA5, 0xFF, 0x10, 0xA6, 0xA5, 0xFF, 
0x10, 0x9A, 0x9C, 0xFF, 0x10, 0x9A, 0x9C, 0xB7, 0x00, 0x00, 0x00, 0x00, 
0x00, 0x00, 0x00, 0x00, 0x00, 0x00, 0x00, 0x00, 0x00, 0x00, 0x00, 0x00, 
0x00, 0x00, 0x00, 0x00, 0x00, 0x00, 0x00, 0x00, 0x00, 0x00, 0x00, 0x00, 
0x00, 0x00, 0x00, 0x00, 0x00, 0x00, 0x00, 0x00, 0x00, 0x00, 0x00, 0x00, 
0x00, 0x00, 0x00, 0x00, 0x00, 0x00, 0x00, 0x00, 0x00, 0x00, 0x00, 0x00, 
0x00, 0x00, 0x00, 0x00, 0x00, 0x00, 0x00, 0x00, 0x00, 0x00, 0x00, 0x00, 
0x00, 0x00, 0x00, 0x00, 0x00, 0x00, 0x00, 0x00, 0x00, 0x00, 0x00, 0x00, 
0x00, 0x00, 0x00, 0x00, 0x29, 0xBE, 0xC6, 0xB7, 0x29, 0xBE, 0xC6, 0xFF, 
0x29, 0xCC, 0xD1, 0xFF, 0x29, 0xCC, 0xD1, 0xFF, 0x29, 0xCC, 0xD1, 0xFF, 
0x29, 0xCC, 0xD1, 0xFF, 0x29, 0xCB, 0xCE, 0xFF, 0x29, 0xCB, 0xCE, 0xFF, 
0x26, 0xC3, 0xC6, 0xFF, 0x21, 0xB2, 0xB5, 0xFF, 0x29, 0xCF, 0xD6, 0xFF, 
0x1B, 0x97, 0x9A, 0xFF, 0x00, 0x1C, 0x21, 0xFF, 0x00, 0x1C, 0x21, 0xFF, 
0x18, 0x8A, 0x8C, 0xFF, 0x23, 0xB7, 0xB8, 0xFF, 0x23, 0xB7, 0xB8, 0xFF, 
0x23, 0xB7, 0xB8, 0xFF, 0x29, 0xCC, 0xD1, 0xFF, 0x29, 0xCC, 0xD1, 0xFF, 
0x29, 0xCC, 0xD1, 0xFF, 0x29, 0xCC, 0xD1, 0xFF, 0x29, 0xCC, 0xD1, 0xFF, 
0x29, 0xCC, 0xD1, 0xFF, 0x29, 0xCC, 0xD1, 0xFF, 0x29, 0xCC, 0xD1, 0xFF, 
0x29, 0xCC, 0xD1, 0xFF, 0x29, 0xCC, 0xD1, 0xFF, 0x29, 0xCC, 0xD1, 0xFF, 
0x29, 0xCC, 0xD1, 0xFF, 0x29, 0xCC, 0xD1, 0xFF, 0x29, 0xCC, 0xD1, 0xFF, 
0x29, 0xCC, 0xD1, 0xFF, 0x29, 0xCC, 0xD1, 0xFF, 0x29, 0xCC, 0xD1, 0xFF, 
0x29, 0xCC, 0xD1, 0xFF, 0x29, 0xCC, 0xD1, 0xFF, 0x29, 0xCC, 0xD1, 0xFF, 
0x29, 0xCB, 0xCE, 0xFF, 0x29, 0xCB, 0xCE, 0xFF, 0x10, 0xA6, 0xA5, 0xFF, 
0x10, 0xA6, 0xA5, 0xFF, 0x10, 0x9A, 0x9C, 0xFF, 0x10, 0x9A, 0x9C, 0xB7, 
0x00, 0x00, 0x00, 0x00, 0x00, 0x00, 0x00, 0x00, 0x00, 0x00, 0x00, 0x00, 
0x00, 0x00, 0x00, 0x00, 0x00, 0x00, 0x00, 0x00, 0x00, 0x00, 0x00, 0x00, 
0x00, 0x00, 0x00, 0x00, 0x00, 0x00, 0x00, 0x00, 0x00, 0x00, 0x00, 0x00, 
0x00, 0x00, 0x00, 0x00, 0x00, 0x00, 0x00, 0x00, 0x00, 0x00, 0x00, 0x00, 
0x00, 0x00, 0x00, 0x00, 0x00, 0x00, 0x00, 0x00, 0x00, 0x00, 0x00, 0x00, 
0x00, 0x00, 0x00, 0x00, 0x00, 0x00, 0x00, 0x00, 0x00, 0x00, 0x00, 0x00, 
0x00, 0x00, 0x00, 0x00, 0x00, 0x00, 0x00, 0x00, 0x29, 0xBE, 0xC6, 0xB7, 
0x29, 0xBE, 0xC6, 0xFF, 0x29, 0xCC, 0xD1, 0xFF, 0x29, 0xCC, 0xD1, 0xFF, 
0x29, 0xCC, 0xD1, 0xFF, 0x29, 0xCC, 0xD1, 0xFF, 0x29, 0xCB, 0xCE, 0xFF, 
0x29, 0xCB, 0xCE, 0xFF, 0x29, 0xCB, 0xCE, 0xFF, 0x29, 0xCB, 0xCE, 0xFF, 
0x29, 0xCF, 0xD6, 0xFF, 0x1B, 0x97, 0x9A, 0xFF, 0x00, 0x1C, 0x21, 0xFF, 
0x00, 0x1C, 0x21, 0xFF, 0x1E, 0x9E, 0xA2, 0xFF, 0x29, 0xCB, 0xCE, 0xFF, 
0x29, 0xCB, 0xCE, 0xFF, 0x29, 0xCB, 0xCE, 0xFF, 0x29, 0xCC, 0xD1, 0xFF, 
0x29, 0xCC, 0xD1, 0xFF, 0x29, 0xCC, 0xD1, 0xFF, 0x29, 0xCC, 0xD1, 0xFF, 
0x29, 0xCC, 0xD1, 0xFF, 0x29, 0xCC, 0xD1, 0xFF, 0x29, 0xCC, 0xD1, 0xFF, 
0x29, 0xCC, 0xD1, 0xFF, 0x29, 0xCC, 0xD1, 0xFF, 0x29, 0xCC, 0xD1, 0xFF, 
0x29, 0xCC, 0xD1, 0xFF, 0x29, 0xCC, 0xD1, 0xFF, 0x29, 0xCC, 0xD1, 0xFF, 
0x29, 0xCC, 0xD1, 0xFF, 0x29, 0xCC, 0xD1, 0xFF, 0x29, 0xCC, 0xD1, 0xFF, 
0x29, 0xCC, 0xD1, 0xFF, 0x29, 0xCC, 0xD1, 0xFF, 0x29, 0xCC, 0xD1, 0xFF, 
0x29, 0xCC, 0xD1, 0xFF, 0x29, 0xCB, 0xCE, 0xFF, 0x29, 0xCB, 0xCE, 0xFF, 
0x10, 0xA6, 0xA5, 0xFF, 0x10, 0xA6, 0xA5, 0xFF, 0x10, 0x9A, 0x9C, 0xFF, 
0x10, 0x9A, 0x9C, 0xB7, 0x00, 0x00, 0x00, 0x00, 0x00, 0x00, 0x00, 0x00, 
0x00, 0x00, 0x00, 0x00, 0x00, 0x00, 0x00, 0x00, 0x00, 0x00, 0x00, 0x00, 
0x00, 0x00, 0x00, 0x00, 0x00, 0x00, 0x00, 0x00, 0x00, 0x00, 0x00, 0x00, 
0x00, 0x00, 0x00, 0x00, 0x00, 0x00, 0x00, 0x00, 0x00, 0x00, 0x00, 0x00, 
0x00, 0x00, 0x00, 0x00, 0x00, 0x00, 0x00, 0x00, 0x00, 0x00, 0x00, 0x00, 
0x00, 0x00, 0x00, 0x00, 0x00, 0x00, 0x00, 0x00, 0x00, 0x00, 0x00, 0x00, 
0x00, 0x00, 0x00, 0x00, 0x00, 0x00, 0x00, 0x00, 0x00, 0x00, 0x00, 0x00, 
0x29, 0xBE, 0xC6, 0xB7, 0x29, 0xBE, 0xC6, 0xFF, 0x29, 0xCC, 0xD1, 0xFF, 
0x29, 0xCC, 0xD1, 0xFF, 0x29, 0xCC, 0xD1, 0xFF, 0x29, 0xCC, 0xD1, 0xFF, 
0x29, 0xCB, 0xCE, 0xFF, 0x29, 0xCB, 0xCE, 0xFF, 0x29, 0xCB, 0xCE, 0xFF, 
0x29, 0xCB, 0xCE, 0xFF, 0x29, 0xCF, 0xD6, 0xFF, 0x1B, 0x97, 0x9A, 0xFF, 
0x00, 0x1C, 0x21, 0xFF, 0x00, 0x1C, 0x21, 0xFF, 0x1E, 0x9E, 0xA2, 0xFF, 
0x29, 0xCB, 0xCE, 0xFF, 0x29, 0xCB, 0xCE, 0xFF, 0x29, 0xCB, 0xCE, 0xFF, 
0x29, 0xCC, 0xD1, 0xFF, 0x29, 0xCC, 0xD1, 0xFF, 0x29, 0xCC, 0xD1, 0xFF, 
0x29, 0xCC, 0xD1, 0xFF, 0x29, 0xCC, 0xD1, 0xFF, 0x29, 0xCC, 0xD1, 0xFF, 
0x29, 0xCC, 0xD1, 0xFF, 0x29, 0xCC, 0xD1, 0xFF, 0x29, 0xCC, 0xD1, 0xFF, 
0x29, 0xCC, 0xD1, 0xFF, 0x29, 0xCC, 0xD1, 0xFF, 0x29, 0xCC, 0xD1, 0xFF, 
0x29, 0xCC, 0xD1, 0xFF, 0x29, 0xCC, 0xD1, 0xFF, 0x29, 0xCC, 0xD1, 0xFF, 
0x29, 0xCC, 0xD1, 0xFF, 0x29, 0xCC, 0xD1, 0xFF, 0x29, 0xCC, 0xD1, 0xFF, 
0x29, 0xCC, 0xD1, 0xFF, 0x29, 0xCC, 0xD1, 0xFF, 0x29, 0xCB, 0xCE, 0xFF, 
0x29, 0xCB, 0xCE, 0xFF, 0x10, 0xA6, 0xA5, 0xFF, 0x10, 0xA6, 0xA5, 0xFF, 
0x10, 0x9A, 0x9C, 0xFF, 0x10, 0x9A, 0x9C, 0xB7, 0x00, 0x00, 0x00, 0x00, 
0x00, 0x00, 0x00, 0x00, 0x00, 0x00, 0x00, 0x00, 0x00, 0x00, 0x00, 0x00, 
0x00, 0x00, 0x00, 0x00, 0x00, 0x00, 0x00, 0x00, 0x00, 0x00, 0x00, 0x00, 
0x00, 0x00, 0x00, 0x00, 0x00, 0x00, 0x00, 0x00, 0x00, 0x00, 0x00, 0x00, 
0x00, 0x00, 0x00, 0x00, 0x00, 0x00, 0x00, 0x00, 0x00, 0x00, 0x00, 0x00, 
0x00, 0x00, 0x00, 0x00, 0x00, 0x00, 0x00, 0x00, 0x00, 0x00, 0x00, 0x00, 
0x00, 0x00, 0x00, 0x00, 0x00, 0x00, 0x00, 0x00, 0x00, 0x00, 0x00, 0x00, 
0x00, 0x00, 0x00, 0x00, 0x29, 0xBE, 0xC6, 0xB7, 0x29, 0xBE, 0xC6, 0xFF, 
0x29, 0xCC, 0xD1, 0xFF, 0x29, 0xCC, 0xD1, 0xFF, 0x29, 0xCC, 0xD1, 0xFF, 
0x29, 0xCC, 0xD1, 0xFF, 0x29, 0xCB, 0xCE, 0xFF, 0x29, 0xCB, 0xCE, 0xFF, 
0x29, 0xCB, 0xCE, 0xFF, 0x29, 0xCB, 0xCE, 0xFF, 0x29, 0xCF, 0xD6, 0xFF, 
0x1B, 0x97, 0x9A, 0xFF, 0x00, 0x1C, 0x21, 0xFF, 0x00, 0x1C, 0x21, 0xFF, 
0x1E, 0x9E, 0xA2, 0xFF, 0x29, 0xCB, 0xCE, 0xFF, 0x29, 0xCB, 0xCE, 0xFF, 
0x29, 0xCB, 0xCE, 0xFF, 0x29, 0xCC, 0xD1, 0xFF, 0x29, 0xCC, 0xD1, 0xFF, 
0x29, 0xCC, 0xD1, 0xFF, 0x29, 0xCC, 0xD1, 0xFF, 0x29, 0xCC, 0xD1, 0xFF, 
0x29, 0xCC, 0xD1, 0xFF, 0x29, 0xCC, 0xD1, 0xFF, 0x29, 0xCC, 0xD1, 0xFF, 
0x29, 0xCC, 0xD1, 0xFF, 0x29, 0xCC, 0xD1, 0xFF, 0x29, 0xCC, 0xD1, 0xFF, 
0x29, 0xCC, 0xD1, 0xFF, 0x29, 0xCC, 0xD1, 0xFF, 0x29, 0xCC, 0xD1, 0xFF, 
0x29, 0xCC, 0xD1, 0xFF, 0x29, 0xCC, 0xD1, 0xFF, 0x29, 0xCC, 0xD1, 0xFF, 
0x29, 0xCC, 0xD1, 0xFF, 0x29, 0xCC, 0xD1, 0xFF, 0x29, 0xCC, 0xD1, 0xFF, 
0x29, 0xCB, 0xCE, 0xFF, 0x29, 0xCB, 0xCE, 0xFF, 0x10, 0xA6, 0xA5, 0xFF, 
0x10, 0xA6, 0xA5, 0xFF, 0x10, 0x9A, 0x9C, 0xFF, 0x10, 0x9A, 0x9C, 0xB7, 
0x00, 0x00, 0x00, 0x00, 0x00, 0x00, 0x00, 0x00, 0x00, 0x00, 0x00, 0x00, 
0x00, 0x00, 0x00, 0x00, 0x00, 0x00, 0x00, 0x00, 0x00, 0x00, 0x00, 0x00, 
0x00, 0x00, 0x00, 0x00, 0x00, 0x00, 0x00, 0x00, 0x00, 0x00, 0x00, 0x00, 
0x00, 0x00, 0x00, 0x00, 0x00, 0x00, 0x00, 0x00, 0x00, 0x00, 0x00, 0x00, 
0x00, 0x00, 0x00, 0x00, 0x00, 0x00, 0x00, 0x00, 0x00, 0x00, 0x00, 0x00, 
0x00, 0x00, 0x00, 0x00, 0x00, 0x00, 0x00, 0x00, 0x00, 0x00, 0x00, 0x00, 
0x00, 0x00, 0x00, 0x00, 0x00, 0x00, 0x00, 0x00, 0x29, 0xBE, 0xC6, 0xB7, 
0x29, 0xBE, 0xC6, 0xFF, 0x29, 0xCC, 0xD1, 0xFF, 0x29, 0xCC, 0xD1, 0xFF, 
0x29, 0xCC, 0xD1, 0xFF, 0x29, 0xCC, 0xD1, 0xFF, 0x29, 0xCB, 0xCE, 0xFF, 
0x29, 0xCB, 0xCE, 0xFF, 0x29, 0xCB, 0xCE, 0xFF, 0x1B, 0x94, 0x94, 0xFF, 
0x1B, 0x8E, 0x91, 0xFF, 0x1B, 0x8E, 0x91, 0xFF, 0x00, 0x10, 0x18, 0xFF, 
0x00, 0x10, 0x18, 0xFF, 0x1B, 0x93, 0x94, 0xFF, 0x1B, 0x93, 0x94, 0xFF, 
0x1B, 0x93, 0x94, 0xFF, 0x1B, 0x93, 0x94, 0xFF, 0x29, 0xCB, 0xCE, 0xFF, 
0x29, 0xCB, 0xCE, 0xFF, 0x29, 0xCB, 0xCE, 0xFF, 0x29, 0xCB, 0xCE, 0xFF, 
0x29, 0xCC, 0xD1, 0xFF, 0x29, 0xCC, 0xD1, 0xFF, 0x29, 0xCC, 0xD1, 0xFF, 
0x29, 0xCC, 0xD1, 0xFF, 0x29, 0xCC, 0xD1, 0xFF, 0x29, 0xCC, 0xD1, 0xFF, 
0x29, 0xCC, 0xD1, 0xFF, 0x29, 0xCC, 0xD1, 0xFF, 0x29, 0xCC, 0xD1, 0xFF, 
0x29, 0xCC, 0xD1, 0xFF, 0x29, 0xCC, 0xD1, 0xFF, 0x29, 0xCC, 0xD1, 0xFF, 
0x29, 0xCC, 0xD1, 0xFF, 0x29, 0xCC, 0xD1, 0xFF, 0x29, 0xCC, 0xD1, 0xFF, 
0x29, 0xCC, 0xD1, 0xFF, 0x29, 0xCB, 0xCE, 0xFF, 0x29, 0xCB, 0xCE, 0xFF, 
0x10, 0xA2, 0xA5, 0xFF, 0x10, 0xA2, 0xA5, 0xFF, 0x10, 0x9A, 0x9C, 0xFF, 
0x10, 0x9A, 0x9C, 0xB7, 0x00, 0x00, 0x00, 0x00, 0x00, 0x00, 0x00, 0x00, 
0x00, 0x00, 0x00, 0x00, 0x00, 0x00, 0x00, 0x00, 0x00, 0x00, 0x00, 0x00, 
0x00, 0x00, 0x00, 0x00, 0x00, 0x00, 0x00, 0x00, 0x00, 0x00, 0x00, 0x00, 
0x00, 0x00, 0x00, 0x00, 0x00, 0x00, 0x00, 0x00, 0x00, 0x00, 0x00, 0x00, 
0x00, 0x00, 0x00, 0x00, 0x00, 0x00, 0x00, 0x00, 0x00, 0x00, 0x00, 0x00, 
0x00, 0x00, 0x00, 0x00, 0x00, 0x00, 0x00, 0x00, 0x00, 0x00, 0x00, 0x00, 
0x00, 0x00, 0x00, 0x00, 0x00, 0x00, 0x00, 0x00, 0x00, 0x00, 0x00, 0x00, 
0x29, 0xBE, 0xC6, 0xB7, 0x29, 0xBE, 0xC6, 0xFF, 0x29, 0xCC, 0xD1, 0xFF, 
0x29, 0xCC, 0xD1, 0xFF, 0x29, 0xCC, 0xD1, 0xFF, 0x29, 0xCC, 0xD1, 0xFF, 
0x29, 0xCB, 0xCE, 0xFF, 0x1B, 0x94, 0x94, 0xFF, 0x00, 0x1C, 0x21, 0xFF, 
0x00, 0x1C, 0x21, 0xFF, 0x00, 0x10, 0x18, 0xFF, 0x00, 0x10, 0x18, 0xFF, 
0x00, 0x10, 0x18, 0xFF, 0x00, 0x10, 0x18, 0xFF, 0x00, 0x18, 0x21, 0xFF, 
0x00, 0x18, 0x21, 0xFF, 0x00, 0x18, 0x21, 0xFF, 0x00, 0x18, 0x21, 0xFF, 
0x18, 0x8A, 0x91, 0xFF, 0x29, 0xCB, 0xCE, 0xFF, 0x29, 0xCB, 0xCE, 0xFF, 
0x29, 0xCB, 0xCE, 0xFF, 0x29, 0xCC, 0xD1, 0xFF, 0x29, 0xCC, 0xD1, 0xFF, 
0x29, 0xCC, 0xD1, 0xFF, 0x29, 0xCC, 0xD1, 0xFF, 0x29, 0xCC, 0xD1, 0xFF, 
0x29, 0xCC, 0xD1, 0xFF, 0x29, 0xCC, 0xD1, 0xFF, 0x29, 0xCC, 0xD1, 0xFF, 
0x29, 0xCC, 0xD1, 0xFF, 0x29, 0xCC, 0xD1, 0xFF, 0x29, 0xCC, 0xD1, 0xFF, 
0x29, 0xCC, 0xD1, 0xFF, 0x29, 0xCC, 0xD1, 0xFF, 0x29, 0xCC, 0xD1, 0xFF, 
0x29, 0xCC, 0xD1, 0xFF, 0x29, 0xCC, 0xD1, 0xFF, 0x29, 0xCB, 0xCE, 0xFF, 
0x29, 0xCB, 0xCE, 0xFF, 0x10, 0xA2, 0xA5, 0xFF, 0x10, 0xA2, 0xA5, 0xFF, 
0x10, 0x9A, 0x9C, 0xFF, 0x10, 0x9A, 0x9C, 0x6F, 0x00, 0x00, 0x00, 0x00, 
0x00, 0x00, 0x00, 0x00, 0x00, 0x00, 0x00, 0x00, 0x00, 0x00, 0x00, 0x00, 
0x00, 0x00, 0x00, 0x00, 0x00, 0x00, 0x00, 0x00, 0x00, 0x00, 0x00, 0x00, 
0x00, 0x00, 0x00, 0x00, 0x00, 0x00, 0x00, 0x00, 0x00, 0x00, 0x00, 0x00, 
0x00, 0x00, 0x00, 0x00, 0x00, 0x00, 0x00, 0x00, 0x00, 0x00, 0x00, 0x00, 
0x00, 0x00, 0x00, 0x00, 0x00, 0x00, 0x00, 0x00, 0x00, 0x00, 0x00, 0x00, 
0x00, 0x00, 0x00, 0x00, 0x00, 0x00, 0x00, 0x00, 0x00, 0x00, 0x00, 0x00, 
0x00, 0x00, 0x00, 0x00, 0x29, 0xBE, 0xC6, 0xB7, 0x29, 0xBE, 0xC6, 0xFF, 
0x29, 0xCC, 0xD1, 0xFF, 0x29, 0xCC, 0xD1, 0xFF, 0x29, 0xCC, 0xD1, 0xFF, 
0x29, 0xCC, 0xD1, 0xFF, 0x29, 0xCB, 0xCE, 0xFF, 0x1B, 0x94, 0x94, 0xFF, 
0x00, 0x1C, 0x21, 0xFF, 0x00, 0x1C, 0x21, 0xFF, 0x0D, 0x49, 0x55, 0xFF, 
0x0D, 0x49, 0x55, 0xFF, 0x0D, 0x49, 0x55, 0xFF, 0x0D, 0x49, 0x55, 0xFF, 
0x0D, 0x50, 0x5A, 0xFF, 0x0D, 0x50, 0x5A, 0xFF, 0x00, 0x18, 0x21, 0xFF, 
0x00, 0x18, 0x21, 0xFF, 0x10, 0x6D, 0x73, 0xFF, 0x29, 0xCB, 0xCE, 0xFF, 
0x29, 0xCB, 0xCE, 0xFF, 0x29, 0xCB, 0xCE, 0xFF, 0x29, 0xCC, 0xD1, 0xFF, 
0x29, 0xCC, 0xD1, 0xFF, 0x29, 0xCC, 0xD1, 0xFF, 0x29, 0xCC, 0xD1, 0xFF, 
0x29, 0xCC, 0xD1, 0xFF, 0x29, 0xCC, 0xD1, 0xFF, 0x29, 0xCC, 0xD1, 0xFF, 
0x29, 0xCC, 0xD1, 0xFF, 0x29, 0xCC, 0xD1, 0xFF, 0x29, 0xCC, 0xD1, 0xFF, 
0x29, 0xCC, 0xD1, 0xFF, 0x29, 0xCC, 0xD1, 0xFF, 0x29, 0xCC, 0xD1, 0xFF, 
0x29, 0xCC, 0xD1, 0xFF, 0x29, 0xCC, 0xD1, 0xFF, 0x29, 0xCC, 0xD1, 0xFF, 
0x29, 0xCB, 0xCE, 0xFF, 0x21, 0xBE, 0xC0, 0xFF, 0x10, 0xA2, 0xA5, 0xFF, 
0x10, 0xA2, 0xA5, 0xFF, 0x10, 0x9A, 0x9C, 0xFF, 0x0B, 0x6A, 0x68, 0x24, 
0x00, 0x00, 0x00, 0x00, 0x00, 0x00, 0x00, 0x00, 0x00, 0x00, 0x00, 0x00, 
0x00, 0x00, 0x00, 0x00, 0x00, 0x00, 0x00, 0x00, 0x00, 0x00, 0x00, 0x00, 
0x00, 0x00, 0x00, 0x00, 0x00, 0x00, 0x00, 0x00, 0x00, 0x00, 0x00, 0x00, 
0x00, 0x00, 0x00, 0x00, 0x00, 0x00, 0x00, 0x00, 0x00, 0x00, 0x00, 0x00, 
0x00, 0x00, 0x00, 0x00, 0x00, 0x00, 0x00, 0x00, 0x00, 0x00, 0x00, 0x00, 
0x00, 0x00, 0x00, 0x00, 0x00, 0x00, 0x00, 0x00, 0x00, 0x00, 0x00, 0x00, 
0x00, 0x00, 0x00, 0x00, 0x00, 0x00, 0x00, 0x00, 0x29, 0xBE, 0xC6, 0xB7, 
0x29, 0xBE, 0xC6, 0xFF, 0x29, 0xCC, 0xD1, 0xFF, 0x29, 0xCC, 0xD1, 0xFF, 
0x29, 0xCC, 0xD1, 0xFF, 0x29, 0xCC, 0xD1, 0xFF, 0x29, 0xCB, 0xCE, 0xFF, 
0x1B, 0x94, 0x94, 0xFF, 0x00, 0x1C, 0x21, 0xFF, 0x0D, 0x53, 0x5A, 0xFF, 
0x29, 0xC7, 0xCE, 0xFF, 0x29, 0xC7, 0xCE, 0xFF, 0x29, 0xC7, 0xCE, 0xFF, 
0x29, 0xC7, 0xCE, 0xFF, 0x29, 0xCB, 0xCE, 0xFF, 0x29, 0xCB, 0xCE, 0xFF, 
0x1B, 0x93, 0x94, 0xFF, 0x00, 0x18, 0x21, 0xFF, 0x10, 0x6D, 0x73, 0xFF, 
0x29, 0xCB, 0xCE, 0xFF, 0x29, 0xCB, 0xCE, 0xFF, 0x29, 0xCB, 0xCE, 0xFF, 
0x29, 0xCC, 0xD1, 0xFF, 0x29, 0xCC, 0xD1, 0xFF, 0x29, 0xCC, 0xD1, 0xFF, 
0x29, 0xCC, 0xD1, 0xFF, 0x29, 0xCC, 0xD1, 0xFF, 0x29, 0xCC, 0xD1, 0xFF, 
0x29, 0xCC, 0xD1, 0xFF, 0x29, 0xCC, 0xD1, 0xFF, 0x29, 0xCC, 0xD1, 0xFF, 
0x29, 0xCC, 0xD1, 0xFF, 0x29, 0xCC, 0xD1, 0xFF, 0x29, 0xCC, 0xD1, 0xFF, 
0x29, 0xCC, 0xD1, 0xFF, 0x29, 0xCC, 0xD1, 0xFF, 0x29, 0xCC, 0xD1, 0xFF, 
0x29, 0xCC, 0xD1, 0xFF, 0x29, 0xCB, 0xCE, 0xFF, 0x10, 0xA2, 0xA5, 0xFF, 
0x10, 0xA2, 0xA5, 0xFF, 0x10, 0xA2, 0xA5, 0xFF, 0x10, 0x9A, 0x9C, 0x90, 
0x00, 0x00, 0x00, 0x00, 0x00, 0x00, 0x00, 0x00, 0x00, 0x00, 0x00, 0x00, 
0x00, 0x00, 0x00, 0x00, 0x00, 0x00, 0x00, 0x00, 0x00, 0x00, 0x00, 0x00, 
0x00, 0x00, 0x00, 0x00, 0x00, 0x00, 0x00, 0x00, 0x00, 0x00, 0x00, 0x00, 
0x00, 0x00, 0x00, 0x00, 0x00, 0x00, 0x00, 0x00, 0x00, 0x00, 0x00, 0x00, 
0x00, 0x00, 0x00, 0x00, 0x00, 0x00, 0x00, 0x00, 0x00, 0x00, 0x00, 0x00, 
0x00, 0x00, 0x00, 0x00, 0x00, 0x00, 0x00, 0x00, 0x00, 0x00, 0x00, 0x00, 
0x00, 0x00, 0x00, 0x00, 0x00, 0x00, 0x00, 0x00, 0x00, 0x00, 0x00, 0x00, 
0x29, 0xBE, 0xC6, 0xB7, 0x29, 0xBE, 0xC6, 0xFF, 0x29, 0xCC, 0xD1, 0xFF, 
0x29, 0xCC, 0xD1, 0xFF, 0x29, 0xCC, 0xD1, 0xFF, 0x29, 0xCC, 0xD1, 0xFF, 
0x29, 0xCF, 0xCE, 0xFF, 0x1B, 0x97, 0x94, 0xFF, 0x00, 0x1C, 0x21, 0xFF, 
0x0D, 0x54, 0x5A, 0xFF, 0x29, 0xCC, 0xD1, 0xFF, 0x29, 0xCC, 0xD1, 0xFF, 
0x29, 0xCC, 0xD1, 0xFF, 0x29, 0xCC, 0xD1, 0xFF, 0x29, 0xCB, 0xCE, 0xFF, 
0x29, 0xCB, 0xCE, 0xFF, 0x1B, 0x93, 0x94, 0xFF, 0x00, 0x18, 0x21, 0xFF, 
0x10, 0x6D, 0x73, 0xFF, 0x29, 0xCB, 0xCE, 0xFF, 0x29, 0xCB, 0xCE, 0xFF, 
0x29, 0xCB, 0xCE, 0xFF, 0x29, 0xCC, 0xD1, 0xFF, 0x29, 0xCC, 0xD1, 0xFF, 
0x29, 0xCC, 0xD1, 0xFF, 0x29, 0xCC, 0xD1, 0xFF, 0x29, 0xCB, 0xCE, 0xFF, 
0x29, 0xCB, 0xCE, 0xFF, 0x29, 0xCB, 0xCE, 0xFF, 0x29, 0xCB, 0xCE, 0xFF, 
0x29, 0xCB, 0xCE, 0xFF, 0x29, 0xCB, 0xCE, 0xFF, 0x29, 0xCB, 0xCE, 0xFF, 
0x29, 0xCB, 0xCE, 0xFF, 0x29, 0xCB, 0xCE, 0xFF, 0x29, 0xCB, 0xCE, 0xFF, 
0x29, 0xCB, 0xCE, 0xFF, 0x29, 0xCB, 0xCE, 0xFF, 0x10, 0xA2, 0xA5, 0xFF, 
0x10, 0xA2, 0xA5, 0xFF, 0x10, 0xA2, 0xA5, 0xFF, 0x10, 0xA2, 0xA5, 0x90, 
0x00, 0x30, 0x31, 0x02, 0x00, 0x00, 0x00, 0x00, 0x00, 0x00, 0x00, 0x00, 
0x00, 0x00, 0x00, 0x00, 0x00, 0x00, 0x00, 0x00, 0x00, 0x00, 0x00, 0x00, 
0x00, 0x00, 0x00, 0x00, 0x00, 0x00, 0x00, 0x00, 0x00, 0x00, 0x00, 0x00, 
0x00, 0x00, 0x00, 0x00, 0x00, 0x00, 0x00, 0x00, 0x00, 0x00, 0x00, 0x00, 
0x00, 0x00, 0x00, 0x00, 0x00, 0x00, 0x00, 0x00, 0x00, 0x00, 0x00, 0x00, 
0x00, 0x00, 0x00, 0x00, 0x00, 0x00, 0x00, 0x00, 0x00, 0x00, 0x00, 0x00, 
0x00, 0x00, 0x00, 0x00, 0x00, 0x00, 0x00, 0x00, 0x00, 0x00, 0x00, 0x00, 
0x00, 0x00, 0x00, 0x00, 0x29, 0xBE, 0xC6, 0xB7, 0x29, 0xBE, 0xC6, 0xFF, 
0x29, 0xCC, 0xD1, 0xFF, 0x29, 0xCC, 0xD1, 0xFF, 0x29, 0xCC, 0xD1, 0xFF, 
0x29, 0xCC, 0xD1, 0xFF, 0x29, 0xCF, 0xCE, 0xFF, 0x1B, 0x97, 0x94, 0xFF, 
0x00, 0x1C, 0x21, 0xFF, 0x0D, 0x54, 0x5A, 0xFF, 0x29, 0xCC, 0xD1, 0xFF, 
0x29, 0xCC, 0xD1, 0xFF, 0x29, 0xCC, 0xD1, 0xFF, 0x29, 0xCC, 0xD1, 0xFF, 
0x29, 0xCB, 0xCE, 0xFF, 0x29, 0xCB, 0xCE, 0xFF, 0x1B, 0x93, 0x94, 0xFF, 
0x00, 0x18, 0x21, 0xFF, 0x10, 0x6D, 0x73, 0xFF, 0x29, 0xCB, 0xCE, 0xFF, 
0x29, 0xCB, 0xCE, 0xFF, 0x29, 0xCB, 0xCE, 0xFF, 0x29, 0xCC, 0xD1, 0xFF, 
0x29, 0xCC, 0xD1, 0xFF, 0x29, 0xCC, 0xD1, 0xFF, 0x29, 0xCC, 0xD1, 0xFF, 
0x29, 0xCB, 0xCE, 0xFF, 0x29, 0xCB, 0xCE, 0xFF, 0x1E, 0xB8, 0xBB, 0xFF, 
0x1E, 0xB8, 0xBB, 0xFF, 0x1E, 0xB8, 0xBB, 0xFF, 0x1E, 0xB8, 0xBB, 0xFF, 
0x1E, 0xB8, 0xBB, 0xFF, 0x1E, 0xB8, 0xBB, 0xFF, 0x1E, 0xB8, 0xBB, 0xFF, 
0x1E, 0xB8, 0xBB, 0xFF, 0x13, 0xA1, 0xA7, 0xFF, 0x13, 0xA1, 0xA7, 0xFF, 
0x10, 0xA2, 0xA5, 0xFF, 0x10, 0xA2, 0xA5, 0xFF, 0x10, 0xA2, 0xA5, 0x90, 
0x05, 0x33, 0x37, 0x00, 0x00, 0x00, 0x00, 0x00, 0x00, 0x00, 0x00, 0x00, 
0x00, 0x00, 0x00, 0x00, 0x00, 0x00, 0x00, 0x00, 0x00, 0x00, 0x00, 0x00, 
0x00, 0x00, 0x00, 0x00, 0x00, 0x00, 0x00, 0x00, 0x00, 0x00, 0x00, 0x00, 
0x00, 0x00, 0x00, 0x00, 0x00, 0x00, 0x00, 0x00, 0x00, 0x00, 0x00, 0x00, 
0x00, 0x00, 0x00, 0x00, 0x00, 0x00, 0x00, 0x00, 0x00, 0x00, 0x00, 0x00, 
0x00, 0x00, 0x00, 0x00, 0x00, 0x00, 0x00, 0x00, 0x00, 0x00, 0x00, 0x00, 
0x00, 0x00, 0x00, 0x00, 0x00, 0x00, 0x00, 0x00, 0x00, 0x00, 0x00, 0x00, 
0x00, 0x00, 0x00, 0x00, 0x00, 0x00, 0x00, 0x00, 0x29, 0xBE, 0xC6, 0xB7, 
0x29, 0xBE, 0xC6, 0xFF, 0x29, 0xCC, 0xD1, 0xFF, 0x29, 0xCC, 0xD1, 0xFF, 
0x29, 0xCC, 0xD1, 0xFF, 0x29, 0xCC, 0xD1, 0xFF, 0x29, 0xCF, 0xCE, 0xFF, 
0x1B, 0x97, 0x94, 0xFF, 0x00, 0x1C, 0x21, 0xFF, 0x0D, 0x54, 0x5A, 0xFF, 
0x29, 0xCC, 0xD1, 0xFF, 0x29, 0xCC, 0xD1, 0xFF, 0x29, 0xCC, 0xD1, 0xFF, 
0x29, 0xCC, 0xD1, 0xFF, 0x29, 0xCB, 0xCE, 0xFF, 0x29, 0xCB, 0xCE, 0xFF, 
0x1B, 0x93, 0x94, 0xFF, 0x00, 0x18, 0x21, 0xFF, 0x10, 0x6D, 0x73, 0xFF, 
0x29, 0xCB, 0xCE, 0xFF, 0x29, 0xCB, 0xCE, 0xFF, 0x29, 0xCB, 0xCE, 0xFF, 
0x29, 0xCC, 0xD1, 0xFF, 0x29, 0xCC, 0xD1, 0xFF, 0x29, 0xCC, 0xD1, 0xFF, 
0x29, 0xCC, 0xD1, 0xFF, 0x29, 0xCB, 0xCE, 0xFF, 0x1E, 0xB8, 0xBB, 0xFF, 
0x08, 0x8E, 0x94, 0xFF, 0x08, 0x8E, 0x94, 0xFF, 0x08, 0x8E, 0x94, 0xFF, 
0x08, 0x8E, 0x94, 0xFF, 0x08, 0x8E, 0x94, 0xFF, 0x08, 0x8E, 0x94, 0xFF, 
0x08, 0x8E, 0x94, 0xFF, 0x08, 0x8E, 0x94, 0xFF, 0x08, 0x8E, 0x94, 0xFF, 
0x08, 0x8E, 0x94, 0xFF, 0x10, 0xA2, 0xA5, 0xFF, 0x0B, 0x6F, 0x6E, 0x90, 
0x05, 0x33, 0x37, 0x00, 0x00, 0x00, 0x00, 0x00, 0x00, 0x00, 0x00, 0x00, 
0x00, 0x00, 0x00, 0x00, 0x00, 0x00, 0x00, 0x00, 0x00, 0x00, 0x00, 0x00, 
0x00, 0x00, 0x00, 0x00, 0x00, 0x00, 0x00, 0x00, 0x00, 0x00, 0x00, 0x00, 
0x00, 0x00, 0x00, 0x00, 0x00, 0x00, 0x00, 0x00, 0x00, 0x00, 0x00, 0x00, 
0x00, 0x00, 0x00, 0x00, 0x00, 0x00, 0x00, 0x00, 0x00, 0x00, 0x00, 0x00, 
0x00, 0x00, 0x00, 0x00, 0x00, 0x00, 0x00, 0x00, 0x00, 0x00, 0x00, 0x00, 
0x00, 0x00, 0x00, 0x00, 0x00, 0x00, 0x00, 0x00, 0x00, 0x00, 0x00, 0x00, 
0x00, 0x00, 0x00, 0x00, 0x00, 0x00, 0x00, 0x00, 0x00, 0x00, 0x00, 0x00, 
0x29, 0xBE, 0xC6, 0xB7, 0x29, 0xBE, 0xC6, 0xFF, 0x29, 0xCC, 0xD1, 0xFF, 
0x29, 0xCC, 0xD1, 0xFF, 0x29, 0xCC, 0xD1, 0xFF, 0x29, 0xCC, 0xD1, 0xFF, 
0x29, 0xCF, 0xCE, 0xFF, 0x1B, 0x97, 0x94, 0xFF, 0x00, 0x1C, 0x21, 0xFF, 
0x0D, 0x54, 0x5A, 0xFF, 0x29, 0xCC, 0xD1, 0xFF, 0x29, 0xCC, 0xD1, 0xFF, 
0x29, 0xCC, 0xD1, 0xFF, 0x29, 0xCC, 0xD1, 0xFF, 0x29, 0xCB, 0xCE, 0xFF, 
0x29, 0xCB, 0xCE, 0xFF, 0x1B, 0x93, 0x94, 0xFF, 0x00, 0x18, 0x21, 0xFF, 
0x10, 0x6D, 0x73, 0xFF, 0x29, 0xCB, 0xCE, 0xFF, 0x29, 0xCB, 0xCE, 0xFF, 
0x29, 0xCB, 0xCE, 0xFF, 0x29, 0xCC, 0xD1, 0xFF, 0x29, 0xCC, 0xD1, 0xFF, 
0x29, 0xCC, 0xD1, 0xFF, 0x29, 0xCC, 0xD1, 0xFF, 0x29, 0xCB, 0xCE, 0xFF, 
0x1E, 0xB8, 0xBB, 0xFF, 0x08, 0x8E, 0x94, 0xFF, 0x08, 0x8E, 0x94, 0xFF, 
0x08, 0x8E, 0x94, 0xFF, 0x08, 0x8E, 0x94, 0xFF, 0x08, 0x8E, 0x94, 0xFF, 
0x08, 0x8E, 0x94, 0xFF, 0x08, 0x8E, 0x94, 0xFF, 0x08, 0x8E, 0x94, 0xFF, 
0x08, 0x8E, 0x94, 0xFF, 0x08, 0x8E, 0x94, 0xFF, 0x0B, 0x6F, 0x6E, 0x90, 
0x05, 0x33, 0x37, 0x00, 0x00, 0x00, 0x00, 0x00, 0x00, 0x00, 0x00, 0x00, 
0x00, 0x00, 0x00, 0x00, 0x00, 0x00, 0x00, 0x00, 0x00, 0x00, 0x00, 0x00, 
0x00, 0x00, 0x00, 0x00, 0x00, 0x00, 0x00, 0x00, 0x00, 0x00, 0x00, 0x00, 
0x00, 0x00, 0x00, 0x00, 0x00, 0x00, 0x00, 0x00, 0x00, 0x00, 0x00, 0x00, 
0x00, 0x00, 0x00, 0x00, 0x00, 0x00, 0x00, 0x00, 0x00, 0x00, 0x00, 0x00, 
0x00, 0x00, 0x00, 0x00, 0x00, 0x00, 0x00, 0x00, 0x00, 0x00, 0x00, 0x00, 
0x00, 0x00, 0x00, 0x00, 0x00, 0x00, 0x00, 0x00, 0x00, 0x00, 0x00, 0x00, 
0x00, 0x00, 0x00, 0x00, 0x00, 0x00, 0x00, 0x00, 0x00, 0x00, 0x00, 0x00, 
0x00, 0x00, 0x00, 0x00, 0x29, 0xBE, 0xC6, 0xB7, 0x29, 0xBE, 0xC6, 0xFF, 
0x29, 0xCC, 0xD1, 0xFF, 0x29, 0xCC, 0xD1, 0xFF, 0x29, 0xCC, 0xD1, 0xFF, 
0x29, 0xCC, 0xD1, 0xFF, 0x29, 0xCB, 0xCE, 0xFF, 0x1B, 0x94, 0x94, 0xFF, 
0x00, 0x1C, 0x21, 0xFF, 0x0D, 0x53, 0x5A, 0xFF, 0x29, 0xD3, 0xD6, 0xFF, 
0x29, 0xD3, 0xD6, 0xFF, 0x29, 0xD3, 0xD6, 0xFF, 0x29, 0xD3, 0xD6, 0xFF, 
0x29, 0xCF, 0xD6, 0xFF, 0x29, 0xCF, 0xD6, 0xFF, 0x1B, 0x97, 0x9A, 0xFF, 
0x00, 0x1C, 0x21, 0xFF, 0x10, 0x71, 0x73, 0xFF, 0x29, 0xCB, 0xCE, 0xFF, 
0x29, 0xCB, 0xCE, 0xFF, 0x29, 0xCB, 0xCE, 0xFF, 0x29, 0xCC, 0xD1, 0xFF, 
0x29, 0xCC, 0xD1, 0xFF, 0x29, 0xCC, 0xD1, 0xFF, 0x29, 0xCC, 0xD1, 0xFF, 
0x29, 0xC7, 0xCE, 0xFF, 0x1E, 0xB5, 0xBB, 0xFF, 0x08, 0x8E, 0x94, 0xFF, 
0x08, 0x8E, 0x94, 0xFF, 0x0B, 0x91, 0x94, 0xFF, 0x0B, 0x91, 0x94, 0xFF, 
0x0B, 0x91, 0x94, 0xFF, 0x0B, 0x91, 0x94, 0xFF, 0x08, 0x8A, 0x8C, 0xFF, 
0x08, 0x8A, 0x8C, 0xFF, 0x08, 0x8A, 0x8C, 0xFF, 0x08, 0x8A, 0x8C, 0x90, 
0x00, 0x2C, 0x31, 0x02, 0x00, 0x00, 0x00, 0x00, 0x00, 0x00, 0x00, 0x00, 
0x00, 0x00, 0x00, 0x00, 0x00, 0x00, 0x00, 0x00, 0x00, 0x00, 0x00, 0x00, 
0x00, 0x00, 0x00, 0x00, 0x00, 0x00, 0x00, 0x00, 0x00, 0x00, 0x00, 0x00, 
0x00, 0x00, 0x00, 0x00, 0x00, 0x00, 0x00, 0x00, 0x00, 0x00, 0x00, 0x00, 
0x00, 0x00, 0x00, 0x00, 0x00, 0x00, 0x00, 0x00, 0x00, 0x00, 0x00, 0x00, 
0x00, 0x00, 0x00, 0x00, 0x00, 0x00, 0x00, 0x00, 0x00, 0x00, 0x00, 0x00, 
0x00, 0x00, 0x00, 0x00, 0x00, 0x00, 0x00, 0x00, 0x00, 0x00, 0x00, 0x00, 
0x00, 0x00, 0x00, 0x00, 0x00, 0x00, 0x00, 0x00, 0x00, 0x00, 0x00, 0x00, 
0x00, 0x00, 0x00, 0x00, 0x00, 0x00, 0x00, 0x00, 0x29, 0xBE, 0xC6, 0xB7, 
0x29, 0xBE, 0xC6, 0xFF, 0x29, 0xCC, 0xD1, 0xFF, 0x29, 0xCC, 0xD1, 0xFF, 
0x29, 0xCC, 0xD1, 0xFF, 0x29, 0xCC, 0xD1, 0xFF, 0x29, 0xCB, 0xCE, 0xFF, 
0x1B, 0x94, 0x94, 0xFF, 0x00, 0x1C, 0x21, 0xFF, 0x0D, 0x53, 0x5A, 0xFF, 
0x1B, 0x9B, 0x9C, 0xFF, 0x1B, 0x9B, 0x9C, 0xFF, 0x1B, 0x9B, 0x9C, 0xFF, 
0x1B, 0x9B, 0x9C, 0xFF, 0x1B, 0x97, 0x9A, 0xFF, 0x1B, 0x97, 0x9A, 0xFF, 
0x0D, 0x54, 0x5D, 0xFF, 0x00, 0x1C, 0x21, 0xFF, 0x10, 0x71, 0x73, 0xFF, 
0x29, 0xCB, 0xCE, 0xFF, 0x29, 0xCB, 0xCE, 0xFF, 0x29, 0xCB, 0xCE, 0xFF, 
0x29, 0xCC, 0xD1, 0xFF, 0x29, 0xCC, 0xD1, 0xFF, 0x29, 0xCC, 0xD1, 0xFF, 
0x29, 0xCC, 0xD1, 0xFF, 0x29, 0xC7, 0xCE, 0xFF, 0x1E, 0xB5, 0xBB, 0xFF, 
0x08, 0x8E, 0x94, 0xFF, 0x08, 0x8E, 0x94, 0xFF, 0x0B, 0x91, 0x94, 0xFF, 
0x0B, 0x91, 0x94, 0xFF, 0x0B, 0x91, 0x94, 0xFF, 0x0B, 0x91, 0x94, 0xFF, 
0x08, 0x8A, 0x8C, 0xFF, 0x08, 0x8A, 0x8C, 0xFF, 0x08, 0x8A, 0x8C, 0x90, 
0x02, 0x2B, 0x2E, 0x00, 0x00, 0x00, 0x00, 0x00, 0x00, 0x00, 0x00, 0x00, 
0x00, 0x00, 0x00, 0x00, 0x00, 0x00, 0x00, 0x00, 0x00, 0x00, 0x00, 0x00, 
0x00, 0x00, 0x00, 0x00, 0x00, 0x00, 0x00, 0x00, 0x00, 0x00, 0x00, 0x00, 
0x00, 0x00, 0x00, 0x00, 0x00, 0x00, 0x00, 0x00, 0x00, 0x00, 0x00, 0x00, 
0x00, 0x00, 0x00, 0x00, 0x00, 0x00, 0x00, 0x00, 0x00, 0x00, 0x00, 0x00, 
0x00, 0x00, 0x00, 0x00, 0x00, 0x00, 0x00, 0x00, 0x00, 0x00, 0x00, 0x00, 
0x00, 0x00, 0x00, 0x00, 0x00, 0x00, 0x00, 0x00, 0x00, 0x00, 0x00, 0x00, 
0x00, 0x00, 0x00, 0x00, 0x00, 0x00, 0x00, 0x00, 0x00, 0x00, 0x00, 0x00, 
0x00, 0x00, 0x00, 0x00, 0x00, 0x00, 0x00, 0x00, 0x00, 0x00, 0x00, 0x00, 
0x29, 0xBE, 0xC6, 0xB7, 0x29, 0xBE, 0xC6, 0xFF, 0x29, 0xCC, 0xD1, 0xFF, 
0x29, 0xCC, 0xD1, 0xFF, 0x29, 0xCC, 0xD1, 0xFF, 0x29, 0xCC, 0xD1, 0xFF, 
0x29, 0xCB, 0xCE, 0xFF, 0x1B, 0x94, 0x94, 0xFF, 0x00, 0x1C, 0x21, 0xFF, 
0x00, 0x1C, 0x21, 0xFF, 0x00, 0x20, 0x29, 0xFF, 0x00, 0x20, 0x29, 0xFF, 
0x00, 0x20, 0x29, 0xFF, 0x00, 0x20, 0x29, 0xFF, 0x00, 0x1C, 0x21, 0xFF, 
0x00, 0x1C, 0x21, 0xFF, 0x00, 0x1C, 0x21, 0xFF, 0x00, 0x1C, 0x21, 0xFF, 
0x10, 0x71, 0x73, 0xFF, 0x29, 0xCB, 0xCE, 0xFF, 0x29, 0xCB, 0xCE, 0xFF, 
0x29, 0xCB, 0xCE, 0xFF, 0x29, 0xCC, 0xD1, 0xFF, 0x29, 0xCC, 0xD1, 0xFF, 
0x29, 0xCC, 0xD1, 0xFF, 0x29, 0xCC, 0xD1, 0xFF, 0x29, 0xC7, 0xCE, 0xFF, 
0x1E, 0xB5, 0xBB, 0xFF, 0x08, 0x8E, 0x94, 0xFF, 0x08, 0x8E, 0x94, 0xFF, 
0x0B, 0x91, 0x94, 0xFF, 0x0B, 0x91, 0x94, 0xFF, 0x0B, 0x91, 0x94, 0xFF, 
0x0B, 0x91, 0x94, 0xFF, 0x08, 0x8A, 0x8C, 0xFF, 0x08, 0x8A, 0x8C, 0x90, 
0x02, 0x2B, 0x2E, 0x00, 0x00, 0x00, 0x00, 0x00, 0x00, 0x00, 0x00, 0x00, 
0x00, 0x00, 0x00, 0x00, 0x00, 0x00, 0x00, 0x00, 0x00, 0x00, 0x00, 0x00, 
0x00, 0x00, 0x00, 0x00, 0x00, 0x00, 0x00, 0x00, 0x00, 0x00, 0x00, 0x00, 
0x00, 0x00, 0x00, 0x00, 0x00, 0x00, 0x00, 0x00, 0x00, 0x00, 0x00, 0x00, 
0x00, 0x00, 0x00, 0x00, 0x00, 0x00, 0x00, 0x00, 0x00, 0x00, 0x00, 0x00, 
0x00, 0x00, 0x00, 0x00, 0x00, 0x00, 0x00, 0x00, 0x00, 0x00, 0x00, 0x00, 
0x00, 0x00, 0x00, 0x00, 0x00, 0x00, 0x00, 0x00, 0x00, 0x00, 0x00, 0x00, 
0x00, 0x00, 0x00, 0x00, 0x00, 0x00, 0x00, 0x00, 0x00, 0x00, 0x00, 0x00, 
0x00, 0x00, 0x00, 0x00, 0x00, 0x00, 0x00, 0x00, 0x00, 0x00, 0x00, 0x00, 
0x00, 0x00, 0x00, 0x00, 0x29, 0xBE, 0xC6, 0xB7, 0x29, 0xBE, 0xC6, 0xFF, 
0x29, 0xCC, 0xD1, 0xFF, 0x29, 0xCC, 0xD1, 0xFF, 0x29, 0xCC, 0xD1, 0xFF, 
0x29, 0xCC, 0xD1, 0xFF, 0x29, 0xCB, 0xCE, 0xFF, 0x29, 0xCB, 0xCE, 0xFF, 
0x0D, 0x53, 0x5A, 0xFF, 0x00, 0x1C, 0x21, 0xFF, 0x00, 0x20, 0x29, 0xFF, 
0x00, 0x20, 0x29, 0xFF, 0x00, 0x20, 0x29, 0xFF, 0x00, 0x20, 0x29, 0xFF, 
0x00, 0x1C, 0x21, 0xFF, 0x00, 0x1C, 0x21, 0xFF, 0x00, 0x1C, 0x21, 0xFF, 
0x0D, 0x54, 0x5D, 0xFF, 0x21, 0xAF, 0xB0, 0xFF, 0x29, 0xCB, 0xCE, 0xFF, 
0x29, 0xCB, 0xCE, 0xFF, 0x29, 0xCB, 0xCE, 0xFF, 0x29, 0xCC, 0xD1, 0xFF, 
0x29, 0xCC, 0xD1, 0xFF, 0x29, 0xCC, 0xD1, 0xFF, 0x29, 0xCC, 0xD1, 0xFF, 
0x29, 0xC7, 0xCE, 0xFF, 0x1E, 0xB5, 0xBB, 0xFF, 0x08, 0x8E, 0x94, 0xFF, 
0x08, 0x8E, 0x94, 0xFF, 0x0B, 0x91, 0x94, 0xFF, 0x0B, 0x91, 0x94, 0xFF, 
0x0B, 0x91, 0x94, 0xFF, 0x0B, 0x91, 0x94, 0xFF, 0x08, 0x8A, 0x8C, 0x90, 
0x02, 0x2B, 0x2E, 0x00, 0x00, 0x00, 0x00, 0x00, 0x00, 0x00, 0x00, 0x00, 
0x00, 0x00, 0x00, 0x00, 0x00, 0x00, 0x00, 0x00, 0x00, 0x00, 0x00, 0x00, 
0x00, 0x00, 0x00, 0x00, 0x00, 0x00, 0x00, 0x00, 0x00, 0x00, 0x00, 0x00, 
0x00, 0x00, 0x00, 0x00, 0x00, 0x00, 0x00, 0x00, 0x00, 0x00, 0x00, 0x00, 
0x00, 0x00, 0x00, 0x00, 0x00, 0x00, 0x00, 0x00, 0x00, 0x00, 0x00, 0x00, 
0x00, 0x00, 0x00, 0x00, 0x00, 0x00, 0x00, 0x00, 0x00, 0x00, 0x00, 0x00, 
0x00, 0x00, 0x00, 0x00, 0x00, 0x00, 0x00, 0x00, 0x00, 0x00, 0x00, 0x00, 
0x00, 0x00, 0x00, 0x00, 0x00, 0x00, 0x00, 0x00, 0x00, 0x00, 0x00, 0x00, 
0x00, 0x00, 0x00, 0x00, 0x00, 0x00, 0x00, 0x00, 0x00, 0x00, 0x00, 0x00, 
0x00, 0x00, 0x00, 0x00, 0x00, 0x00, 0x00, 0x00, 0x29, 0xBE, 0xC6, 0xB7, 
0x29, 0xBE, 0xC6, 0xFF, 0x29, 0xCC, 0xD1, 0xFF, 0x29, 0xCC, 0xD1, 0xFF, 
0x29, 0xCC, 0xD1, 0xFF, 0x29, 0xCC, 0xD1, 0xFF, 0x29, 0xCC, 0xD1, 0xFF, 
0x29, 0xCC, 0xD1, 0xFF, 0x29, 0xCC, 0xD1, 0xFF, 0x29, 0xCC, 0xD1, 0xFF, 
0x29, 0xCC, 0xD1, 0xFF, 0x29, 0xCC, 0xD1, 0xFF, 0x29, 0xCC, 0xD1, 0xFF, 
0x29, 0xCC, 0xD1, 0xFF, 0x29, 0xCC, 0xD1, 0xFF, 0x29, 0xCC, 0xD1, 0xFF, 
0x29, 0xCC, 0xD1, 0xFF, 0x29, 0xCC, 0xD1, 0xFF, 0x29, 0xCC, 0xD1, 0xFF, 
0x29, 0xCC, 0xD1, 0xFF, 0x29, 0xCC, 0xD1, 0xFF, 0x29, 0xCC, 0xD1, 0xFF, 
0x29, 0xCC, 0xD1, 0xFF, 0x29, 0xCC, 0xD1, 0xFF, 0x29, 0xCC, 0xD1, 0xFF, 
0x29, 0xCC, 0xD1, 0xFF, 0x29, 0xC7, 0xCE, 0xFF, 0x1E, 0xB5, 0xBB, 0xFF, 
0x08, 0x8E, 0x94, 0xFF, 0x08, 0x8E, 0x94, 0xFF, 0x08, 0x8A, 0x8C, 0xFF, 
0x08, 0x8A, 0x8C, 0xFF, 0x08, 0x8A, 0x8C, 0xFF, 0x08, 0x8A, 0x8C, 0x90, 
0x00, 0x28, 0x29, 0x02, 0x00, 0x00, 0x00, 0x00, 0x00, 0x00, 0x00, 0x00, 
0x00, 0x00, 0x00, 0x00, 0x00, 0x00, 0x00, 0x00, 0x00, 0x00, 0x00, 0x00, 
0x00, 0x00, 0x00, 0x00, 0x00, 0x00, 0x00, 0x00, 0x00, 0x00, 0x00, 0x00, 
0x00, 0x00, 0x00, 0x00, 0x00, 0x00, 0x00, 0x00, 0x00, 0x00, 0x00, 0x00, 
0x00, 0x00, 0x00, 0x00, 0x00, 0x00, 0x00, 0x00, 0x00, 0x00, 0x00, 0x00, 
0x00, 0x00, 0x00, 0x00, 0x00, 0x00, 0x00, 0x00, 0x00, 0x00, 0x00, 0x00, 
0x00, 0x00, 0x00, 0x00, 0x00, 0x00, 0x00, 0x00, 0x00, 0x00, 0x00, 0x00, 
0x00, 0x00, 0x00, 0x00, 0x00, 0x00, 0x00, 0x00, 0x00, 0x00, 0x00, 0x00, 
0x00, 0x00, 0x00, 0x00, 0x00, 0x00, 0x00, 0x00, 0x00, 0x00, 0x00, 0x00, 
0x00, 0x00, 0x00, 0x00, 0x00, 0x00, 0x00, 0x00, 0x00, 0x00, 0x00, 0x00, 
0x29, 0xBE, 0xC6, 0xB7, 0x29, 0xBE, 0xC6, 0xFF, 0x29, 0xCC, 0xD1, 0xFF, 
0x29, 0xCC, 0xD1, 0xFF, 0x29, 0xCC, 0xD1, 0xFF, 0x29, 0xCC, 0xD1, 0xFF, 
0x29, 0xCC, 0xD1, 0xFF, 0x29, 0xCC, 0xD1, 0xFF, 0x29, 0xCC, 0xD1, 0xFF, 
0x29, 0xCC, 0xD1, 0xFF, 0x29, 0xCC, 0xD1, 0xFF, 0x29, 0xCC, 0xD1, 0xFF, 
0x29, 0xCC, 0xD1, 0xFF, 0x29, 0xCC, 0xD1, 0xFF, 0x29, 0xCC, 0xD1, 0xFF, 
0x29, 0xCC, 0xD1, 0xFF, 0x29, 0xCC, 0xD1, 0xFF, 0x29, 0xCC, 0xD1, 0xFF, 
0x29, 0xCC, 0xD1, 0xFF, 0x29, 0xCC, 0xD1, 0xFF, 0x29, 0xCC, 0xD1, 0xFF, 
0x29, 0xCC, 0xD1, 0xFF, 0x29, 0xCC, 0xD1, 0xFF, 0x29, 0xCC, 0xD1, 0xFF, 
0x29, 0xCC, 0xD1, 0xFF, 0x29, 0xCC, 0xD1, 0xFF, 0x29, 0xC7, 0xCE, 0xFF, 
0x1E, 0xB5, 0xBB, 0xFF, 0x08, 0x8E, 0x94, 0xFF, 0x08, 0x8E, 0x94, 0xFF, 
0x08, 0x8A, 0x8C, 0xFF, 0x08, 0x8A, 0x8C, 0xFF, 0x08, 0x8A, 0x8C, 0x90, 
0x02, 0x2B, 0x2E, 0x00, 0x00, 0x00, 0x00, 0x00, 0x00, 0x00, 0x00, 0x00, 
0x00, 0x00, 0x00, 0x00, 0x00, 0x00, 0x00, 0x00, 0x00, 0x00, 0x00, 0x00, 
0x00, 0x00, 0x00, 0x00, 0x00, 0x00, 0x00, 0x00, 0x00, 0x00, 0x00, 0x00, 
0x00, 0x00, 0x00, 0x00, 0x00, 0x00, 0x00, 0x00, 0x00, 0x00, 0x00, 0x00, 
0x00, 0x00, 0x00, 0x00, 0x00, 0x00, 0x00, 0x00, 0x00, 0x00, 0x00, 0x00, 
0x00, 0x00, 0x00, 0x00, 0x00, 0x00, 0x00, 0x00, 0x00, 0x00, 0x00, 0x00, 
0x00, 0x00, 0x00, 0x00, 0x00, 0x00, 0x00, 0x00, 0x00, 0x00, 0x00, 0x00, 
0x00, 0x00, 0x00, 0x00, 0x00, 0x00, 0x00, 0x00, 0x00, 0x00, 0x00, 0x00, 
0x00, 0x00, 0x00, 0x00, 0x00, 0x00, 0x00, 0x00, 0x00, 0x00, 0x00, 0x00, 
0x00, 0x00, 0x00, 0x00, 0x00, 0x00, 0x00, 0x00, 0x00, 0x00, 0x00, 0x00, 
0x00, 0x00, 0x00, 0x00, 0x29, 0xBE, 0xC6, 0xB7, 0x29, 0xBE, 0xC6, 0xFF, 
0x29, 0xCC, 0xD1, 0xFF, 0x29, 0xCC, 0xD1, 0xFF, 0x29, 0xCC, 0xD1, 0xFF, 
0x29, 0xCC, 0xD1, 0xFF, 0x29, 0xCC, 0xD1, 0xFF, 0x29, 0xCC, 0xD1, 0xFF, 
0x29, 0xCC, 0xD1, 0xFF, 0x29, 0xCC, 0xD1, 0xFF, 0x29, 0xCC, 0xD1, 0xFF, 
0x29, 0xCC, 0xD1, 0xFF, 0x29, 0xCC, 0xD1, 0xFF, 0x29, 0xCC, 0xD1, 0xFF, 
0x29, 0xCC, 0xD1, 0xFF, 0x29, 0xCC, 0xD1, 0xFF, 0x29, 0xCC, 0xD1, 0xFF, 
0x29, 0xCC, 0xD1, 0xFF, 0x29, 0xCC, 0xD1, 0xFF, 0x29, 0xCC, 0xD1, 0xFF, 
0x29, 0xCC, 0xD1, 0xFF, 0x29, 0xCC, 0xD1, 0xFF, 0x29, 0xCC, 0xD1, 0xFF, 
0x29, 0xCC, 0xD1, 0xFF, 0x29, 0xCC, 0xD1, 0xFF, 0x29, 0xCC, 0xD1, 0xFF, 
0x29, 0xC7, 0xCE, 0xFF, 0x1E, 0xB5, 0xBB, 0xFF, 0x08, 0x8E, 0x94, 0xFF, 
0x08, 0x8E, 0x94, 0xFF, 0x08, 0x8A, 0x8C, 0xFF, 0x08, 0x8A, 0x8C, 0x90, 
0x02, 0x2B, 0x2E, 0x00, 0x00, 0x00, 0x00, 0x00, 0x00, 0x00, 0x00, 0x00, 
0x00, 0x00, 0x00, 0x00, 0x00, 0x00, 0x00, 0x00, 0x00, 0x00, 0x00, 0x00, 
0x00, 0x00, 0x00, 0x00, 0x00, 0x00, 0x00, 0x00, 0x00, 0x00, 0x00, 0x00, 
0x00, 0x00, 0x00, 0x00, 0x00, 0x00, 0x00, 0x00, 0x00, 0x00, 0x00, 0x00, 
0x00, 0x00, 0x00, 0x00, 0x00, 0x00, 0x00, 0x00, 0x00, 0x00, 0x00, 0x00, 
0x00, 0x00, 0x00, 0x00, 0x00, 0x00, 0x00, 0x00, 0x00, 0x00, 0x00, 0x00, 
0x00, 0x00, 0x00, 0x00, 0x00, 0x00, 0x00, 0x00, 0x00, 0x00, 0x00, 0x00, 
0x00, 0x00, 0x00, 0x00, 0x00, 0x00, 0x00, 0x00, 0x00, 0x00, 0x00, 0x00, 
0x00, 0x00, 0x00, 0x00, 0x00, 0x00, 0x00, 0x00, 0x00, 0x00, 0x00, 0x00, 
0x00, 0x00, 0x00, 0x00, 0x00, 0x00, 0x00, 0x00, 0x00, 0x00, 0x00, 0x00, 
0x00, 0x00, 0x00, 0x00, 0x00, 0x00, 0x00, 0x00, 0x29, 0xBE, 0xC6, 0xB7, 
0x29, 0xBE, 0xC6, 0xFF, 0x29, 0xCC, 0xD1, 0xFF, 0x29, 0xCC, 0xD1, 0xFF, 
0x29, 0xCC, 0xD1, 0xFF, 0x29, 0xCC, 0xD1, 0xFF, 0x29, 0xCC, 0xD1, 0xFF, 
0x29, 0xCC, 0xD1, 0xFF, 0x29, 0xCC, 0xD1, 0xFF, 0x29, 0xCC, 0xD1, 0xFF, 
0x29, 0xCC, 0xD1, 0xFF, 0x29, 0xCC, 0xD1, 0xFF, 0x29, 0xCC, 0xD1, 0xFF, 
0x29, 0xCC, 0xD1, 0xFF, 0x29, 0xCC, 0xD1, 0xFF, 0x29, 0xCC, 0xD1, 0xFF, 
0x29, 0xCC, 0xD1, 0xFF, 0x29, 0xCC, 0xD1, 0xFF, 0x29, 0xCC, 0xD1, 0xFF, 
0x29, 0xCC, 0xD1, 0xFF, 0x29, 0xCC, 0xD1, 0xFF, 0x29, 0xCC, 0xD1, 0xFF, 
0x29, 0xCC, 0xD1, 0xFF, 0x29, 0xCC, 0xD1, 0xFF, 0x29, 0xCC, 0xD1, 0xFF, 
0x29, 0xCC, 0xD1, 0xFF, 0x29, 0xC7, 0xCE, 0xFF, 0x1E, 0xB5, 0xBB, 0xFF, 
0x08, 0x8E, 0x94, 0xFF, 0x08, 0x8E, 0x94, 0xFF, 0x08, 0x8A, 0x8C, 0x90, 
0x02, 0x2B, 0x2E, 0x00, 0x00, 0x00, 0x00, 0x00, 0x00, 0x00, 0x00, 0x00, 
0x00, 0x00, 0x00, 0x00, 0x00, 0x00, 0x00, 0x00, 0x00, 0x00, 0x00, 0x00, 
0x00, 0x00, 0x00, 0x00, 0x00, 0x00, 0x00, 0x00, 0x00, 0x00, 0x00, 0x00, 
0x00, 0x00, 0x00, 0x00, 0x00, 0x00, 0x00, 0x00, 0x00, 0x00, 0x00, 0x00, 
0x00, 0x00, 0x00, 0x00, 0x00, 0x00, 0x00, 0x00, 0x00, 0x00, 0x00, 0x00, 
0x00, 0x00, 0x00, 0x00, 0x00, 0x00, 0x00, 0x00, 0x00, 0x00, 0x00, 0x00, 
0x00, 0x00, 0x00, 0x00, 0x00, 0x00, 0x00, 0x00, 0x00, 0x00, 0x00, 0x00, 
0x00, 0x00, 0x00, 0x00, 0x00, 0x00, 0x00, 0x00, 0x00, 0x00, 0x00, 0x00, 
0x00, 0x00, 0x00, 0x00, 0x00, 0x00, 0x00, 0x00, 0x00, 0x00, 0x00, 0x00, 
0x00, 0x00, 0x00, 0x00, 0x00, 0x00, 0x00, 0x00, 0x00, 0x00, 0x00, 0x00, 
0x00, 0x00, 0x00, 0x00, 0x00, 0x00, 0x00, 0x00, 0x00, 0x00, 0x00, 0x00, 
0x29, 0xBE, 0xC6, 0xB7, 0x29, 0xBE, 0xC6, 0xFF, 0x29, 0xCC, 0xD1, 0xFF, 
0x29, 0xCC, 0xD1, 0xFF, 0x29, 0xCC, 0xD1, 0xFF, 0x29, 0xCC, 0xD1, 0xFF, 
0x29, 0xCC, 0xD1, 0xFF, 0x29, 0xCC, 0xD1, 0xFF, 0x29, 0xCC, 0xD1, 0xFF, 
0x29, 0xCC, 0xD1, 0xFF, 0x29, 0xCC, 0xD1, 0xFF, 0x29, 0xCC, 0xD1, 0xFF, 
0x29, 0xCC, 0xD1, 0xFF, 0x29, 0xCC, 0xD1, 0xFF, 0x29, 0xCC, 0xD1, 0xFF, 
0x29, 0xCC, 0xD1, 0xFF, 0x29, 0xCC, 0xD1, 0xFF, 0x29, 0xCC, 0xD1, 0xFF, 
0x29, 0xCC, 0xD1, 0xFF, 0x29, 0xCC, 0xD1, 0xFF, 0x29, 0xCC, 0xD1, 0xFF, 
0x29, 0xCC, 0xD1, 0xFF, 0x29, 0xCC, 0xD1, 0xFF, 0x29, 0xCC, 0xD1, 0xFF, 
0x29, 0xCC, 0xD1, 0xFF, 0x29, 0xCC, 0xD1, 0xFF, 0x21, 0xC3, 0xC6, 0xFF, 
0x21, 0xC3, 0xC6, 0xFF, 0x16, 0x86, 0x84, 0xFF, 0x16, 0x86, 0x84, 0x90, 
0x00, 0x2C, 0x31, 0x02, 0x00, 0x00, 0x00, 0x00, 0x00, 0x00, 0x00, 0x00, 
0x00, 0x00, 0x00, 0x00, 0x00, 0x00, 0x00, 0x00, 0x00, 0x00, 0x00, 0x00, 
0x00, 0x00, 0x00, 0x00, 0x00, 0x00, 0x00, 0x00, 0x00, 0x00, 0x00, 0x00, 
0x00, 0x00, 0x00, 0x00, 0x00, 0x00, 0x00, 0x00, 0x00, 0x00, 0x00, 0x00, 
0x00, 0x00, 0x00, 0x00, 0x00, 0x00, 0x00, 0x00, 0x00, 0x00, 0x00, 0x00, 
0x00, 0x00, 0x00, 0x00, 0x00, 0x00, 0x00, 0x00, 0x00, 0x00, 0x00, 0x00, 
0x00, 0x00, 0x00, 0x00, 0x00, 0x00, 0x00, 0x00, 0x00, 0x00, 0x00, 0x00, 
0x00, 0x00, 0x00, 0x00, 0x00, 0x00, 0x00, 0x00, 0x00, 0x00, 0x00, 0x00, 
0x00, 0x00, 0x00, 0x00, 0x00, 0x00, 0x00, 0x00, 0x00, 0x00, 0x00, 0x00, 
0x00, 0x00, 0x00, 0x00, 0x00, 0x00, 0x00, 0x00, 0x00, 0x00, 0x00, 0x00, 
0x00, 0x00, 0x00, 0x00, 0x00, 0x00, 0x00, 0x00, 0x00, 0x00, 0x00, 0x00, 
0x00, 0x00, 0x00, 0x00, 0x29, 0xBE, 0xC6, 0xB7, 0x29, 0xBE, 0xC6, 0xFF, 
0x29, 0xCC, 0xD1, 0xFF, 0x29, 0xCC, 0xD1, 0xFF, 0x29, 0xCC, 0xD1, 0xFF, 
0x29, 0xCC, 0xD1, 0xFF, 0x29, 0xCC, 0xD1, 0xFF, 0x29, 0xCC, 0xD1, 0xFF, 
0x29, 0xCC, 0xD1, 0xFF, 0x29, 0xCC, 0xD1, 0xFF, 0x29, 0xCC, 0xD1, 0xFF, 
0x29, 0xCC, 0xD1, 0xFF, 0x29, 0xCC, 0xD1, 0xFF, 0x29, 0xCC, 0xD1, 0xFF, 
0x29, 0xCC, 0xD1, 0xFF, 0x29, 0xCC, 0xD1, 0xFF, 0x29, 0xCC, 0xD1, 0xFF, 
0x29, 0xCC, 0xD1, 0xFF, 0x29, 0xCC, 0xD1, 0xFF, 0x29, 0xCC, 0xD1, 0xFF, 
0x29, 0xCC, 0xD1, 0xFF, 0x29, 0xCC, 0xD1, 0xFF, 0x29, 0xCC, 0xD1, 0xFF, 
0x29, 0xCC, 0xD1, 0xFF, 0x29, 0xCC, 0xD1, 0xFF, 0x29, 0xCC, 0xD1, 0xFF, 
0x21, 0xC3, 0xC6, 0xFF, 0x21, 0xC3, 0xC6, 0xFF, 0x16, 0x86, 0x84, 0x90, 
0x0B, 0x3D, 0x42, 0x00, 0x00, 0x00, 0x00, 0x00, 0x00, 0x00, 0x00, 0x00, 
0x00, 0x00, 0x00, 0x00, 0x00, 0x00, 0x00, 0x00, 0x00, 0x00, 0x00, 0x00, 
0x00, 0x00, 0x00, 0x00, 0x00, 0x00, 0x00, 0x00, 0x00, 0x00, 0x00, 0x00, 
0x00, 0x00, 0x00, 0x00, 0x00, 0x00, 0x00, 0x00, 0x00, 0x00, 0x00, 0x00, 
0x00, 0x00, 0x00, 0x00, 0x00, 0x00, 0x00, 0x00, 0x00, 0x00, 0x00, 0x00, 
0x00, 0x00, 0x00, 0x00, 0x00, 0x00, 0x00, 0x00, 0x00, 0x00, 0x00, 0x00, 
0x00, 0x00, 0x00, 0x00, 0x00, 0x00, 0x00, 0x00, 0x00, 0x00, 0x00, 0x00, 
0x00, 0x00, 0x00, 0x00, 0x00, 0x00, 0x00, 0x00, 0x00, 0x00, 0x00, 0x00, 
0x00, 0x00, 0x00, 0x00, 0x00, 0x00, 0x00, 0x00, 0x00, 0x00, 0x00, 0x00, 
0x00, 0x00, 0x00, 0x00, 0x00, 0x00, 0x00, 0x00, 0x00, 0x00, 0x00, 0x00, 
0x00, 0x00, 0x00, 0x00, 0x00, 0x00, 0x00, 0x00, 0x00, 0x00, 0x00, 0x00, 
0x00, 0x00, 0x00, 0x00, 0x00, 0x00, 0x00, 0x00, 0x29, 0xBE, 0xC6, 0xB7, 
0x29, 0xBE, 0xC6, 0xFF, 0x29, 0xCC, 0xD1, 0xFF, 0x29, 0xCC, 0xD1, 0xFF, 
0x29, 0xCC, 0xD1, 0xFF, 0x29, 0xCC, 0xD1, 0xFF, 0x29, 0xCC, 0xD1, 0xFF, 
0x29, 0xCC, 0xD1, 0xFF, 0x29, 0xCC, 0xD1, 0xFF, 0x29, 0xCC, 0xD1, 0xFF, 
0x29, 0xCC, 0xD1, 0xFF, 0x29, 0xCC, 0xD1, 0xFF, 0x29, 0xCC, 0xD1, 0xFF, 
0x29, 0xCC, 0xD1, 0xFF, 0x29, 0xCC, 0xD1, 0xFF, 0x29, 0xCC, 0xD1, 0xFF, 
0x29, 0xCC, 0xD1, 0xFF, 0x29, 0xCC, 0xD1, 0xFF, 0x29, 0xCC, 0xD1, 0xFF, 
0x29, 0xCC, 0xD1, 0xFF, 0x29, 0xCC, 0xD1, 0xFF, 0x29, 0xCC, 0xD1, 0xFF, 
0x29, 0xCC, 0xD1, 0xFF, 0x29, 0xCC, 0xD1, 0xFF, 0x29, 0xCC, 0xD1, 0xFF, 
0x29, 0xCC, 0xD1, 0xFF, 0x21, 0xC3, 0xC6, 0xFF, 0x16, 0x86, 0x84, 0x90, 
0x0B, 0x3D, 0x42, 0x00, 0x00, 0x00, 0x00, 0x00, 0x00, 0x00, 0x00, 0x00, 
0x00, 0x00, 0x00, 0x00, 0x00, 0x00, 0x00, 0x00, 0x00, 0x00, 0x00, 0x00, 
0x00, 0x00, 0x00, 0x00, 0x00, 0x00, 0x00, 0x00, 0x00, 0x00, 0x00, 0x00, 
0x00, 0x00, 0x00, 0x00, 0x00, 0x00, 0x00, 0x00, 0x00, 0x00, 0x00, 0x00, 
0x00, 0x00, 0x00, 0x00, 0x00, 0x00, 0x00, 0x00, 0x00, 0x00, 0x00, 0x00, 
0x00, 0x00, 0x00, 0x00, 0x00, 0x00, 0x00, 0x00, 0x00, 0x00, 0x00, 0x00, 
0x00, 0x00, 0x00, 0x00, 0x00, 0x00, 0x00, 0x00, 0x00, 0x00, 0x00, 0x00, 
0x00, 0x00, 0x00, 0x00, 0x00, 0x00, 0x00, 0x00, 0x00, 0x00, 0x00, 0x00, 
0x00, 0x00, 0x00, 0x00, 0x00, 0x00, 0x00, 0x00, 0x00, 0x00, 0x00, 0x00, 
0x00, 0x00, 0x00, 0x00, 0x00, 0x00, 0x00, 0x00, 0x00, 0x00, 0x00, 0x00, 
0x00, 0x00, 0x00, 0x00, 0x00, 0x00, 0x00, 0x00, 0x00, 0x00, 0x00, 0x00, 
0x00, 0x00, 0x00, 0x00, 0x00, 0x00, 0x00, 0x00, 0x00, 0x00, 0x00, 0x00, 
0x29, 0xBE, 0xC6, 0xB7, 0x29, 0xBE, 0xC6, 0xFF, 0x29, 0xCC, 0xD1, 0xFF, 
0x29, 0xCC, 0xD1, 0xFF, 0x29, 0xCC, 0xD1, 0xFF, 0x29, 0xCC, 0xD1, 0xFF, 
0x29, 0xCC, 0xD1, 0xFF, 0x29, 0xCC, 0xD1, 0xFF, 0x29, 0xCC, 0xD1, 0xFF, 
0x29, 0xCC, 0xD1, 0xFF, 0x29, 0xCC, 0xD1, 0xFF, 0x29, 0xCC, 0xD1, 0xFF, 
0x29, 0xCC, 0xD1, 0xFF, 0x29, 0xCC, 0xD1, 0xFF, 0x29, 0xCC, 0xD1, 0xFF, 
0x29, 0xCC, 0xD1, 0xFF, 0x29, 0xCC, 0xD1, 0xFF, 0x29, 0xCC, 0xD1, 0xFF, 
0x29, 0xCC, 0xD1, 0xFF, 0x29, 0xCC, 0xD1, 0xFF, 0x29, 0xCC, 0xD1, 0xFF, 
0x29, 0xCC, 0xD1, 0xFF, 0x29, 0xCC, 0xD1, 0xFF, 0x29, 0xCC, 0xD1, 0xFF, 
0x29, 0xCC, 0xD1, 0xFF, 0x29, 0xCC, 0xD1, 0xFF, 0x21, 0xC3, 0xC6, 0x90, 
0x0B, 0x3D, 0x42, 0x00, 0x00, 0x00, 0x00, 0x00, 0x00, 0x00, 0x00, 0x00, 
0x00, 0x00, 0x00, 0x00, 0x00, 0x00, 0x00, 0x00, 0x00, 0x00, 0x00, 0x00, 
0x00, 0x00, 0x00, 0x00, 0x00, 0x00, 0x00, 0x00, 0x00, 0x00, 0x00, 0x00, 
0x00, 0x00, 0x00, 0x00, 0x00, 0x00, 0x00, 0x00, 0x00, 0x00, 0x00, 0x00, 
0x00, 0x00, 0x00, 0x00, 0x00, 0x00, 0x00, 0x00, 0x00, 0x00, 0x00, 0x00, 
0x00, 0x00, 0x00, 0x00, 0x00, 0x00, 0x00, 0x00, 0x00, 0x00, 0x00, 0x00, 
0x00, 0x00, 0x00, 0x00, 0x00, 0x00, 0x00, 0x00, 0x00, 0x00, 0x00, 0x00, 
0x00, 0x00, 0x00, 0x00, 0x00, 0x00, 0x00, 0x00, 0x00, 0x00, 0x00, 0x00, 
0x00, 0x00, 0x00, 0x00, 0x00, 0x00, 0x00, 0x00, 0x00, 0x00, 0x00, 0x00, 
0x00, 0x00, 0x00, 0x00, 0x00, 0x00, 0x00, 0x00, 0x00, 0x00, 0x00, 0x00, 
0x00, 0x00, 0x00, 0x00, 0x00, 0x00, 0x00, 0x00, 0x00, 0x00, 0x00, 0x00, 
0x00, 0x00, 0x00, 0x00, 0x00, 0x00, 0x00, 0x00, 0x00, 0x00, 0x00, 0x00, 
0x00, 0x00, 0x00, 0x00, 0x29, 0xBE, 0xC6, 0xB7, 0x29, 0xBE, 0xC6, 0xFF, 
0x29, 0xBE, 0xC6, 0xFF, 0x29, 0xBE, 0xC6, 0xFF, 0x29, 0xBE, 0xC6, 0xFF, 
0x29, 0xBE, 0xC6, 0xFF, 0x29, 0xBE, 0xC6, 0xFF, 0x29, 0xBE, 0xC6, 0xFF, 
0x29, 0xBE, 0xC6, 0xFF, 0x29, 0xBE, 0xC6, 0xFF, 0x29, 0xBE, 0xC6, 0xFF, 
0x29, 0xBE, 0xC6, 0xFF, 0x29, 0xBE, 0xC6, 0xFF, 0x29, 0xBE, 0xC6, 0xFF, 
0x29, 0xBE, 0xC6, 0xFF, 0x29, 0xBE, 0xC6, 0xFF, 0x29, 0xBE, 0xC6, 0xFF, 
0x29, 0xBE, 0xC6, 0xFF, 0x29, 0xBE, 0xC6, 0xFF, 0x29, 0xBE, 0xC6, 0xFF, 
0x29, 0xBE, 0xC6, 0xFF, 0x29, 0xBE, 0xC6, 0xFF, 0x29, 0xBE, 0xC6, 0xFF, 
0x29, 0xBE, 0xC6, 0xFF, 0x29, 0xBE, 0xC6, 0xFF, 0x29, 0xBE, 0xC6, 0x90, 
0x00, 0x3C, 0x39, 0x03, 0x00, 0x00, 0x00, 0x00, 0x00, 0x00, 0x00, 0x00, 
0x00, 0x00, 0x00, 0x00, 0x00, 0x00, 0x00, 0x00, 0x00, 0x00, 0x00, 0x00, 
0x00, 0x00, 0x00, 0x00, 0x00, 0x00, 0x00, 0x00, 0x00, 0x00, 0x00, 0x00, 
0x00, 0x00, 0x00, 0x00, 0x00, 0x00, 0x00, 0x00, 0x00, 0x00, 0x00, 0x00, 
0x00, 0x00, 0x00, 0x00, 0x00, 0x00, 0x00, 0x00, 0x00, 0x00, 0x00, 0x00, 
0x00, 0x00, 0x00, 0x00, 0x00, 0x00, 0x00, 0x00, 0x00, 0x00, 0x00, 0x00, 
0x00, 0x00, 0x00, 0x00, 0x00, 0x00, 0x00, 0x00, 0x00, 0x00, 0x00, 0x00, 
0x00, 0x00, 0x00, 0x00, 0x00, 0x00, 0x00, 0x00, 0x00, 0x00, 0x00, 0x00, 
0x00, 0x00, 0x00, 0x00, 0x00, 0x00, 0x00, 0x00, 0x00, 0x00, 0x00, 0x00, 
0x00, 0x00, 0x00, 0x00, 0x00, 0x00, 0x00, 0x00, 0x00, 0x00, 0x00, 0x00, 
0x00, 0x00, 0x00, 0x00, 0x00, 0x00, 0x00, 0x00, 0x00, 0x00, 0x00, 0x00, 
0x00, 0x00, 0x00, 0x00, 0x00, 0x00, 0x00, 0x00, 0x00, 0x00, 0x00, 0x00, 
0x00, 0x00, 0x00, 0x00, 0x00, 0x00, 0x00, 0x00, 0x1B, 0x82, 0x84, 0x48, 
0x29, 0xBE, 0xC6, 0xB7, 0x29, 0xBE, 0xC6, 0xB7, 0x29, 0xBE, 0xC6, 0xB7, 
0x29, 0xBE, 0xC6, 0xB7, 0x29, 0xBE, 0xC6, 0xB7, 0x29, 0xBE, 0xC6, 0xB7, 
0x29, 0xBE, 0xC6, 0xB7, 0x29, 0xBE, 0xC6, 0xB7, 0x29, 0xBE, 0xC6, 0xB7, 
0x29, 0xBE, 0xC6, 0xB7, 0x29, 0xBE, 0xC6, 0xB7, 0x29, 0xBE, 0xC6, 0xB7, 
0x29, 0xBE, 0xC6, 0xB7, 0x29, 0xBE, 0xC6, 0xB7, 0x29, 0xBE, 0xC6, 0xB7, 
0x29, 0xBE, 0xC6, 0xB7, 0x29, 0xBE, 0xC6, 0xB7, 0x29, 0xBE, 0xC6, 0xB7, 
0x29, 0xBE, 0xC6, 0xB7, 0x29, 0xBE, 0xC6, 0xB7, 0x29, 0xBE, 0xC6, 0xB7, 
0x29, 0xBE, 0xC6, 0xB7, 0x29, 0xBE, 0xC6, 0x90, 0x1B, 0x82, 0x84, 0x24, 
0x0D, 0x3C, 0x42, 0x00, 0x00, 0x00, 0x00, 0x00, 0x00, 0x00, 0x00, 0x00, 
0x00, 0x00, 0x00, 0x00, 0x00, 0x00, 0x00, 0x00, 0x00, 0x00, 0x00, 0x00, 
0x00, 0x00, 0x00, 0x00, 0x00, 0x00, 0x00, 0x00, 0x00, 0x00, 0x00, 0x00, 
0x00, 0x00, 0x00, 0x00, 0x00, 0x00, 0x00, 0x00, 0x00, 0x00, 0x00, 0x00, 
0x00, 0x00, 0x00, 0x00, 0x00, 0x00, 0x00, 0x00, 0x00, 0x00, 0x00, 0x00, 
0x00, 0x00, 0x00, 0x00, 0x00, 0x00, 0x00, 0x00, 0x00, 0x00, 0x00, 0x00, 
0x00, 0x00, 0x00, 0x00, 0x00, 0x00, 0x00, 0x00, 0x00, 0x00, 0x00, 0x00, 
0x00, 0x00, 0x00, 0x00, 0x00, 0x00, 0x00, 0x00, 0x00, 0x00, 0x00, 0x00, 
0x00, 0x00, 0x00, 0x00, 0x00, 0x00, 0x00, 0x00, 0x00, 0x00, 0x00, 0x00, 
0x00, 0x00, 0x00, 0x00, 0x00, 0x00, 0x00, 0x00, 0x00, 0x00, 0x00, 0x00, 
0x00, 0x00, 0x00, 0x00, 0x00, 0x00, 0x00, 0x00, 0x00, 0x00, 0x00, 0x00, 
0x00, 0x00, 0x00, 0x00, 0x00, 0x00, 0x00, 0x00, 0x00, 0x00, 0x00, 0x00, 
0x00, 0x00, 0x00, 0x00, 0x00, 0x00, 0x00, 0x00, 0x00, 0x00, 0x00, 0x00, 
0x00, 0x00, 0x00, 0x00, 0x00, 0x00, 0x00, 0x00, 0x00, 0x00, 0x00, 0x00, 
0x00, 0x00, 0x00, 0x00, 0x00, 0x00, 0x00, 0x00, 0x00, 0x00, 0x00, 0x00, 
0x00, 0x00, 0x00, 0x00, 0x00, 0x00, 0x00, 0x00, 0x00, 0x00, 0x00, 0x00, 
0x00, 0x00, 0x00, 0x00, 0x00, 0x00, 0x00, 0x00, 0x00, 0x00, 0x00, 0x00, 
0x00, 0x00, 0x00, 0x00, 0x00, 0x00, 0x00, 0x00, 0x00, 0x00, 0x00, 0x00, 
0x00, 0x00, 0x00, 0x00, 0x00, 0x00, 0x00, 0x00, 0x00, 0x00, 0x00, 0x00, 
0x00, 0x00, 0x00, 0x00, 0x00, 0x00, 0x00, 0x00, 0x00, 0x00, 0x00, 0x00, 
0x00, 0x00, 0x00, 0x00, 0x00, 0x00, 0x00, 0x00, 0x00, 0x00, 0x00, 0x00, 
0x00, 0x00, 0x00, 0x00, 0x00, 0x00, 0x00, 0x00, 0x00, 0x00, 0x00, 0x00, 
0x00, 0x00, 0x00, 0x00, 0x00, 0x00, 0x00, 0x00, 0x00, 0x00, 0x00, 0x00, 
0x00, 0x00, 0x00, 0x00, 0x00, 0x00, 0x00, 0x00, 0x00, 0x00, 0x00, 0x00, 
0x00, 0x00, 0x00, 0x00, 0x00, 0x00, 0x00, 0x00, 0x00, 0x00, 0x00, 0x00, 
0x00, 0x00, 0x00, 0x00, 0x00, 0x00, 0x00, 0x00, 0x00, 0x00, 0x00, 0x00, 
0x00, 0x00, 0x00, 0x00, 0x00, 0x00, 0x00, 0x00, 0x00, 0x00, 0x00, 0x00, 
0x00, 0x00, 0x00, 0x00, 0x00, 0x00, 0x00, 0x00, 0x00, 0x00, 0x00, 0x00, 
0x00, 0x00, 0x00, 0x00, 0x00, 0x00, 0x00, 0x00, 0x00, 0x00, 0x00, 0x00, 
0x00, 0x00, 0x00, 0x00, 0x00, 0x00, 0x00, 0x00, 0x00, 0x00, 0x00, 0x00, 
0x00, 0x00, 0x00, 0x00, 0x00, 0x00, 0x00, 0x00, 0x00, 0x00, 0x00, 0x00, 
0x00, 0x00, 0x00, 0x00, 0x00, 0x00, 0x00, 0x00, 0x00, 0x00, 0x00, 0x00, 
0x00, 0x00, 0x00, 0x00, 0x00, 0x00, 0x00, 0x00, 0x00, 0x00, 0x00, 0x00, 
0x00, 0x00, 0x00, 0x00, 0x00, 0x00, 0x00, 0x00, 0x00, 0x00, 0x00, 0x00, 
0x00, 0x00, 0x00, 0x00, 0x00, 0x00, 0x00, 0x00, 0x00, 0x00, 0x00, 0x00, 
0x00, 0x00, 0x00, 0x00, 0x00, 0x00, 0x00, 0x00, 0x00, 0x00, 0x00, 0x00, 
0x00, 0x00, 0x00, 0x00, 0x00, 0x00, 0x00, 0x00, 0x00, 0x00, 0x00, 0x00, 
0x00, 0x00, 0x00, 0x00, 0x00, 0x00, 0x00, 0x00, 0x00, 0x00, 0x00, 0x00, 
0x00, 0x00, 0x00, 0x00, 0x00, 0x00, 0x00, 0x00, 0x00, 0x00, 0x00, 0x00, 
0x00, 0x00, 0x00, 0x00, 0x00, 0x00, 0x00, 0x00, 0x00, 0x00, 0x00, 0x00, 
0x00, 0x00, 0x00, 0x00, 0x00, 0x00, 0x00, 0x00, 0x00, 0x00, 0x00, 0x00, 
0x00, 0x00, 0x00, 0x00, 0x00, 0x00, 0x00, 0x00, 0x00, 0x00, 0x00, 0x00, 
0x00, 0x00, 0x00, 0x00, 0x00, 0x00, 0x00, 0x00, 0x00, 0x00, 0x00, 0x00, 
0x00, 0x00, 0x00, 0x00, 0x00, 0x00, 0x00, 0x00, 0x00, 0x00, 0x00, 0x00, 
0x00, 0x00, 0x00, 0x00, 0x00, 0x00, 0x00, 0x00, 0x00, 0x00, 0x00, 0x00, 
0x00, 0x00, 0x00, 0x00, 0x00, 0x00, 0x00, 0x00, 0x00, 0x00, 0x00, 0x00, 
0x00, 0x00, 0x00, 0x00, 0x00, 0x00, 0x00, 0x00, 0x00, 0x00, 0x00, 0x00, 
0x00, 0x00, 0x00, 0x00, 0x00, 0x00, 0x00, 0x00, 0x00, 0x00, 0x00, 0x00, 
0x00, 0x00, 0x00, 0x00, 0x00, 0x00, 0x00, 0x00, 0x00, 0x00, 0x00, 0x00, 
0x00, 0x00, 0x00, 0x00, 0x00, 0x00, 0x00, 0x00, 0x00, 0x00, 0x00, 0x00, 
0x00, 0x00, 0x00, 0x00, 0x00, 0x00, 0x00, 0x00, 0x00, 0x00, 0x00, 0x00, 
0x00, 0x00, 0x00, 0x00, 0x00, 0x00, 0x00, 0x00, 0x00, 0x00, 0x00, 0x00, 
0x00, 0x00, 0x00, 0x00
        };
    }
}