using GameCreator.Runtime.Common;
using UnityEngine;

namespace Fullscreen.LogicBlock.Runtime
{
    public class IconBlockConditions : TIcon
    {
        public IconBlockConditions(ColorTheme.Type color, IIcon overlay = null):this(ColorTheme.Get(color), overlay){ }
        public IconBlockConditions(Color color, IIcon overlay = null) : base(color, overlay) { }

        protected override byte[] Bytes => new byte[]
        {
            0x00, 0x00, 0x00, 0x00, 0x00, 0x00, 0x00, 0x00, 0x00, 0x00, 0x00, 0x00, 
0x00, 0x00, 0x00, 0x00, 0x00, 0x00, 0x00, 0x00, 0x00, 0x00, 0x00, 0x00, 
0x00, 0x00, 0x00, 0x00, 0x00, 0x00, 0x00, 0x00, 0x00, 0x00, 0x00, 0x00, 
0x00, 0x00, 0x00, 0x00, 0x00, 0x00, 0x00, 0x00, 0x00, 0x00, 0x00, 0x00, 
0x00, 0x00, 0x00, 0x00, 0x00, 0x00, 0x00, 0x00, 0x00, 0x00, 0x00, 0x00, 
0x00, 0x00, 0x00, 0x00, 0x00, 0x00, 0x00, 0x00, 0x00, 0x00, 0x00, 0x00, 
0x00, 0x00, 0x00, 0x00, 0x00, 0x00, 0x00, 0x00, 0x00, 0x00, 0x00, 0x00, 
0x00, 0x00, 0x00, 0x00, 0x00, 0x00, 0x00, 0x00, 0x00, 0x00, 0x00, 0x00, 
0x00, 0x00, 0x00, 0x00, 0x00, 0x00, 0x00, 0x00, 0x00, 0x00, 0x00, 0x00, 
0x00, 0x00, 0x00, 0x00, 0x00, 0x00, 0x00, 0x00, 0x00, 0x00, 0x00, 0x00, 
0x00, 0x00, 0x00, 0x00, 0x00, 0x00, 0x00, 0x00, 0x00, 0x00, 0x00, 0x00, 
0x00, 0x00, 0x00, 0x00, 0x00, 0x00, 0x00, 0x00, 0x00, 0x00, 0x00, 0x00, 
0x00, 0x00, 0x00, 0x00, 0x00, 0x00, 0x00, 0x00, 0x00, 0x00, 0x00, 0x00, 
0x00, 0x00, 0x00, 0x00, 0x00, 0x00, 0x00, 0x00, 0x00, 0x00, 0x00, 0x00, 
0x00, 0x00, 0x00, 0x00, 0x00, 0x00, 0x00, 0x00, 0x00, 0x00, 0x00, 0x00, 
0x00, 0x00, 0x00, 0x00, 0x00, 0x00, 0x00, 0x00, 0x00, 0x00, 0x00, 0x00, 
0x00, 0x00, 0x00, 0x00, 0x00, 0x00, 0x00, 0x00, 0x00, 0x00, 0x00, 0x00, 
0x00, 0x00, 0x00, 0x00, 0x00, 0x00, 0x00, 0x00, 0x00, 0x00, 0x00, 0x00, 
0x00, 0x00, 0x00, 0x00, 0x00, 0x00, 0x00, 0x00, 0x00, 0x00, 0x00, 0x00, 
0x00, 0x00, 0x00, 0x00, 0x00, 0x00, 0x00, 0x00, 0x00, 0x00, 0x00, 0x00, 
0x00, 0x00, 0x00, 0x00, 0x00, 0x00, 0x00, 0x00, 0x00, 0x00, 0x00, 0x00, 
0x00, 0x00, 0x00, 0x00, 0x00, 0x00, 0x00, 0x00, 0x00, 0x00, 0x00, 0x00, 
0x00, 0x00, 0x00, 0x00, 0x00, 0x00, 0x00, 0x00, 0x00, 0x00, 0x00, 0x00, 
0x00, 0x00, 0x00, 0x00, 0x00, 0x00, 0x00, 0x00, 0x00, 0x00, 0x00, 0x00, 
0x00, 0x00, 0x00, 0x00, 0x00, 0x00, 0x00, 0x00, 0x00, 0x00, 0x00, 0x00, 
0x00, 0x00, 0x00, 0x00, 0x00, 0x00, 0x00, 0x00, 0x00, 0x00, 0x00, 0x00, 
0x00, 0x00, 0x00, 0x00, 0x00, 0x00, 0x00, 0x00, 0x00, 0x00, 0x00, 0x00, 
0x00, 0x00, 0x00, 0x00, 0x00, 0x00, 0x00, 0x00, 0x00, 0x00, 0x00, 0x00, 
0x00, 0x00, 0x00, 0x00, 0x00, 0x00, 0x00, 0x00, 0x00, 0x00, 0x00, 0x00, 
0x00, 0x00, 0x00, 0x00, 0x00, 0x00, 0x00, 0x00, 0x00, 0x00, 0x00, 0x00, 
0x00, 0x00, 0x00, 0x00, 0x00, 0x00, 0x00, 0x00, 0x00, 0x00, 0x00, 0x00, 
0x00, 0x00, 0x00, 0x00, 0x00, 0x00, 0x00, 0x00, 0x00, 0x00, 0x00, 0x00, 
0x00, 0x00, 0x00, 0x00, 0x00, 0x00, 0x00, 0x00, 0x00, 0x00, 0x00, 0x00, 
0x00, 0x00, 0x00, 0x00, 0x00, 0x00, 0x00, 0x00, 0x00, 0x00, 0x00, 0x00, 
0x00, 0x00, 0x00, 0x00, 0x00, 0x00, 0x00, 0x00, 0x00, 0x00, 0x00, 0x00, 
0x00, 0x00, 0x00, 0x00, 0x00, 0x00, 0x00, 0x00, 0x00, 0x00, 0x00, 0x00, 
0x00, 0x00, 0x00, 0x00, 0x00, 0x00, 0x00, 0x00, 0x00, 0x00, 0x00, 0x00, 
0x00, 0x00, 0x00, 0x00, 0x00, 0x00, 0x00, 0x00, 0x00, 0x00, 0x00, 0x00, 
0x00, 0x00, 0x00, 0x00, 0x00, 0x00, 0x00, 0x00, 0x00, 0x00, 0x00, 0x00, 
0x00, 0x00, 0x00, 0x00, 0x00, 0x00, 0x00, 0x00, 0x00, 0x00, 0x00, 0x00, 
0x00, 0x00, 0x00, 0x00, 0x00, 0x00, 0x00, 0x00, 0x00, 0x00, 0x00, 0x00, 
0x00, 0x00, 0x00, 0x00, 0x00, 0x00, 0x00, 0x00, 0x00, 0x00, 0x00, 0x00, 
0x00, 0x00, 0x00, 0x00, 0x00, 0x00, 0x00, 0x00, 0x00, 0x00, 0x00, 0x00, 
0x00, 0x00, 0x00, 0x00, 0x00, 0x00, 0x00, 0x00, 0x00, 0x00, 0x00, 0x00, 
0x00, 0x00, 0x00, 0x00, 0x00, 0x00, 0x00, 0x00, 0x00, 0x00, 0x00, 0x00, 
0x00, 0x00, 0x00, 0x00, 0x00, 0x00, 0x00, 0x00, 0x00, 0x00, 0x00, 0x00, 
0x10, 0x59, 0x5A, 0x48, 0x10, 0x59, 0x5A, 0xB7, 0x10, 0x5D, 0x63, 0xB7, 
0x10, 0x5D, 0x63, 0xB7, 0x10, 0x5D, 0x63, 0xB7, 0x10, 0x5D, 0x63, 0xB7, 
0x10, 0x5D, 0x63, 0xB7, 0x10, 0x5D, 0x63, 0xB7, 0x10, 0x5D, 0x63, 0xB7, 
0x10, 0x5D, 0x63, 0xB7, 0x10, 0x5D, 0x63, 0xB7, 0x10, 0x5D, 0x63, 0xB7, 
0x10, 0x5D, 0x63, 0xB7, 0x10, 0x5D, 0x63, 0xB7, 0x10, 0x5D, 0x63, 0xB7, 
0x10, 0x5D, 0x63, 0xB7, 0x10, 0x5D, 0x63, 0xB7, 0x10, 0x5D, 0x63, 0xB7, 
0x10, 0x5D, 0x63, 0xB7, 0x10, 0x5D, 0x63, 0xB7, 0x10, 0x5D, 0x63, 0xB7, 
0x10, 0x5D, 0x63, 0xB7, 0x10, 0x5D, 0x63, 0xB7, 0x10, 0x5D, 0x63, 0xB7, 
0x10, 0x5D, 0x63, 0xB7, 0x10, 0x5D, 0x63, 0xB7, 0x10, 0x5D, 0x63, 0xB7, 
0x10, 0x5D, 0x63, 0xB7, 0x10, 0x5D, 0x63, 0xB7, 0x10, 0x5D, 0x63, 0xB7, 
0x10, 0x5D, 0x63, 0xB7, 0x10, 0x5D, 0x63, 0xB7, 0x10, 0x5D, 0x63, 0xB7, 
0x10, 0x5D, 0x63, 0xB7, 0x10, 0x5D, 0x63, 0xB7, 0x10, 0x5D, 0x63, 0xB7, 
0x10, 0x5D, 0x63, 0xB7, 0x10, 0x5D, 0x63, 0xB7, 0x10, 0x61, 0x63, 0xB7, 
0x10, 0x61, 0x63, 0xB7, 0x0B, 0x43, 0x42, 0xB7, 0x0B, 0x43, 0x42, 0xB7, 
0x08, 0x4D, 0x4A, 0xB7, 0x08, 0x4D, 0x4A, 0x48, 0x00, 0x00, 0x00, 0x00, 
0x00, 0x00, 0x00, 0x00, 0x00, 0x00, 0x00, 0x00, 0x00, 0x00, 0x00, 0x00, 
0x00, 0x00, 0x00, 0x00, 0x00, 0x00, 0x00, 0x00, 0x00, 0x00, 0x00, 0x00, 
0x00, 0x00, 0x00, 0x00, 0x00, 0x00, 0x00, 0x00, 0x00, 0x00, 0x00, 0x00, 
0x00, 0x00, 0x00, 0x00, 0x00, 0x00, 0x00, 0x00, 0x00, 0x00, 0x00, 0x00, 
0x00, 0x00, 0x00, 0x00, 0x00, 0x00, 0x00, 0x00, 0x00, 0x00, 0x00, 0x00, 
0x00, 0x00, 0x00, 0x00, 0x00, 0x00, 0x00, 0x00, 0x00, 0x00, 0x00, 0x00, 
0x00, 0x00, 0x00, 0x00, 0x10, 0x59, 0x5A, 0xB7, 0x10, 0x59, 0x5A, 0xFF, 
0x10, 0x5D, 0x63, 0xFF, 0x10, 0x5D, 0x63, 0xFF, 0x10, 0x5D, 0x63, 0xFF, 
0x10, 0x5D, 0x63, 0xFF, 0x10, 0x5D, 0x63, 0xFF, 0x10, 0x5D, 0x63, 0xFF, 
0x10, 0x5D, 0x63, 0xFF, 0x10, 0x5D, 0x63, 0xFF, 0x10, 0x5D, 0x63, 0xFF, 
0x10, 0x5D, 0x63, 0xFF, 0x10, 0x5D, 0x63, 0xFF, 0x10, 0x5D, 0x63, 0xFF, 
0x10, 0x5D, 0x63, 0xFF, 0x10, 0x5D, 0x63, 0xFF, 0x10, 0x5D, 0x63, 0xFF, 
0x10, 0x5D, 0x63, 0xFF, 0x10, 0x5D, 0x63, 0xFF, 0x10, 0x5D, 0x63, 0xFF, 
0x10, 0x5D, 0x63, 0xFF, 0x10, 0x5D, 0x63, 0xFF, 0x10, 0x5D, 0x63, 0xFF, 
0x10, 0x5D, 0x63, 0xFF, 0x10, 0x5D, 0x63, 0xFF, 0x10, 0x5D, 0x63, 0xFF, 
0x10, 0x5D, 0x63, 0xFF, 0x10, 0x5D, 0x63, 0xFF, 0x10, 0x5D, 0x63, 0xFF, 
0x10, 0x5D, 0x63, 0xFF, 0x10, 0x5D, 0x63, 0xFF, 0x10, 0x5D, 0x63, 0xFF, 
0x10, 0x5D, 0x63, 0xFF, 0x10, 0x5D, 0x63, 0xFF, 0x10, 0x5D, 0x63, 0xFF, 
0x10, 0x5D, 0x63, 0xFF, 0x10, 0x5D, 0x63, 0xFF, 0x10, 0x5D, 0x63, 0xFF, 
0x10, 0x61, 0x63, 0xFF, 0x10, 0x61, 0x63, 0xFF, 0x10, 0x61, 0x63, 0xFF, 
0x0B, 0x43, 0x42, 0xFF, 0x08, 0x4D, 0x4A, 0xFF, 0x08, 0x4D, 0x4A, 0xB7, 
0x00, 0x00, 0x00, 0x00, 0x00, 0x00, 0x00, 0x00, 0x00, 0x00, 0x00, 0x00, 
0x00, 0x00, 0x00, 0x00, 0x00, 0x00, 0x00, 0x00, 0x00, 0x00, 0x00, 0x00, 
0x00, 0x00, 0x00, 0x00, 0x00, 0x00, 0x00, 0x00, 0x00, 0x00, 0x00, 0x00, 
0x00, 0x00, 0x00, 0x00, 0x00, 0x00, 0x00, 0x00, 0x00, 0x00, 0x00, 0x00, 
0x00, 0x00, 0x00, 0x00, 0x00, 0x00, 0x00, 0x00, 0x00, 0x00, 0x00, 0x00, 
0x00, 0x00, 0x00, 0x00, 0x00, 0x00, 0x00, 0x00, 0x00, 0x00, 0x00, 0x00, 
0x00, 0x00, 0x00, 0x00, 0x00, 0x00, 0x00, 0x00, 0x10, 0x5D, 0x63, 0xB7, 
0x10, 0x5D, 0x63, 0xFF, 0x16, 0x65, 0x65, 0xFF, 0x16, 0x65, 0x65, 0xFF, 
0x16, 0x65, 0x65, 0xFF, 0x16, 0x65, 0x65, 0xFF, 0x16, 0x65, 0x65, 0xFF, 
0x16, 0x65, 0x65, 0xFF, 0x16, 0x65, 0x65, 0xFF, 0x16, 0x65, 0x65, 0xFF, 
0x16, 0x65, 0x65, 0xFF, 0x16, 0x65, 0x65, 0xFF, 0x16, 0x65, 0x65, 0xFF, 
0x16, 0x65, 0x65, 0xFF, 0x16, 0x65, 0x65, 0xFF, 0x16, 0x65, 0x65, 0xFF, 
0x16, 0x65, 0x65, 0xFF, 0x16, 0x65, 0x65, 0xFF, 0x16, 0x65, 0x65, 0xFF, 
0x16, 0x65, 0x65, 0xFF, 0x16, 0x65, 0x65, 0xFF, 0x16, 0x65, 0x65, 0xFF, 
0x16, 0x65, 0x65, 0xFF, 0x16, 0x65, 0x65, 0xFF, 0x16, 0x65, 0x65, 0xFF, 
0x16, 0x65, 0x65, 0xFF, 0x16, 0x65, 0x65, 0xFF, 0x16, 0x65, 0x65, 0xFF, 
0x16, 0x65, 0x65, 0xFF, 0x16, 0x65, 0x65, 0xFF, 0x16, 0x65, 0x65, 0xFF, 
0x16, 0x65, 0x65, 0xFF, 0x16, 0x65, 0x65, 0xFF, 0x16, 0x65, 0x65, 0xFF, 
0x16, 0x65, 0x65, 0xFF, 0x16, 0x65, 0x65, 0xFF, 0x16, 0x65, 0x65, 0xFF, 
0x16, 0x65, 0x65, 0xFF, 0x18, 0x65, 0x63, 0xFF, 0x18, 0x65, 0x63, 0xFF, 
0x08, 0x51, 0x52, 0xFF, 0x08, 0x51, 0x52, 0xFF, 0x08, 0x4D, 0x4A, 0xFF, 
0x08, 0x4D, 0x4A, 0xB7, 0x00, 0x00, 0x00, 0x00, 0x00, 0x00, 0x00, 0x00, 
0x00, 0x00, 0x00, 0x00, 0x00, 0x00, 0x00, 0x00, 0x00, 0x00, 0x00, 0x00, 
0x00, 0x00, 0x00, 0x00, 0x00, 0x00, 0x00, 0x00, 0x00, 0x00, 0x00, 0x00, 
0x00, 0x00, 0x00, 0x00, 0x00, 0x00, 0x00, 0x00, 0x00, 0x00, 0x00, 0x00, 
0x00, 0x00, 0x00, 0x00, 0x00, 0x00, 0x00, 0x00, 0x00, 0x00, 0x00, 0x00, 
0x00, 0x00, 0x00, 0x00, 0x00, 0x00, 0x00, 0x00, 0x00, 0x00, 0x00, 0x00, 
0x00, 0x00, 0x00, 0x00, 0x00, 0x00, 0x00, 0x00, 0x00, 0x00, 0x00, 0x00, 
0x10, 0x5D, 0x63, 0xB7, 0x10, 0x5D, 0x63, 0xFF, 0x16, 0x65, 0x65, 0xFF, 
0x16, 0x65, 0x65, 0xFF, 0x16, 0x65, 0x65, 0xFF, 0x16, 0x65, 0x65, 0xFF, 
0x16, 0x65, 0x65, 0xFF, 0x16, 0x65, 0x65, 0xFF, 0x16, 0x65, 0x65, 0xFF, 
0x16, 0x65, 0x65, 0xFF, 0x16, 0x65, 0x65, 0xFF, 0x16, 0x65, 0x65, 0xFF, 
0x16, 0x65, 0x65, 0xFF, 0x16, 0x65, 0x65, 0xFF, 0x16, 0x65, 0x65, 0xFF, 
0x16, 0x65, 0x65, 0xFF, 0x16, 0x65, 0x65, 0xFF, 0x16, 0x65, 0x65, 0xFF, 
0x16, 0x65, 0x65, 0xFF, 0x16, 0x65, 0x65, 0xFF, 0x16, 0x65, 0x65, 0xFF, 
0x16, 0x65, 0x65, 0xFF, 0x16, 0x65, 0x65, 0xFF, 0x16, 0x65, 0x65, 0xFF, 
0x16, 0x65, 0x65, 0xFF, 0x16, 0x65, 0x65, 0xFF, 0x16, 0x65, 0x65, 0xFF, 
0x16, 0x65, 0x65, 0xFF, 0x16, 0x65, 0x65, 0xFF, 0x16, 0x65, 0x65, 0xFF, 
0x16, 0x65, 0x65, 0xFF, 0x16, 0x65, 0x65, 0xFF, 0x16, 0x65, 0x65, 0xFF, 
0x16, 0x65, 0x65, 0xFF, 0x16, 0x65, 0x65, 0xFF, 0x16, 0x65, 0x65, 0xFF, 
0x16, 0x65, 0x65, 0xFF, 0x16, 0x65, 0x65, 0xFF, 0x18, 0x65, 0x63, 0xFF, 
0x18, 0x65, 0x63, 0xFF, 0x08, 0x51, 0x52, 0xFF, 0x08, 0x51, 0x52, 0xFF, 
0x08, 0x4D, 0x4A, 0xFF, 0x08, 0x4D, 0x4A, 0xB7, 0x00, 0x00, 0x00, 0x00, 
0x00, 0x00, 0x00, 0x00, 0x00, 0x00, 0x00, 0x00, 0x00, 0x00, 0x00, 0x00, 
0x00, 0x00, 0x00, 0x00, 0x00, 0x00, 0x00, 0x00, 0x00, 0x00, 0x00, 0x00, 
0x00, 0x00, 0x00, 0x00, 0x00, 0x00, 0x00, 0x00, 0x00, 0x00, 0x00, 0x00, 
0x00, 0x00, 0x00, 0x00, 0x00, 0x00, 0x00, 0x00, 0x00, 0x00, 0x00, 0x00, 
0x00, 0x00, 0x00, 0x00, 0x00, 0x00, 0x00, 0x00, 0x00, 0x00, 0x00, 0x00, 
0x00, 0x00, 0x00, 0x00, 0x00, 0x00, 0x00, 0x00, 0x00, 0x00, 0x00, 0x00, 
0x00, 0x00, 0x00, 0x00, 0x10, 0x5D, 0x63, 0xB7, 0x10, 0x5D, 0x63, 0xFF, 
0x16, 0x65, 0x65, 0xFF, 0x16, 0x65, 0x65, 0xFF, 0x16, 0x65, 0x65, 0xFF, 
0x16, 0x65, 0x65, 0xFF, 0x16, 0x65, 0x65, 0xFF, 0x16, 0x65, 0x65, 0xFF, 
0x16, 0x65, 0x65, 0xFF, 0x16, 0x65, 0x65, 0xFF, 0x16, 0x65, 0x65, 0xFF, 
0x16, 0x65, 0x65, 0xFF, 0x16, 0x65, 0x65, 0xFF, 0x16, 0x65, 0x65, 0xFF, 
0x16, 0x65, 0x65, 0xFF, 0x16, 0x65, 0x65, 0xFF, 0x16, 0x65, 0x65, 0xFF, 
0x16, 0x65, 0x65, 0xFF, 0x16, 0x65, 0x65, 0xFF, 0x16, 0x65, 0x65, 0xFF, 
0x16, 0x65, 0x65, 0xFF, 0x16, 0x65, 0x65, 0xFF, 0x16, 0x65, 0x65, 0xFF, 
0x16, 0x65, 0x65, 0xFF, 0x16, 0x65, 0x65, 0xFF, 0x16, 0x65, 0x65, 0xFF, 
0x16, 0x65, 0x65, 0xFF, 0x16, 0x65, 0x65, 0xFF, 0x16, 0x65, 0x65, 0xFF, 
0x16, 0x65, 0x65, 0xFF, 0x16, 0x65, 0x65, 0xFF, 0x16, 0x65, 0x65, 0xFF, 
0x16, 0x65, 0x65, 0xFF, 0x16, 0x65, 0x65, 0xFF, 0x16, 0x65, 0x65, 0xFF, 
0x16, 0x65, 0x65, 0xFF, 0x16, 0x65, 0x65, 0xFF, 0x16, 0x65, 0x65, 0xFF, 
0x18, 0x65, 0x63, 0xFF, 0x18, 0x65, 0x63, 0xFF, 0x08, 0x51, 0x52, 0xFF, 
0x08, 0x51, 0x52, 0xFF, 0x08, 0x4D, 0x4A, 0xFF, 0x08, 0x4D, 0x4A, 0xB7, 
0x00, 0x00, 0x00, 0x00, 0x00, 0x00, 0x00, 0x00, 0x00, 0x00, 0x00, 0x00, 
0x00, 0x00, 0x00, 0x00, 0x00, 0x00, 0x00, 0x00, 0x00, 0x00, 0x00, 0x00, 
0x00, 0x00, 0x00, 0x00, 0x00, 0x00, 0x00, 0x00, 0x00, 0x00, 0x00, 0x00, 
0x00, 0x00, 0x00, 0x00, 0x00, 0x00, 0x00, 0x00, 0x00, 0x00, 0x00, 0x00, 
0x00, 0x00, 0x00, 0x00, 0x00, 0x00, 0x00, 0x00, 0x00, 0x00, 0x00, 0x00, 
0x00, 0x00, 0x00, 0x00, 0x00, 0x00, 0x00, 0x00, 0x00, 0x00, 0x00, 0x00, 
0x00, 0x00, 0x00, 0x00, 0x00, 0x00, 0x00, 0x00, 0x10, 0x5D, 0x63, 0xB7, 
0x10, 0x5D, 0x63, 0xFF, 0x16, 0x65, 0x65, 0xFF, 0x16, 0x65, 0x65, 0xFF, 
0x16, 0x65, 0x65, 0xFF, 0x16, 0x65, 0x65, 0xFF, 0x16, 0x65, 0x65, 0xFF, 
0x16, 0x65, 0x65, 0xFF, 0x16, 0x65, 0x65, 0xFF, 0x16, 0x65, 0x65, 0xFF, 
0x16, 0x65, 0x65, 0xFF, 0x16, 0x65, 0x65, 0xFF, 0x16, 0x65, 0x65, 0xFF, 
0x16, 0x65, 0x65, 0xFF, 0x16, 0x65, 0x65, 0xFF, 0x16, 0x65, 0x65, 0xFF, 
0x16, 0x65, 0x65, 0xFF, 0x16, 0x65, 0x65, 0xFF, 0x16, 0x65, 0x65, 0xFF, 
0x16, 0x65, 0x65, 0xFF, 0x16, 0x65, 0x65, 0xFF, 0x16, 0x65, 0x65, 0xFF, 
0x16, 0x65, 0x65, 0xFF, 0x16, 0x65, 0x65, 0xFF, 0x16, 0x65, 0x65, 0xFF, 
0x16, 0x65, 0x65, 0xFF, 0x16, 0x65, 0x65, 0xFF, 0x16, 0x65, 0x65, 0xFF, 
0x16, 0x65, 0x65, 0xFF, 0x16, 0x65, 0x65, 0xFF, 0x16, 0x65, 0x65, 0xFF, 
0x16, 0x65, 0x65, 0xFF, 0x16, 0x65, 0x65, 0xFF, 0x16, 0x65, 0x65, 0xFF, 
0x16, 0x65, 0x65, 0xFF, 0x16, 0x65, 0x65, 0xFF, 0x16, 0x65, 0x65, 0xFF, 
0x16, 0x65, 0x65, 0xFF, 0x18, 0x65, 0x63, 0xFF, 0x18, 0x65, 0x63, 0xFF, 
0x08, 0x51, 0x52, 0xFF, 0x08, 0x51, 0x52, 0xFF, 0x08, 0x4D, 0x4A, 0xFF, 
0x08, 0x4D, 0x4A, 0xB7, 0x00, 0x00, 0x00, 0x00, 0x00, 0x00, 0x00, 0x00, 
0x00, 0x00, 0x00, 0x00, 0x00, 0x00, 0x00, 0x00, 0x00, 0x00, 0x00, 0x00, 
0x00, 0x00, 0x00, 0x00, 0x00, 0x00, 0x00, 0x00, 0x00, 0x00, 0x00, 0x00, 
0x00, 0x00, 0x00, 0x00, 0x00, 0x00, 0x00, 0x00, 0x00, 0x00, 0x00, 0x00, 
0x00, 0x00, 0x00, 0x00, 0x00, 0x00, 0x00, 0x00, 0x00, 0x00, 0x00, 0x00, 
0x00, 0x00, 0x00, 0x00, 0x00, 0x00, 0x00, 0x00, 0x00, 0x00, 0x00, 0x00, 
0x00, 0x00, 0x00, 0x00, 0x00, 0x00, 0x00, 0x00, 0x00, 0x00, 0x00, 0x00, 
0x10, 0x5D, 0x63, 0xB7, 0x10, 0x5D, 0x63, 0xFF, 0x16, 0x65, 0x65, 0xFF, 
0x16, 0x65, 0x65, 0xFF, 0x16, 0x65, 0x65, 0xFF, 0x16, 0x65, 0x65, 0xFF, 
0x16, 0x65, 0x65, 0xFF, 0x16, 0x65, 0x65, 0xFF, 0x16, 0x65, 0x65, 0xFF, 
0x16, 0x65, 0x65, 0xFF, 0x16, 0x65, 0x65, 0xFF, 0x16, 0x65, 0x65, 0xFF, 
0x16, 0x65, 0x65, 0xFF, 0x16, 0x65, 0x65, 0xFF, 0x16, 0x65, 0x65, 0xFF, 
0x16, 0x65, 0x65, 0xFF, 0x16, 0x65, 0x65, 0xFF, 0x16, 0x65, 0x65, 0xFF, 
0x16, 0x65, 0x65, 0xFF, 0x16, 0x65, 0x65, 0xFF, 0x16, 0x65, 0x65, 0xFF, 
0x16, 0x65, 0x65, 0xFF, 0x16, 0x65, 0x65, 0xFF, 0x16, 0x65, 0x65, 0xFF, 
0x16, 0x65, 0x65, 0xFF, 0x16, 0x65, 0x65, 0xFF, 0x16, 0x65, 0x65, 0xFF, 
0x16, 0x65, 0x65, 0xFF, 0x16, 0x65, 0x65, 0xFF, 0x16, 0x65, 0x65, 0xFF, 
0x16, 0x65, 0x65, 0xFF, 0x16, 0x65, 0x65, 0xFF, 0x16, 0x65, 0x65, 0xFF, 
0x16, 0x65, 0x65, 0xFF, 0x16, 0x65, 0x65, 0xFF, 0x16, 0x65, 0x65, 0xFF, 
0x16, 0x65, 0x65, 0xFF, 0x16, 0x65, 0x65, 0xFF, 0x18, 0x65, 0x63, 0xFF, 
0x18, 0x65, 0x63, 0xFF, 0x08, 0x51, 0x52, 0xFF, 0x08, 0x51, 0x52, 0xFF, 
0x08, 0x4D, 0x4A, 0xFF, 0x08, 0x4D, 0x4A, 0xB7, 0x00, 0x00, 0x00, 0x00, 
0x00, 0x00, 0x00, 0x00, 0x00, 0x00, 0x00, 0x00, 0x00, 0x00, 0x00, 0x00, 
0x00, 0x00, 0x00, 0x00, 0x00, 0x00, 0x00, 0x00, 0x00, 0x00, 0x00, 0x00, 
0x00, 0x00, 0x00, 0x00, 0x00, 0x00, 0x00, 0x00, 0x00, 0x00, 0x00, 0x00, 
0x00, 0x00, 0x00, 0x00, 0x00, 0x00, 0x00, 0x00, 0x00, 0x00, 0x00, 0x00, 
0x00, 0x00, 0x00, 0x00, 0x00, 0x00, 0x00, 0x00, 0x00, 0x00, 0x00, 0x00, 
0x00, 0x00, 0x00, 0x00, 0x00, 0x00, 0x00, 0x00, 0x00, 0x00, 0x00, 0x00, 
0x00, 0x00, 0x00, 0x00, 0x10, 0x5D, 0x63, 0xB7, 0x10, 0x5D, 0x63, 0xFF, 
0x16, 0x65, 0x65, 0xFF, 0x16, 0x65, 0x65, 0xFF, 0x16, 0x65, 0x65, 0xFF, 
0x16, 0x65, 0x65, 0xFF, 0x16, 0x65, 0x65, 0xFF, 0x16, 0x65, 0x65, 0xFF, 
0x16, 0x65, 0x65, 0xFF, 0x16, 0x65, 0x65, 0xFF, 0x16, 0x65, 0x65, 0xFF, 
0x16, 0x65, 0x65, 0xFF, 0x16, 0x65, 0x65, 0xFF, 0x16, 0x65, 0x65, 0xFF, 
0x16, 0x65, 0x65, 0xFF, 0x16, 0x65, 0x65, 0xFF, 0x16, 0x65, 0x65, 0xFF, 
0x16, 0x65, 0x65, 0xFF, 0x16, 0x65, 0x65, 0xFF, 0x16, 0x65, 0x65, 0xFF, 
0x16, 0x65, 0x65, 0xFF, 0x16, 0x65, 0x65, 0xFF, 0x16, 0x65, 0x65, 0xFF, 
0x16, 0x65, 0x65, 0xFF, 0x16, 0x65, 0x65, 0xFF, 0x16, 0x65, 0x65, 0xFF, 
0x16, 0x65, 0x65, 0xFF, 0x16, 0x65, 0x65, 0xFF, 0x16, 0x65, 0x65, 0xFF, 
0x16, 0x65, 0x65, 0xFF, 0x16, 0x65, 0x65, 0xFF, 0x16, 0x65, 0x65, 0xFF, 
0x16, 0x65, 0x65, 0xFF, 0x16, 0x65, 0x65, 0xFF, 0x16, 0x65, 0x65, 0xFF, 
0x16, 0x65, 0x65, 0xFF, 0x16, 0x65, 0x65, 0xFF, 0x16, 0x65, 0x65, 0xFF, 
0x18, 0x65, 0x63, 0xFF, 0x18, 0x65, 0x63, 0xFF, 0x08, 0x51, 0x52, 0xFF, 
0x08, 0x51, 0x52, 0xFF, 0x08, 0x4D, 0x4A, 0xFF, 0x08, 0x4D, 0x4A, 0xB7, 
0x00, 0x00, 0x00, 0x00, 0x00, 0x00, 0x00, 0x00, 0x00, 0x00, 0x00, 0x00, 
0x00, 0x00, 0x00, 0x00, 0x00, 0x00, 0x00, 0x00, 0x00, 0x00, 0x00, 0x00, 
0x00, 0x00, 0x00, 0x00, 0x00, 0x00, 0x00, 0x00, 0x00, 0x00, 0x00, 0x00, 
0x00, 0x00, 0x00, 0x00, 0x00, 0x00, 0x00, 0x00, 0x00, 0x00, 0x00, 0x00, 
0x00, 0x00, 0x00, 0x00, 0x00, 0x00, 0x00, 0x00, 0x00, 0x00, 0x00, 0x00, 
0x00, 0x00, 0x00, 0x00, 0x00, 0x00, 0x00, 0x00, 0x00, 0x00, 0x00, 0x00, 
0x00, 0x00, 0x00, 0x00, 0x00, 0x00, 0x00, 0x00, 0x10, 0x5D, 0x63, 0xB7, 
0x10, 0x5D, 0x63, 0xFF, 0x16, 0x65, 0x65, 0xFF, 0x16, 0x65, 0x65, 0xFF, 
0x16, 0x65, 0x65, 0xFF, 0x16, 0x65, 0x65, 0xFF, 0x16, 0x65, 0x65, 0xFF, 
0x16, 0x65, 0x65, 0xFF, 0x16, 0x65, 0x65, 0xFF, 0x16, 0x65, 0x65, 0xFF, 
0x16, 0x65, 0x65, 0xFF, 0x16, 0x65, 0x65, 0xFF, 0x16, 0x65, 0x65, 0xFF, 
0x16, 0x65, 0x65, 0xFF, 0x16, 0x65, 0x65, 0xFF, 0x16, 0x65, 0x65, 0xFF, 
0x16, 0x65, 0x65, 0xFF, 0x16, 0x65, 0x65, 0xFF, 0x16, 0x65, 0x65, 0xFF, 
0x16, 0x65, 0x65, 0xFF, 0x16, 0x65, 0x65, 0xFF, 0x16, 0x65, 0x65, 0xFF, 
0x16, 0x65, 0x65, 0xFF, 0x16, 0x65, 0x65, 0xFF, 0x16, 0x65, 0x65, 0xFF, 
0x16, 0x65, 0x65, 0xFF, 0x16, 0x65, 0x65, 0xFF, 0x16, 0x65, 0x65, 0xFF, 
0x16, 0x65, 0x65, 0xFF, 0x16, 0x65, 0x65, 0xFF, 0x16, 0x65, 0x65, 0xFF, 
0x16, 0x65, 0x65, 0xFF, 0x16, 0x65, 0x65, 0xFF, 0x16, 0x65, 0x65, 0xFF, 
0x16, 0x65, 0x65, 0xFF, 0x16, 0x65, 0x65, 0xFF, 0x16, 0x65, 0x65, 0xFF, 
0x16, 0x65, 0x65, 0xFF, 0x18, 0x65, 0x63, 0xFF, 0x18, 0x65, 0x63, 0xFF, 
0x08, 0x51, 0x52, 0xFF, 0x08, 0x51, 0x52, 0xFF, 0x08, 0x4D, 0x4A, 0xFF, 
0x08, 0x4D, 0x4A, 0xB7, 0x00, 0x00, 0x00, 0x00, 0x00, 0x00, 0x00, 0x00, 
0x00, 0x00, 0x00, 0x00, 0x00, 0x00, 0x00, 0x00, 0x00, 0x00, 0x00, 0x00, 
0x00, 0x00, 0x00, 0x00, 0x00, 0x00, 0x00, 0x00, 0x00, 0x00, 0x00, 0x00, 
0x00, 0x00, 0x00, 0x00, 0x00, 0x00, 0x00, 0x00, 0x00, 0x00, 0x00, 0x00, 
0x00, 0x00, 0x00, 0x00, 0x00, 0x00, 0x00, 0x00, 0x00, 0x00, 0x00, 0x00, 
0x00, 0x00, 0x00, 0x00, 0x00, 0x00, 0x00, 0x00, 0x00, 0x00, 0x00, 0x00, 
0x00, 0x00, 0x00, 0x00, 0x00, 0x00, 0x00, 0x00, 0x00, 0x00, 0x00, 0x00, 
0x10, 0x5D, 0x63, 0xB7, 0x10, 0x5D, 0x63, 0xFF, 0x16, 0x65, 0x65, 0xFF, 
0x16, 0x65, 0x65, 0xFF, 0x16, 0x65, 0x65, 0xFF, 0x16, 0x65, 0x65, 0xFF, 
0x16, 0x65, 0x65, 0xFF, 0x16, 0x65, 0x65, 0xFF, 0x16, 0x65, 0x65, 0xFF, 
0x16, 0x65, 0x65, 0xFF, 0x16, 0x65, 0x65, 0xFF, 0x16, 0x65, 0x65, 0xFF, 
0x16, 0x65, 0x65, 0xFF, 0x16, 0x65, 0x65, 0xFF, 0x16, 0x65, 0x65, 0xFF, 
0x16, 0x65, 0x65, 0xFF, 0x16, 0x65, 0x65, 0xFF, 0x16, 0x65, 0x65, 0xFF, 
0x16, 0x65, 0x65, 0xFF, 0x16, 0x65, 0x65, 0xFF, 0x16, 0x65, 0x65, 0xFF, 
0x16, 0x65, 0x65, 0xFF, 0x16, 0x65, 0x65, 0xFF, 0x16, 0x65, 0x65, 0xFF, 
0x16, 0x65, 0x65, 0xFF, 0x16, 0x65, 0x65, 0xFF, 0x16, 0x65, 0x65, 0xFF, 
0x16, 0x65, 0x65, 0xFF, 0x16, 0x65, 0x65, 0xFF, 0x16, 0x65, 0x65, 0xFF, 
0x16, 0x65, 0x65, 0xFF, 0x16, 0x65, 0x65, 0xFF, 0x16, 0x65, 0x65, 0xFF, 
0x16, 0x65, 0x65, 0xFF, 0x16, 0x65, 0x65, 0xFF, 0x16, 0x65, 0x65, 0xFF, 
0x16, 0x65, 0x65, 0xFF, 0x16, 0x65, 0x65, 0xFF, 0x18, 0x65, 0x63, 0xFF, 
0x18, 0x65, 0x63, 0xFF, 0x08, 0x51, 0x52, 0xFF, 0x08, 0x51, 0x52, 0xFF, 
0x08, 0x4D, 0x4A, 0xFF, 0x08, 0x4D, 0x4A, 0xB7, 0x00, 0x00, 0x00, 0x00, 
0x00, 0x00, 0x00, 0x00, 0x00, 0x00, 0x00, 0x00, 0x00, 0x00, 0x00, 0x00, 
0x00, 0x00, 0x00, 0x00, 0x00, 0x00, 0x00, 0x00, 0x00, 0x00, 0x00, 0x00, 
0x00, 0x00, 0x00, 0x00, 0x00, 0x00, 0x00, 0x00, 0x00, 0x00, 0x00, 0x00, 
0x00, 0x00, 0x00, 0x00, 0x00, 0x00, 0x00, 0x00, 0x00, 0x00, 0x00, 0x00, 
0x00, 0x00, 0x00, 0x00, 0x00, 0x00, 0x00, 0x00, 0x00, 0x00, 0x00, 0x00, 
0x00, 0x00, 0x00, 0x00, 0x00, 0x00, 0x00, 0x00, 0x00, 0x00, 0x00, 0x00, 
0x00, 0x00, 0x00, 0x00, 0x10, 0x5D, 0x63, 0xB7, 0x10, 0x5D, 0x63, 0xFF, 
0x16, 0x65, 0x65, 0xFF, 0x16, 0x65, 0x65, 0xFF, 0x16, 0x65, 0x65, 0xFF, 
0x16, 0x65, 0x65, 0xFF, 0x18, 0x61, 0x63, 0xFF, 0x18, 0x61, 0x63, 0xFF, 
0x18, 0x61, 0x63, 0xFF, 0x18, 0x61, 0x63, 0xFF, 0x21, 0x69, 0x63, 0xFF, 
0x21, 0x69, 0x63, 0xFF, 0x21, 0x69, 0x63, 0xFF, 0x21, 0x69, 0x63, 0xFF, 
0x21, 0x69, 0x63, 0xFF, 0x21, 0x69, 0x63, 0xFF, 0x21, 0x69, 0x63, 0xFF, 
0x21, 0x69, 0x63, 0xFF, 0x21, 0x69, 0x63, 0xFF, 0x21, 0x69, 0x63, 0xFF, 
0x21, 0x69, 0x63, 0xFF, 0x21, 0x69, 0x63, 0xFF, 0x21, 0x69, 0x63, 0xFF, 
0x21, 0x69, 0x63, 0xFF, 0x21, 0x69, 0x63, 0xFF, 0x21, 0x69, 0x63, 0xFF, 
0x21, 0x69, 0x63, 0xFF, 0x21, 0x69, 0x63, 0xFF, 0x21, 0x69, 0x63, 0xFF, 
0x21, 0x69, 0x63, 0xFF, 0x18, 0x61, 0x63, 0xFF, 0x18, 0x61, 0x63, 0xFF, 
0x18, 0x61, 0x63, 0xFF, 0x18, 0x61, 0x63, 0xFF, 0x16, 0x65, 0x65, 0xFF, 
0x16, 0x65, 0x65, 0xFF, 0x16, 0x65, 0x65, 0xFF, 0x16, 0x65, 0x65, 0xFF, 
0x18, 0x65, 0x63, 0xFF, 0x18, 0x65, 0x63, 0xFF, 0x08, 0x51, 0x52, 0xFF, 
0x08, 0x51, 0x52, 0xFF, 0x08, 0x4D, 0x4A, 0xFF, 0x08, 0x4D, 0x4A, 0xB7, 
0x00, 0x00, 0x00, 0x00, 0x00, 0x00, 0x00, 0x00, 0x00, 0x00, 0x00, 0x00, 
0x00, 0x00, 0x00, 0x00, 0x00, 0x00, 0x00, 0x00, 0x00, 0x00, 0x00, 0x00, 
0x00, 0x00, 0x00, 0x00, 0x00, 0x00, 0x00, 0x00, 0x00, 0x00, 0x00, 0x00, 
0x00, 0x00, 0x00, 0x00, 0x00, 0x00, 0x00, 0x00, 0x00, 0x00, 0x00, 0x00, 
0x00, 0x00, 0x00, 0x00, 0x00, 0x00, 0x00, 0x00, 0x00, 0x00, 0x00, 0x00, 
0x00, 0x00, 0x00, 0x00, 0x00, 0x00, 0x00, 0x00, 0x00, 0x00, 0x00, 0x00, 
0x00, 0x00, 0x00, 0x00, 0x00, 0x00, 0x00, 0x00, 0x10, 0x5D, 0x63, 0xB7, 
0x10, 0x5D, 0x63, 0xFF, 0x16, 0x65, 0x65, 0xFF, 0x16, 0x65, 0x65, 0xFF, 
0x16, 0x65, 0x65, 0xFF, 0x16, 0x65, 0x65, 0xFF, 0x18, 0x61, 0x63, 0xFF, 
0x18, 0x61, 0x63, 0xFF, 0x18, 0x61, 0x63, 0xFF, 0x18, 0x61, 0x63, 0xFF, 
0x21, 0x69, 0x63, 0xFF, 0x55, 0x94, 0x68, 0xFF, 0x89, 0xC8, 0x6E, 0xFF, 
0x89, 0xC8, 0x6E, 0xFF, 0x94, 0xD0, 0x6E, 0xFF, 0x94, 0xD0, 0x6E, 0xFF, 
0x94, 0xD0, 0x6E, 0xFF, 0x94, 0xD0, 0x6E, 0xFF, 0x94, 0xD0, 0x6E, 0xFF, 
0x94, 0xD0, 0x6E, 0xFF, 0x94, 0xD0, 0x6E, 0xFF, 0x94, 0xD0, 0x6E, 0xFF, 
0x94, 0xD0, 0x6E, 0xFF, 0x94, 0xD0, 0x6E, 0xFF, 0x94, 0xD0, 0x6E, 0xFF, 
0x94, 0xD0, 0x6E, 0xFF, 0x94, 0xCD, 0x6E, 0xFF, 0x94, 0xCD, 0x6E, 0xFF, 
0x94, 0xCD, 0x6E, 0xFF, 0x94, 0xCD, 0x6E, 0xFF, 0x4F, 0x8F, 0x68, 0xFF, 
0x18, 0x61, 0x63, 0xFF, 0x18, 0x61, 0x63, 0xFF, 0x18, 0x61, 0x63, 0xFF, 
0x16, 0x65, 0x65, 0xFF, 0x16, 0x65, 0x65, 0xFF, 0x16, 0x65, 0x65, 0xFF, 
0x16, 0x65, 0x65, 0xFF, 0x18, 0x65, 0x63, 0xFF, 0x18, 0x65, 0x63, 0xFF, 
0x08, 0x51, 0x52, 0xFF, 0x08, 0x51, 0x52, 0xFF, 0x08, 0x4D, 0x4A, 0xFF, 
0x08, 0x4D, 0x4A, 0xB7, 0x00, 0x00, 0x00, 0x00, 0x00, 0x00, 0x00, 0x00, 
0x00, 0x00, 0x00, 0x00, 0x00, 0x00, 0x00, 0x00, 0x00, 0x00, 0x00, 0x00, 
0x00, 0x00, 0x00, 0x00, 0x00, 0x00, 0x00, 0x00, 0x00, 0x00, 0x00, 0x00, 
0x00, 0x00, 0x00, 0x00, 0x00, 0x00, 0x00, 0x00, 0x00, 0x00, 0x00, 0x00, 
0x00, 0x00, 0x00, 0x00, 0x00, 0x00, 0x00, 0x00, 0x00, 0x00, 0x00, 0x00, 
0x00, 0x00, 0x00, 0x00, 0x00, 0x00, 0x00, 0x00, 0x00, 0x00, 0x00, 0x00, 
0x00, 0x00, 0x00, 0x00, 0x00, 0x00, 0x00, 0x00, 0x00, 0x00, 0x00, 0x00, 
0x10, 0x5D, 0x63, 0xB7, 0x10, 0x5D, 0x63, 0xFF, 0x16, 0x65, 0x65, 0xFF, 
0x16, 0x65, 0x65, 0xFF, 0x16, 0x65, 0x65, 0xFF, 0x16, 0x65, 0x65, 0xFF, 
0x18, 0x61, 0x63, 0xFF, 0x18, 0x61, 0x63, 0xFF, 0x18, 0x61, 0x63, 0xFF, 
0x4F, 0x8C, 0x65, 0xFF, 0xBD, 0xF3, 0x73, 0xFF, 0xBD, 0xF3, 0x73, 0xFF, 
0xBD, 0xF3, 0x73, 0xFF, 0xBD, 0xF3, 0x73, 0xFF, 0xCE, 0xFF, 0x73, 0xFF, 
0xCE, 0xFF, 0x73, 0xFF, 0xCE, 0xFF, 0x73, 0xFF, 0xCE, 0xFF, 0x73, 0xFF, 
0xCE, 0xFF, 0x73, 0xFF, 0xCE, 0xFF, 0x73, 0xFF, 0xCE, 0xFF, 0x73, 0xFF, 
0xCE, 0xFF, 0x73, 0xFF, 0xCE, 0xFF, 0x73, 0xFF, 0xCE, 0xFF, 0x73, 0xFF, 
0xCE, 0xFF, 0x73, 0xFF, 0xCE, 0xFF, 0x73, 0xFF, 0xCE, 0xFB, 0x73, 0xFF, 
0xCE, 0xFB, 0x73, 0xFF, 0xCE, 0xFB, 0x73, 0xFF, 0xCE, 0xFB, 0x73, 0xFF, 
0xBD, 0xF3, 0x73, 0xFF, 0xBD, 0xF3, 0x73, 0xFF, 0x4F, 0x8F, 0x68, 0xFF, 
0x18, 0x61, 0x63, 0xFF, 0x16, 0x65, 0x65, 0xFF, 0x16, 0x65, 0x65, 0xFF, 
0x16, 0x65, 0x65, 0xFF, 0x16, 0x65, 0x65, 0xFF, 0x18, 0x65, 0x63, 0xFF, 
0x18, 0x65, 0x63, 0xFF, 0x08, 0x51, 0x52, 0xFF, 0x08, 0x51, 0x52, 0xFF, 
0x08, 0x4D, 0x4A, 0xFF, 0x08, 0x4D, 0x4A, 0xB7, 0x00, 0x00, 0x00, 0x00, 
0x00, 0x00, 0x00, 0x00, 0x00, 0x00, 0x00, 0x00, 0x00, 0x00, 0x00, 0x00, 
0x00, 0x00, 0x00, 0x00, 0x00, 0x00, 0x00, 0x00, 0x00, 0x00, 0x00, 0x00, 
0x00, 0x00, 0x00, 0x00, 0x00, 0x00, 0x00, 0x00, 0x00, 0x00, 0x00, 0x00, 
0x00, 0x00, 0x00, 0x00, 0x00, 0x00, 0x00, 0x00, 0x00, 0x00, 0x00, 0x00, 
0x00, 0x00, 0x00, 0x00, 0x00, 0x00, 0x00, 0x00, 0x00, 0x00, 0x00, 0x00, 
0x00, 0x00, 0x00, 0x00, 0x00, 0x00, 0x00, 0x00, 0x00, 0x00, 0x00, 0x00, 
0x00, 0x00, 0x00, 0x00, 0x10, 0x5D, 0x63, 0xB7, 0x10, 0x5D, 0x63, 0xFF, 
0x16, 0x65, 0x65, 0xFF, 0x16, 0x65, 0x65, 0xFF, 0x16, 0x65, 0x65, 0xFF, 
0x16, 0x65, 0x65, 0xFF, 0x18, 0x61, 0x63, 0xFF, 0x18, 0x61, 0x63, 0xFF, 
0x4F, 0x8C, 0x65, 0xFF, 0xBD, 0xEB, 0x6B, 0xFF, 0xBD, 0xF3, 0x73, 0xFF, 
0xBD, 0xF3, 0x73, 0xFF, 0x89, 0xC8, 0x6E, 0xFF, 0x55, 0x94, 0x68, 0xFF, 
0x5A, 0x98, 0x68, 0xFF, 0x5A, 0x98, 0x68, 0xFF, 0x5A, 0x98, 0x68, 0xFF, 
0x5A, 0x98, 0x68, 0xFF, 0x5A, 0x98, 0x68, 0xFF, 0x5A, 0x98, 0x68, 0xFF, 
0x5A, 0x98, 0x68, 0xFF, 0x5A, 0x98, 0x68, 0xFF, 0x5A, 0x98, 0x68, 0xFF, 
0x5A, 0x98, 0x68, 0xFF, 0x5A, 0x98, 0x68, 0xFF, 0x5A, 0x98, 0x68, 0xFF, 
0x5A, 0x97, 0x68, 0xFF, 0x5A, 0x97, 0x68, 0xFF, 0x5A, 0x97, 0x68, 0xFF, 
0x94, 0xCD, 0x6E, 0xFF, 0xBD, 0xF3, 0x73, 0xFF, 0xBD, 0xF3, 0x73, 0xFF, 
0xBD, 0xF3, 0x73, 0xFF, 0x4F, 0x8F, 0x68, 0xFF, 0x16, 0x65, 0x65, 0xFF, 
0x16, 0x65, 0x65, 0xFF, 0x16, 0x65, 0x65, 0xFF, 0x16, 0x65, 0x65, 0xFF, 
0x18, 0x65, 0x63, 0xFF, 0x18, 0x65, 0x63, 0xFF, 0x08, 0x51, 0x52, 0xFF, 
0x08, 0x51, 0x52, 0xFF, 0x08, 0x4D, 0x4A, 0xFF, 0x08, 0x4D, 0x4A, 0xB7, 
0x00, 0x00, 0x00, 0x00, 0x00, 0x00, 0x00, 0x00, 0x00, 0x00, 0x00, 0x00, 
0x00, 0x00, 0x00, 0x00, 0x00, 0x00, 0x00, 0x00, 0x00, 0x00, 0x00, 0x00, 
0x00, 0x00, 0x00, 0x00, 0x00, 0x00, 0x00, 0x00, 0x00, 0x00, 0x00, 0x00, 
0x00, 0x00, 0x00, 0x00, 0x00, 0x00, 0x00, 0x00, 0x00, 0x00, 0x00, 0x00, 
0x00, 0x00, 0x00, 0x00, 0x00, 0x00, 0x00, 0x00, 0x00, 0x00, 0x00, 0x00, 
0x00, 0x00, 0x00, 0x00, 0x00, 0x00, 0x00, 0x00, 0x00, 0x00, 0x00, 0x00, 
0x00, 0x00, 0x00, 0x00, 0x00, 0x00, 0x00, 0x00, 0x10, 0x5D, 0x63, 0xB7, 
0x10, 0x5D, 0x63, 0xFF, 0x16, 0x65, 0x65, 0xFF, 0x16, 0x65, 0x65, 0xFF, 
0x16, 0x65, 0x65, 0xFF, 0x16, 0x65, 0x65, 0xFF, 0x18, 0x65, 0x63, 0xFF, 
0x18, 0x65, 0x63, 0xFF, 0xBD, 0xEF, 0x73, 0xFF, 0xBD, 0xEF, 0x73, 0xFF, 
0x97, 0xD0, 0x6E, 0xFF, 0x39, 0x79, 0x63, 0xFF, 0x68, 0xA0, 0x68, 0xFF, 
0x97, 0xD0, 0x6E, 0xFF, 0x8C, 0xC9, 0x6E, 0xFF, 0x18, 0x65, 0x63, 0xFF, 
0x18, 0x65, 0x63, 0xFF, 0x18, 0x65, 0x63, 0xFF, 0x16, 0x65, 0x65, 0xFF, 
0x16, 0x65, 0x65, 0xFF, 0x16, 0x65, 0x65, 0xFF, 0x16, 0x65, 0x65, 0xFF, 
0x16, 0x65, 0x65, 0xFF, 0x16, 0x65, 0x65, 0xFF, 0x16, 0x65, 0x65, 0xFF, 
0x16, 0x65, 0x65, 0xFF, 0x16, 0x65, 0x65, 0xFF, 0x16, 0x65, 0x65, 0xFF, 
0x16, 0x65, 0x65, 0xFF, 0x16, 0x65, 0x65, 0xFF, 0x18, 0x65, 0x63, 0xFF, 
0x8C, 0xC9, 0x6E, 0xFF, 0xC6, 0xF7, 0x73, 0xFF, 0x8C, 0xC9, 0x6E, 0xFF, 
0x18, 0x65, 0x63, 0xFF, 0x18, 0x65, 0x63, 0xFF, 0x18, 0x65, 0x63, 0xFF, 
0x18, 0x65, 0x63, 0xFF, 0x18, 0x65, 0x63, 0xFF, 0x18, 0x65, 0x63, 0xFF, 
0x08, 0x51, 0x52, 0xFF, 0x08, 0x51, 0x52, 0xFF, 0x08, 0x4D, 0x4A, 0xFF, 
0x08, 0x4D, 0x4A, 0xB7, 0x00, 0x00, 0x00, 0x00, 0x00, 0x00, 0x00, 0x00, 
0x00, 0x00, 0x00, 0x00, 0x00, 0x00, 0x00, 0x00, 0x00, 0x00, 0x00, 0x00, 
0x00, 0x00, 0x00, 0x00, 0x00, 0x00, 0x00, 0x00, 0x00, 0x00, 0x00, 0x00, 
0x00, 0x00, 0x00, 0x00, 0x00, 0x00, 0x00, 0x00, 0x00, 0x00, 0x00, 0x00, 
0x00, 0x00, 0x00, 0x00, 0x00, 0x00, 0x00, 0x00, 0x00, 0x00, 0x00, 0x00, 
0x00, 0x00, 0x00, 0x00, 0x00, 0x00, 0x00, 0x00, 0x00, 0x00, 0x00, 0x00, 
0x00, 0x00, 0x00, 0x00, 0x00, 0x00, 0x00, 0x00, 0x00, 0x00, 0x00, 0x00, 
0x10, 0x5D, 0x63, 0xB7, 0x10, 0x5D, 0x63, 0xFF, 0x16, 0x65, 0x65, 0xFF, 
0x16, 0x65, 0x65, 0xFF, 0x16, 0x65, 0x65, 0xFF, 0x16, 0x65, 0x65, 0xFF, 
0x18, 0x65, 0x63, 0xFF, 0x4F, 0x90, 0x68, 0xFF, 0xBD, 0xEF, 0x73, 0xFF, 
0xBD, 0xEF, 0x73, 0xFF, 0x39, 0x79, 0x63, 0xFF, 0x97, 0xD0, 0x6E, 0xFF, 
0xC6, 0xF7, 0x73, 0xFF, 0xC6, 0xF7, 0x73, 0xFF, 0xC6, 0xF7, 0x73, 0xFF, 
0x8C, 0xC9, 0x6E, 0xFF, 0x18, 0x65, 0x63, 0xFF, 0x18, 0x65, 0x63, 0xFF, 
0x16, 0x65, 0x65, 0xFF, 0x16, 0x65, 0x65, 0xFF, 0x16, 0x65, 0x65, 0xFF, 
0x16, 0x65, 0x65, 0xFF, 0x16, 0x65, 0x65, 0xFF, 0x16, 0x65, 0x65, 0xFF, 
0x16, 0x65, 0x65, 0xFF, 0x16, 0x65, 0x65, 0xFF, 0x16, 0x65, 0x65, 0xFF, 
0x16, 0x65, 0x65, 0xFF, 0x16, 0x65, 0x65, 0xFF, 0x16, 0x65, 0x65, 0xFF, 
0x18, 0x65, 0x63, 0xFF, 0x52, 0x93, 0x68, 0xFF, 0xC6, 0xF7, 0x73, 0xFF, 
0xC6, 0xF7, 0x73, 0xFF, 0x39, 0x7C, 0x65, 0xFF, 0x18, 0x65, 0x63, 0xFF, 
0x18, 0x65, 0x63, 0xFF, 0x18, 0x65, 0x63, 0xFF, 0x18, 0x65, 0x63, 0xFF, 
0x18, 0x65, 0x63, 0xFF, 0x08, 0x51, 0x52, 0xFF, 0x08, 0x51, 0x52, 0xFF, 
0x08, 0x4D, 0x4A, 0xFF, 0x08, 0x4D, 0x4A, 0xB7, 0x00, 0x00, 0x00, 0x00, 
0x00, 0x00, 0x00, 0x00, 0x00, 0x00, 0x00, 0x00, 0x00, 0x00, 0x00, 0x00, 
0x00, 0x00, 0x00, 0x00, 0x00, 0x00, 0x00, 0x00, 0x00, 0x00, 0x00, 0x00, 
0x00, 0x00, 0x00, 0x00, 0x00, 0x00, 0x00, 0x00, 0x00, 0x00, 0x00, 0x00, 
0x00, 0x00, 0x00, 0x00, 0x00, 0x00, 0x00, 0x00, 0x00, 0x00, 0x00, 0x00, 
0x00, 0x00, 0x00, 0x00, 0x00, 0x00, 0x00, 0x00, 0x00, 0x00, 0x00, 0x00, 
0x00, 0x00, 0x00, 0x00, 0x00, 0x00, 0x00, 0x00, 0x00, 0x00, 0x00, 0x00, 
0x00, 0x00, 0x00, 0x00, 0x10, 0x5D, 0x63, 0xB7, 0x10, 0x5D, 0x63, 0xFF, 
0x16, 0x65, 0x65, 0xFF, 0x16, 0x65, 0x65, 0xFF, 0x16, 0x65, 0x65, 0xFF, 
0x16, 0x65, 0x65, 0xFF, 0x18, 0x65, 0x63, 0xFF, 0x86, 0xC4, 0x6E, 0xFF, 
0xBD, 0xEF, 0x73, 0xFF, 0x86, 0xC4, 0x6E, 0xFF, 0x68, 0xA0, 0x68, 0xFF, 
0xC6, 0xF7, 0x73, 0xFF, 0xC6, 0xF7, 0x73, 0xFF, 0xC6, 0xF7, 0x73, 0xFF, 
0xC6, 0xF7, 0x73, 0xFF, 0xC6, 0xF7, 0x73, 0xFF, 0x52, 0x93, 0x68, 0xFF, 
0x18, 0x65, 0x63, 0xFF, 0x16, 0x65, 0x65, 0xFF, 0x16, 0x65, 0x65, 0xFF, 
0x16, 0x65, 0x65, 0xFF, 0x16, 0x65, 0x65, 0xFF, 0x16, 0x65, 0x65, 0xFF, 
0x16, 0x65, 0x65, 0xFF, 0x16, 0x65, 0x65, 0xFF, 0x16, 0x65, 0x65, 0xFF, 
0x16, 0x65, 0x65, 0xFF, 0x16, 0x65, 0x65, 0xFF, 0x16, 0x65, 0x65, 0xFF, 
0x16, 0x65, 0x65, 0xFF, 0x18, 0x65, 0x63, 0xFF, 0x18, 0x65, 0x63, 0xFF, 
0x8C, 0xC9, 0x6E, 0xFF, 0xC6, 0xF7, 0x73, 0xFF, 0x7B, 0xAE, 0x6B, 0xFF, 
0x18, 0x65, 0x63, 0xFF, 0x18, 0x65, 0x63, 0xFF, 0x18, 0x65, 0x63, 0xFF, 
0x18, 0x65, 0x63, 0xFF, 0x18, 0x65, 0x63, 0xFF, 0x08, 0x51, 0x52, 0xFF, 
0x08, 0x51, 0x52, 0xFF, 0x08, 0x4D, 0x4A, 0xFF, 0x08, 0x4D, 0x4A, 0xB7, 
0x00, 0x00, 0x00, 0x00, 0x00, 0x00, 0x00, 0x00, 0x00, 0x00, 0x00, 0x00, 
0x00, 0x00, 0x00, 0x00, 0x00, 0x00, 0x00, 0x00, 0x00, 0x00, 0x00, 0x00, 
0x00, 0x00, 0x00, 0x00, 0x00, 0x00, 0x00, 0x00, 0x00, 0x00, 0x00, 0x00, 
0x00, 0x00, 0x00, 0x00, 0x00, 0x00, 0x00, 0x00, 0x00, 0x00, 0x00, 0x00, 
0x00, 0x00, 0x00, 0x00, 0x00, 0x00, 0x00, 0x00, 0x00, 0x00, 0x00, 0x00, 
0x00, 0x00, 0x00, 0x00, 0x00, 0x00, 0x00, 0x00, 0x00, 0x00, 0x00, 0x00, 
0x00, 0x00, 0x00, 0x00, 0x00, 0x00, 0x00, 0x00, 0x10, 0x5D, 0x63, 0xB7, 
0x10, 0x5D, 0x63, 0xFF, 0x16, 0x65, 0x65, 0xFF, 0x16, 0x65, 0x65, 0xFF, 
0x16, 0x65, 0x65, 0xFF, 0x16, 0x65, 0x65, 0xFF, 0x18, 0x65, 0x63, 0xFF, 
0x86, 0xC4, 0x6E, 0xFF, 0xBD, 0xEF, 0x73, 0xFF, 0x86, 0xC4, 0x6E, 0xFF, 
0x97, 0xD0, 0x6E, 0xFF, 0xC6, 0xF7, 0x73, 0xFF, 0xC6, 0xF7, 0x73, 0xFF, 
0xC6, 0xF7, 0x73, 0xFF, 0xC6, 0xF7, 0x73, 0xFF, 0xC6, 0xF7, 0x73, 0xFF, 
0x8C, 0xC9, 0x6E, 0xFF, 0x18, 0x65, 0x63, 0xFF, 0x16, 0x65, 0x65, 0xFF, 
0x16, 0x65, 0x65, 0xFF, 0x16, 0x65, 0x65, 0xFF, 0x16, 0x65, 0x65, 0xFF, 
0x16, 0x65, 0x65, 0xFF, 0x16, 0x65, 0x65, 0xFF, 0x16, 0x65, 0x65, 0xFF, 
0x16, 0x65, 0x65, 0xFF, 0x16, 0x65, 0x65, 0xFF, 0x16, 0x65, 0x65, 0xFF, 
0x16, 0x65, 0x65, 0xFF, 0x16, 0x65, 0x65, 0xFF, 0x18, 0x65, 0x63, 0xFF, 
0x18, 0x65, 0x63, 0xFF, 0x8C, 0xC9, 0x6E, 0xFF, 0xC6, 0xF7, 0x73, 0xFF, 
0x7B, 0xAE, 0x6B, 0xFF, 0x18, 0x65, 0x63, 0xFF, 0x18, 0x65, 0x63, 0xFF, 
0x18, 0x65, 0x63, 0xFF, 0x18, 0x65, 0x63, 0xFF, 0x18, 0x65, 0x63, 0xFF, 
0x08, 0x51, 0x52, 0xFF, 0x08, 0x51, 0x52, 0xFF, 0x08, 0x4D, 0x4A, 0xFF, 
0x08, 0x4D, 0x4A, 0xB7, 0x00, 0x00, 0x00, 0x00, 0x00, 0x00, 0x00, 0x00, 
0x00, 0x00, 0x00, 0x00, 0x00, 0x00, 0x00, 0x00, 0x00, 0x00, 0x00, 0x00, 
0x00, 0x00, 0x00, 0x00, 0x00, 0x00, 0x00, 0x00, 0x00, 0x00, 0x00, 0x00, 
0x00, 0x00, 0x00, 0x00, 0x00, 0x00, 0x00, 0x00, 0x00, 0x00, 0x00, 0x00, 
0x00, 0x00, 0x00, 0x00, 0x00, 0x00, 0x00, 0x00, 0x00, 0x00, 0x00, 0x00, 
0x00, 0x00, 0x00, 0x00, 0x00, 0x00, 0x00, 0x00, 0x00, 0x00, 0x00, 0x00, 
0x00, 0x00, 0x00, 0x00, 0x00, 0x00, 0x00, 0x00, 0x00, 0x00, 0x00, 0x00, 
0x10, 0x5D, 0x63, 0xB7, 0x10, 0x5D, 0x63, 0xFF, 0x16, 0x65, 0x65, 0xFF, 
0x16, 0x65, 0x65, 0xFF, 0x16, 0x65, 0x65, 0xFF, 0x16, 0x65, 0x65, 0xFF, 
0x18, 0x65, 0x63, 0xFF, 0x86, 0xC6, 0x6E, 0xFF, 0xBD, 0xF3, 0x73, 0xFF, 
0x86, 0xC6, 0x6E, 0xFF, 0x70, 0xA7, 0x6E, 0xFF, 0xBD, 0xF7, 0x73, 0xFF, 
0xBD, 0xF7, 0x73, 0xFF, 0xBD, 0xF7, 0x73, 0xFF, 0xC6, 0xF3, 0x73, 0xFF, 
0xC6, 0xF3, 0x73, 0xFF, 0x52, 0x8F, 0x68, 0xFF, 0x18, 0x61, 0x63, 0xFF, 
0x18, 0x65, 0x63, 0xFF, 0x18, 0x65, 0x63, 0xFF, 0x18, 0x65, 0x63, 0xFF, 
0x18, 0x65, 0x63, 0xFF, 0x18, 0x65, 0x63, 0xFF, 0x18, 0x65, 0x63, 0xFF, 
0x18, 0x65, 0x63, 0xFF, 0x18, 0x65, 0x63, 0xFF, 0x18, 0x65, 0x63, 0xFF, 
0x18, 0x65, 0x63, 0xFF, 0x18, 0x65, 0x63, 0xFF, 0x18, 0x65, 0x63, 0xFF, 
0x21, 0x65, 0x63, 0xFF, 0x21, 0x65, 0x63, 0xFF, 0x8F, 0xC9, 0x6E, 0xFF, 
0xC6, 0xF7, 0x73, 0xFF, 0x6B, 0xA2, 0x6B, 0xFF, 0x18, 0x61, 0x63, 0xFF, 
0x18, 0x61, 0x63, 0xFF, 0x18, 0x61, 0x63, 0xFF, 0x18, 0x65, 0x63, 0xFF, 
0x18, 0x65, 0x63, 0xFF, 0x08, 0x51, 0x52, 0xFF, 0x08, 0x51, 0x52, 0xFF, 
0x08, 0x4D, 0x4A, 0xFF, 0x08, 0x4D, 0x4A, 0xB7, 0x00, 0x00, 0x00, 0x00, 
0x00, 0x00, 0x00, 0x00, 0x00, 0x00, 0x00, 0x00, 0x00, 0x00, 0x00, 0x00, 
0x00, 0x00, 0x00, 0x00, 0x00, 0x00, 0x00, 0x00, 0x00, 0x00, 0x00, 0x00, 
0x00, 0x00, 0x00, 0x00, 0x00, 0x00, 0x00, 0x00, 0x00, 0x00, 0x00, 0x00, 
0x00, 0x00, 0x00, 0x00, 0x00, 0x00, 0x00, 0x00, 0x00, 0x00, 0x00, 0x00, 
0x00, 0x00, 0x00, 0x00, 0x00, 0x00, 0x00, 0x00, 0x00, 0x00, 0x00, 0x00, 
0x00, 0x00, 0x00, 0x00, 0x00, 0x00, 0x00, 0x00, 0x00, 0x00, 0x00, 0x00, 
0x00, 0x00, 0x00, 0x00, 0x10, 0x5D, 0x63, 0xB7, 0x10, 0x5D, 0x63, 0xFF, 
0x16, 0x65, 0x65, 0xFF, 0x16, 0x65, 0x65, 0xFF, 0x16, 0x65, 0x65, 0xFF, 
0x16, 0x65, 0x65, 0xFF, 0x18, 0x65, 0x63, 0xFF, 0x4F, 0x92, 0x68, 0xFF, 
0xBD, 0xF3, 0x73, 0xFF, 0xBD, 0xF3, 0x73, 0xFF, 0x4A, 0x82, 0x6B, 0xFF, 
0x97, 0xD2, 0x70, 0xFF, 0xBD, 0xF7, 0x73, 0xFF, 0xBD, 0xF7, 0x73, 0xFF, 
0xC6, 0xF3, 0x73, 0xFF, 0x8C, 0xC5, 0x6E, 0xFF, 0x18, 0x61, 0x63, 0xFF, 
0x18, 0x61, 0x63, 0xFF, 0x18, 0x65, 0x63, 0xFF, 0x18, 0x65, 0x63, 0xFF, 
0x18, 0x65, 0x63, 0xFF, 0x18, 0x65, 0x63, 0xFF, 0x18, 0x65, 0x63, 0xFF, 
0x18, 0x65, 0x63, 0xFF, 0x18, 0x65, 0x63, 0xFF, 0x18, 0x65, 0x63, 0xFF, 
0x18, 0x65, 0x63, 0xFF, 0x18, 0x65, 0x63, 0xFF, 0x18, 0x65, 0x63, 0xFF, 
0x18, 0x65, 0x63, 0xFF, 0x21, 0x65, 0x63, 0xFF, 0x58, 0x93, 0x68, 0xFF, 
0xC6, 0xF7, 0x73, 0xFF, 0xC6, 0xF7, 0x73, 0xFF, 0x34, 0x75, 0x65, 0xFF, 
0x18, 0x61, 0x63, 0xFF, 0x18, 0x61, 0x63, 0xFF, 0x18, 0x61, 0x63, 0xFF, 
0x18, 0x65, 0x63, 0xFF, 0x18, 0x65, 0x63, 0xFF, 0x08, 0x51, 0x52, 0xFF, 
0x08, 0x51, 0x52, 0xFF, 0x08, 0x4D, 0x4A, 0xFF, 0x08, 0x4D, 0x4A, 0xB7, 
0x00, 0x00, 0x00, 0x00, 0x00, 0x00, 0x00, 0x00, 0x00, 0x00, 0x00, 0x00, 
0x00, 0x00, 0x00, 0x00, 0x00, 0x00, 0x00, 0x00, 0x00, 0x00, 0x00, 0x00, 
0x00, 0x00, 0x00, 0x00, 0x00, 0x00, 0x00, 0x00, 0x00, 0x00, 0x00, 0x00, 
0x00, 0x00, 0x00, 0x00, 0x00, 0x00, 0x00, 0x00, 0x00, 0x00, 0x00, 0x00, 
0x00, 0x00, 0x00, 0x00, 0x00, 0x00, 0x00, 0x00, 0x00, 0x00, 0x00, 0x00, 
0x00, 0x00, 0x00, 0x00, 0x00, 0x00, 0x00, 0x00, 0x00, 0x00, 0x00, 0x00, 
0x00, 0x00, 0x00, 0x00, 0x00, 0x00, 0x00, 0x00, 0x10, 0x5D, 0x63, 0xB7, 
0x10, 0x5D, 0x63, 0xFF, 0x16, 0x65, 0x65, 0xFF, 0x16, 0x65, 0x65, 0xFF, 
0x16, 0x65, 0x65, 0xFF, 0x16, 0x65, 0x65, 0xFF, 0x18, 0x65, 0x63, 0xFF, 
0x18, 0x65, 0x63, 0xFF, 0x86, 0xC6, 0x6E, 0xFF, 0xBD, 0xF3, 0x73, 0xFF, 
0xBD, 0xF7, 0x73, 0xFF, 0x4A, 0x82, 0x6B, 0xFF, 0x4A, 0x82, 0x6B, 0xFF, 
0x70, 0xA7, 0x6E, 0xFF, 0x52, 0x8F, 0x68, 0xFF, 0x18, 0x61, 0x63, 0xFF, 
0x18, 0x61, 0x63, 0xFF, 0x18, 0x61, 0x63, 0xFF, 0x18, 0x65, 0x63, 0xFF, 
0x18, 0x65, 0x63, 0xFF, 0x18, 0x65, 0x63, 0xFF, 0x18, 0x65, 0x63, 0xFF, 
0x18, 0x65, 0x63, 0xFF, 0x18, 0x65, 0x63, 0xFF, 0x18, 0x65, 0x63, 0xFF, 
0x18, 0x65, 0x63, 0xFF, 0x18, 0x65, 0x63, 0xFF, 0x18, 0x65, 0x63, 0xFF, 
0x18, 0x65, 0x63, 0xFF, 0x18, 0x65, 0x63, 0xFF, 0x58, 0x93, 0x68, 0xFF, 
0xC6, 0xF7, 0x73, 0xFF, 0xC6, 0xF7, 0x73, 0xFF, 0x8F, 0xC9, 0x6E, 0xFF, 
0x18, 0x61, 0x63, 0xFF, 0x18, 0x61, 0x63, 0xFF, 0x18, 0x61, 0x63, 0xFF, 
0x18, 0x61, 0x63, 0xFF, 0x18, 0x65, 0x63, 0xFF, 0x18, 0x65, 0x63, 0xFF, 
0x08, 0x51, 0x52, 0xFF, 0x08, 0x51, 0x52, 0xFF, 0x08, 0x4D, 0x4A, 0xFF, 
0x08, 0x4D, 0x4A, 0xB7, 0x00, 0x00, 0x00, 0x00, 0x00, 0x00, 0x00, 0x00, 
0x00, 0x00, 0x00, 0x00, 0x00, 0x00, 0x00, 0x00, 0x00, 0x00, 0x00, 0x00, 
0x00, 0x00, 0x00, 0x00, 0x00, 0x00, 0x00, 0x00, 0x00, 0x00, 0x00, 0x00, 
0x00, 0x00, 0x00, 0x00, 0x00, 0x00, 0x00, 0x00, 0x00, 0x00, 0x00, 0x00, 
0x00, 0x00, 0x00, 0x00, 0x00, 0x00, 0x00, 0x00, 0x00, 0x00, 0x00, 0x00, 
0x00, 0x00, 0x00, 0x00, 0x00, 0x00, 0x00, 0x00, 0x00, 0x00, 0x00, 0x00, 
0x00, 0x00, 0x00, 0x00, 0x00, 0x00, 0x00, 0x00, 0x00, 0x00, 0x00, 0x00, 
0x10, 0x5D, 0x63, 0xB7, 0x10, 0x5D, 0x63, 0xFF, 0x16, 0x65, 0x65, 0xFF, 
0x16, 0x65, 0x65, 0xFF, 0x16, 0x65, 0x65, 0xFF, 0x16, 0x65, 0x65, 0xFF, 
0x18, 0x65, 0x63, 0xFF, 0x18, 0x65, 0x63, 0xFF, 0x18, 0x65, 0x63, 0xFF, 
0xBD, 0xF3, 0x73, 0xFF, 0xBD, 0xF7, 0x73, 0xFF, 0xBD, 0xF7, 0x73, 0xFF, 
0x97, 0xD2, 0x70, 0xFF, 0x97, 0xD2, 0x70, 0xFF, 0x8C, 0xC5, 0x6E, 0xFF, 
0x8C, 0xC5, 0x6E, 0xFF, 0x8C, 0xC5, 0x6E, 0xFF, 0x8C, 0xC5, 0x6E, 0xFF, 
0x8C, 0xC3, 0x6B, 0xFF, 0x8C, 0xC3, 0x6B, 0xFF, 0x8C, 0xC3, 0x6B, 0xFF, 
0x8C, 0xC3, 0x6B, 0xFF, 0x8C, 0xC3, 0x6B, 0xFF, 0x8C, 0xC3, 0x6B, 0xFF, 
0x8C, 0xC3, 0x6B, 0xFF, 0x8C, 0xC3, 0x6B, 0xFF, 0x94, 0xCB, 0x6B, 0xFF, 
0x94, 0xCB, 0x6B, 0xFF, 0x94, 0xCB, 0x6B, 0xFF, 0x94, 0xCB, 0x6B, 0xFF, 
0xC6, 0xF7, 0x73, 0xFF, 0xC6, 0xF7, 0x73, 0xFF, 0x8F, 0xC9, 0x6E, 0xFF, 
0x21, 0x65, 0x63, 0xFF, 0x18, 0x61, 0x63, 0xFF, 0x18, 0x61, 0x63, 0xFF, 
0x18, 0x61, 0x63, 0xFF, 0x18, 0x61, 0x63, 0xFF, 0x18, 0x65, 0x63, 0xFF, 
0x18, 0x65, 0x63, 0xFF, 0x08, 0x51, 0x52, 0xFF, 0x08, 0x51, 0x52, 0xFF, 
0x08, 0x4D, 0x4A, 0xFF, 0x08, 0x4D, 0x4A, 0xB7, 0x00, 0x00, 0x00, 0x00, 
0x00, 0x00, 0x00, 0x00, 0x00, 0x00, 0x00, 0x00, 0x00, 0x00, 0x00, 0x00, 
0x00, 0x00, 0x00, 0x00, 0x00, 0x00, 0x00, 0x00, 0x00, 0x00, 0x00, 0x00, 
0x00, 0x00, 0x00, 0x00, 0x00, 0x00, 0x00, 0x00, 0x00, 0x00, 0x00, 0x00, 
0x00, 0x00, 0x00, 0x00, 0x00, 0x00, 0x00, 0x00, 0x00, 0x00, 0x00, 0x00, 
0x00, 0x00, 0x00, 0x00, 0x00, 0x00, 0x00, 0x00, 0x00, 0x00, 0x00, 0x00, 
0x00, 0x00, 0x00, 0x00, 0x00, 0x00, 0x00, 0x00, 0x00, 0x00, 0x00, 0x00, 
0x00, 0x00, 0x00, 0x00, 0x10, 0x5D, 0x63, 0xB7, 0x10, 0x5D, 0x63, 0xFF, 
0x16, 0x65, 0x65, 0xFF, 0x16, 0x65, 0x65, 0xFF, 0x16, 0x65, 0x65, 0xFF, 
0x16, 0x65, 0x65, 0xFF, 0x18, 0x65, 0x63, 0xFF, 0x18, 0x65, 0x63, 0xFF, 
0x18, 0x65, 0x63, 0xFF, 0x31, 0x75, 0x6B, 0xFF, 0x86, 0xC5, 0x6E, 0xFF, 
0xBD, 0xF3, 0x73, 0xFF, 0xBD, 0xF3, 0x73, 0xFF, 0xBD, 0xF3, 0x73, 0xFF, 
0xBD, 0xEF, 0x6B, 0xFF, 0xBD, 0xEF, 0x6B, 0xFF, 0xBD, 0xEF, 0x6B, 0xFF, 
0xBD, 0xEF, 0x6B, 0xFF, 0xBD, 0xEF, 0x6B, 0xFF, 0xBD, 0xEF, 0x6B, 0xFF, 
0xBD, 0xEF, 0x6B, 0xFF, 0xBD, 0xEF, 0x6B, 0xFF, 0xBD, 0xEF, 0x6B, 0xFF, 
0xBD, 0xEF, 0x6B, 0xFF, 0xBD, 0xEF, 0x6B, 0xFF, 0xBD, 0xEF, 0x6B, 0xFF, 
0xBD, 0xF3, 0x73, 0xFF, 0xBD, 0xF3, 0x73, 0xFF, 0xBD, 0xF3, 0x73, 0xFF, 
0xBD, 0xF3, 0x73, 0xFF, 0xBD, 0xEF, 0x73, 0xFF, 0x86, 0xC4, 0x6E, 0xFF, 
0x18, 0x65, 0x63, 0xFF, 0x18, 0x65, 0x63, 0xFF, 0x16, 0x65, 0x65, 0xFF, 
0x16, 0x65, 0x65, 0xFF, 0x16, 0x65, 0x65, 0xFF, 0x16, 0x65, 0x65, 0xFF, 
0x18, 0x65, 0x63, 0xFF, 0x18, 0x65, 0x63, 0xFF, 0x08, 0x51, 0x52, 0xFF, 
0x08, 0x51, 0x52, 0xFF, 0x08, 0x4D, 0x4A, 0xFF, 0x08, 0x4D, 0x4A, 0xB7, 
0x00, 0x00, 0x00, 0x00, 0x00, 0x00, 0x00, 0x00, 0x00, 0x00, 0x00, 0x00, 
0x00, 0x00, 0x00, 0x00, 0x00, 0x00, 0x00, 0x00, 0x00, 0x00, 0x00, 0x00, 
0x00, 0x00, 0x00, 0x00, 0x00, 0x00, 0x00, 0x00, 0x00, 0x00, 0x00, 0x00, 
0x00, 0x00, 0x00, 0x00, 0x00, 0x00, 0x00, 0x00, 0x00, 0x00, 0x00, 0x00, 
0x00, 0x00, 0x00, 0x00, 0x00, 0x00, 0x00, 0x00, 0x00, 0x00, 0x00, 0x00, 
0x00, 0x00, 0x00, 0x00, 0x00, 0x00, 0x00, 0x00, 0x00, 0x00, 0x00, 0x00, 
0x00, 0x00, 0x00, 0x00, 0x00, 0x00, 0x00, 0x00, 0x10, 0x5D, 0x63, 0xB7, 
0x10, 0x5D, 0x63, 0xFF, 0x16, 0x65, 0x65, 0xFF, 0x16, 0x65, 0x65, 0xFF, 
0x16, 0x65, 0x65, 0xFF, 0x16, 0x65, 0x65, 0xFF, 0x18, 0x65, 0x63, 0xFF, 
0x18, 0x65, 0x63, 0xFF, 0x18, 0x65, 0x63, 0xFF, 0x18, 0x65, 0x63, 0xFF, 
0x18, 0x61, 0x63, 0xFF, 0x4F, 0x8F, 0x68, 0xFF, 0x4F, 0x8F, 0x68, 0xFF, 
0x86, 0xC5, 0x6E, 0xFF, 0x84, 0xC2, 0x68, 0xFF, 0x84, 0xC2, 0x68, 0xFF, 
0x84, 0xC2, 0x68, 0xFF, 0x84, 0xC2, 0x68, 0xFF, 0x84, 0xC2, 0x68, 0xFF, 
0x84, 0xC2, 0x68, 0xFF, 0x84, 0xC2, 0x68, 0xFF, 0x84, 0xC2, 0x68, 0xFF, 
0x84, 0xC2, 0x68, 0xFF, 0x84, 0xC2, 0x68, 0xFF, 0x84, 0xC2, 0x68, 0xFF, 
0x84, 0xC2, 0x68, 0xFF, 0x86, 0xC5, 0x6E, 0xFF, 0x86, 0xC5, 0x6E, 0xFF, 
0x86, 0xC5, 0x6E, 0xFF, 0x4F, 0x8F, 0x68, 0xFF, 0x18, 0x65, 0x63, 0xFF, 
0x18, 0x65, 0x63, 0xFF, 0x18, 0x65, 0x63, 0xFF, 0x18, 0x65, 0x63, 0xFF, 
0x16, 0x65, 0x65, 0xFF, 0x16, 0x65, 0x65, 0xFF, 0x16, 0x65, 0x65, 0xFF, 
0x16, 0x65, 0x65, 0xFF, 0x18, 0x65, 0x63, 0xFF, 0x18, 0x65, 0x63, 0xFF, 
0x08, 0x51, 0x52, 0xFF, 0x08, 0x51, 0x52, 0xFF, 0x08, 0x4D, 0x4A, 0xFF, 
0x08, 0x4D, 0x4A, 0xB7, 0x00, 0x00, 0x00, 0x00, 0x00, 0x00, 0x00, 0x00, 
0x00, 0x00, 0x00, 0x00, 0x00, 0x00, 0x00, 0x00, 0x00, 0x00, 0x00, 0x00, 
0x00, 0x00, 0x00, 0x00, 0x00, 0x00, 0x00, 0x00, 0x00, 0x00, 0x00, 0x00, 
0x00, 0x00, 0x00, 0x00, 0x00, 0x00, 0x00, 0x00, 0x00, 0x00, 0x00, 0x00, 
0x00, 0x00, 0x00, 0x00, 0x00, 0x00, 0x00, 0x00, 0x00, 0x00, 0x00, 0x00, 
0x00, 0x00, 0x00, 0x00, 0x00, 0x00, 0x00, 0x00, 0x00, 0x00, 0x00, 0x00, 
0x00, 0x00, 0x00, 0x00, 0x00, 0x00, 0x00, 0x00, 0x00, 0x00, 0x00, 0x00, 
0x10, 0x5D, 0x63, 0xB7, 0x10, 0x5D, 0x63, 0xFF, 0x16, 0x65, 0x65, 0xFF, 
0x16, 0x65, 0x65, 0xFF, 0x16, 0x65, 0x65, 0xFF, 0x16, 0x65, 0x65, 0xFF, 
0x18, 0x65, 0x63, 0xFF, 0x18, 0x65, 0x63, 0xFF, 0x18, 0x65, 0x63, 0xFF, 
0x18, 0x65, 0x63, 0xFF, 0x18, 0x61, 0x63, 0xFF, 0x18, 0x61, 0x63, 0xFF, 
0x18, 0x61, 0x63, 0xFF, 0x18, 0x61, 0x63, 0xFF, 0x10, 0x61, 0x63, 0xFF, 
0x10, 0x61, 0x63, 0xFF, 0x10, 0x61, 0x63, 0xFF, 0x10, 0x61, 0x63, 0xFF, 
0x10, 0x61, 0x63, 0xFF, 0x10, 0x61, 0x63, 0xFF, 0x10, 0x61, 0x63, 0xFF, 
0x10, 0x61, 0x63, 0xFF, 0x10, 0x61, 0x63, 0xFF, 0x10, 0x61, 0x63, 0xFF, 
0x10, 0x61, 0x63, 0xFF, 0x10, 0x61, 0x63, 0xFF, 0x18, 0x61, 0x63, 0xFF, 
0x18, 0x61, 0x63, 0xFF, 0x18, 0x61, 0x63, 0xFF, 0x18, 0x61, 0x63, 0xFF, 
0x18, 0x65, 0x63, 0xFF, 0x18, 0x65, 0x63, 0xFF, 0x18, 0x65, 0x63, 0xFF, 
0x18, 0x65, 0x63, 0xFF, 0x16, 0x65, 0x65, 0xFF, 0x16, 0x65, 0x65, 0xFF, 
0x16, 0x65, 0x65, 0xFF, 0x16, 0x65, 0x65, 0xFF, 0x18, 0x65, 0x63, 0xFF, 
0x18, 0x65, 0x63, 0xFF, 0x08, 0x51, 0x52, 0xFF, 0x08, 0x51, 0x52, 0xFF, 
0x08, 0x4D, 0x4A, 0xFF, 0x08, 0x4D, 0x4A, 0xB7, 0x00, 0x00, 0x00, 0x00, 
0x00, 0x00, 0x00, 0x00, 0x00, 0x00, 0x00, 0x00, 0x00, 0x00, 0x00, 0x00, 
0x00, 0x00, 0x00, 0x00, 0x00, 0x00, 0x00, 0x00, 0x00, 0x00, 0x00, 0x00, 
0x00, 0x00, 0x00, 0x00, 0x00, 0x00, 0x00, 0x00, 0x00, 0x00, 0x00, 0x00, 
0x00, 0x00, 0x00, 0x00, 0x00, 0x00, 0x00, 0x00, 0x00, 0x00, 0x00, 0x00, 
0x00, 0x00, 0x00, 0x00, 0x00, 0x00, 0x00, 0x00, 0x00, 0x00, 0x00, 0x00, 
0x00, 0x00, 0x00, 0x00, 0x00, 0x00, 0x00, 0x00, 0x00, 0x00, 0x00, 0x00, 
0x00, 0x00, 0x00, 0x00, 0x10, 0x5D, 0x63, 0xB7, 0x10, 0x5D, 0x63, 0xFF, 
0x16, 0x65, 0x65, 0xFF, 0x16, 0x65, 0x65, 0xFF, 0x16, 0x65, 0x65, 0xFF, 
0x16, 0x65, 0x65, 0xFF, 0x18, 0x65, 0x63, 0xFF, 0x18, 0x65, 0x63, 0xFF, 
0x18, 0x65, 0x63, 0xFF, 0x18, 0x65, 0x63, 0xFF, 0x18, 0x61, 0x63, 0xFF, 
0x18, 0x61, 0x63, 0xFF, 0x18, 0x61, 0x63, 0xFF, 0x18, 0x61, 0x63, 0xFF, 
0x10, 0x61, 0x63, 0xFF, 0x10, 0x61, 0x63, 0xFF, 0x10, 0x61, 0x63, 0xFF, 
0x10, 0x61, 0x63, 0xFF, 0x10, 0x61, 0x63, 0xFF, 0x10, 0x61, 0x63, 0xFF, 
0x10, 0x61, 0x63, 0xFF, 0x10, 0x61, 0x63, 0xFF, 0x10, 0x61, 0x63, 0xFF, 
0x10, 0x61, 0x63, 0xFF, 0x10, 0x61, 0x63, 0xFF, 0x10, 0x61, 0x63, 0xFF, 
0x18, 0x61, 0x63, 0xFF, 0x18, 0x61, 0x63, 0xFF, 0x18, 0x61, 0x63, 0xFF, 
0x18, 0x61, 0x63, 0xFF, 0x18, 0x65, 0x63, 0xFF, 0x18, 0x65, 0x63, 0xFF, 
0x18, 0x65, 0x63, 0xFF, 0x18, 0x65, 0x63, 0xFF, 0x16, 0x65, 0x65, 0xFF, 
0x16, 0x65, 0x65, 0xFF, 0x16, 0x65, 0x65, 0xFF, 0x16, 0x65, 0x65, 0xFF, 
0x18, 0x65, 0x63, 0xFF, 0x18, 0x65, 0x63, 0xFF, 0x08, 0x51, 0x52, 0xFF, 
0x08, 0x51, 0x52, 0xFF, 0x08, 0x4D, 0x4A, 0xFF, 0x08, 0x4D, 0x4A, 0xB7, 
0x00, 0x00, 0x00, 0x00, 0x00, 0x00, 0x00, 0x00, 0x00, 0x00, 0x00, 0x00, 
0x00, 0x00, 0x00, 0x00, 0x00, 0x00, 0x00, 0x00, 0x00, 0x00, 0x00, 0x00, 
0x00, 0x00, 0x00, 0x00, 0x00, 0x00, 0x00, 0x00, 0x00, 0x00, 0x00, 0x00, 
0x00, 0x00, 0x00, 0x00, 0x00, 0x00, 0x00, 0x00, 0x00, 0x00, 0x00, 0x00, 
0x00, 0x00, 0x00, 0x00, 0x00, 0x00, 0x00, 0x00, 0x00, 0x00, 0x00, 0x00, 
0x00, 0x00, 0x00, 0x00, 0x00, 0x00, 0x00, 0x00, 0x00, 0x00, 0x00, 0x00, 
0x00, 0x00, 0x00, 0x00, 0x00, 0x00, 0x00, 0x00, 0x10, 0x5D, 0x63, 0xB7, 
0x10, 0x5D, 0x63, 0xFF, 0x16, 0x65, 0x65, 0xFF, 0x16, 0x65, 0x65, 0xFF, 
0x16, 0x65, 0x65, 0xFF, 0x16, 0x65, 0x65, 0xFF, 0x18, 0x65, 0x63, 0xFF, 
0x18, 0x65, 0x63, 0xFF, 0x18, 0x65, 0x63, 0xFF, 0x18, 0x65, 0x63, 0xFF, 
0x39, 0x79, 0x63, 0xFF, 0x91, 0xD0, 0x6E, 0xFF, 0x91, 0xD0, 0x6E, 0xFF, 
0xBD, 0xF7, 0x73, 0xFF, 0xAD, 0xE3, 0x6B, 0xFF, 0xAD, 0xE3, 0x6B, 0xFF, 
0xAD, 0xE3, 0x6B, 0xFF, 0xAD, 0xE3, 0x6B, 0xFF, 0xAD, 0xE3, 0x6B, 0xFF, 
0xAD, 0xE3, 0x6B, 0xFF, 0xAD, 0xE3, 0x6B, 0xFF, 0xAD, 0xE3, 0x6B, 0xFF, 
0xAD, 0xE3, 0x6B, 0xFF, 0xAD, 0xE3, 0x6B, 0xFF, 0xAD, 0xE3, 0x6B, 0xFF, 
0xAD, 0xE3, 0x6B, 0xFF, 0xBD, 0xF3, 0x73, 0xFF, 0xBD, 0xF3, 0x73, 0xFF, 
0xBD, 0xF3, 0x73, 0xFF, 0x89, 0xC8, 0x6E, 0xFF, 0x89, 0xC6, 0x6E, 0xFF, 
0x21, 0x65, 0x63, 0xFF, 0x21, 0x65, 0x63, 0xFF, 0x21, 0x65, 0x63, 0xFF, 
0x16, 0x65, 0x65, 0xFF, 0x16, 0x65, 0x65, 0xFF, 0x16, 0x65, 0x65, 0xFF, 
0x16, 0x65, 0x65, 0xFF, 0x18, 0x65, 0x63, 0xFF, 0x18, 0x65, 0x63, 0xFF, 
0x08, 0x51, 0x52, 0xFF, 0x08, 0x51, 0x52, 0xFF, 0x08, 0x4D, 0x4A, 0xFF, 
0x08, 0x4D, 0x4A, 0xB7, 0x00, 0x00, 0x00, 0x00, 0x00, 0x00, 0x00, 0x00, 
0x00, 0x00, 0x00, 0x00, 0x00, 0x00, 0x00, 0x00, 0x00, 0x00, 0x00, 0x00, 
0x00, 0x00, 0x00, 0x00, 0x00, 0x00, 0x00, 0x00, 0x00, 0x00, 0x00, 0x00, 
0x00, 0x00, 0x00, 0x00, 0x00, 0x00, 0x00, 0x00, 0x00, 0x00, 0x00, 0x00, 
0x00, 0x00, 0x00, 0x00, 0x00, 0x00, 0x00, 0x00, 0x00, 0x00, 0x00, 0x00, 
0x00, 0x00, 0x00, 0x00, 0x00, 0x00, 0x00, 0x00, 0x00, 0x00, 0x00, 0x00, 
0x00, 0x00, 0x00, 0x00, 0x00, 0x00, 0x00, 0x00, 0x00, 0x00, 0x00, 0x00, 
0x10, 0x5D, 0x63, 0xB7, 0x10, 0x5D, 0x63, 0xFF, 0x16, 0x65, 0x65, 0xFF, 
0x16, 0x65, 0x65, 0xFF, 0x16, 0x65, 0x65, 0xFF, 0x16, 0x65, 0x65, 0xFF, 
0x18, 0x65, 0x63, 0xFF, 0x18, 0x65, 0x63, 0xFF, 0x18, 0x65, 0x63, 0xFF, 
0x4F, 0x92, 0x68, 0xFF, 0xBD, 0xF7, 0x73, 0xFF, 0xBD, 0xF7, 0x73, 0xFF, 
0xBD, 0xF7, 0x73, 0xFF, 0xBD, 0xF7, 0x73, 0xFF, 0xC6, 0xF7, 0x73, 0xFF, 
0xC6, 0xF7, 0x73, 0xFF, 0xC6, 0xF7, 0x73, 0xFF, 0xC6, 0xF7, 0x73, 0xFF, 
0xC6, 0xF7, 0x73, 0xFF, 0xC6, 0xF7, 0x73, 0xFF, 0xC6, 0xF7, 0x73, 0xFF, 
0xC6, 0xF7, 0x73, 0xFF, 0xBD, 0xF7, 0x73, 0xFF, 0xBD, 0xF7, 0x73, 0xFF, 
0xBD, 0xF7, 0x73, 0xFF, 0xBD, 0xF7, 0x73, 0xFF, 0xBD, 0xF3, 0x73, 0xFF, 
0xBD, 0xF3, 0x73, 0xFF, 0xBD, 0xF3, 0x73, 0xFF, 0xBD, 0xF3, 0x73, 0xFF, 
0xBD, 0xF3, 0x73, 0xFF, 0xBD, 0xF3, 0x73, 0xFF, 0x55, 0x92, 0x68, 0xFF, 
0x21, 0x65, 0x63, 0xFF, 0x16, 0x65, 0x65, 0xFF, 0x16, 0x65, 0x65, 0xFF, 
0x16, 0x65, 0x65, 0xFF, 0x16, 0x65, 0x65, 0xFF, 0x18, 0x65, 0x63, 0xFF, 
0x18, 0x65, 0x63, 0xFF, 0x08, 0x51, 0x52, 0xFF, 0x08, 0x51, 0x52, 0xFF, 
0x08, 0x4D, 0x4A, 0xFF, 0x08, 0x4D, 0x4A, 0xB7, 0x00, 0x00, 0x00, 0x00, 
0x00, 0x00, 0x00, 0x00, 0x00, 0x00, 0x00, 0x00, 0x00, 0x00, 0x00, 0x00, 
0x00, 0x00, 0x00, 0x00, 0x00, 0x00, 0x00, 0x00, 0x00, 0x00, 0x00, 0x00, 
0x00, 0x00, 0x00, 0x00, 0x00, 0x00, 0x00, 0x00, 0x00, 0x00, 0x00, 0x00, 
0x00, 0x00, 0x00, 0x00, 0x00, 0x00, 0x00, 0x00, 0x00, 0x00, 0x00, 0x00, 
0x00, 0x00, 0x00, 0x00, 0x00, 0x00, 0x00, 0x00, 0x00, 0x00, 0x00, 0x00, 
0x00, 0x00, 0x00, 0x00, 0x00, 0x00, 0x00, 0x00, 0x00, 0x00, 0x00, 0x00, 
0x00, 0x00, 0x00, 0x00, 0x10, 0x5D, 0x63, 0xB7, 0x10, 0x5D, 0x63, 0xFF, 
0x16, 0x65, 0x65, 0xFF, 0x16, 0x65, 0x65, 0xFF, 0x16, 0x65, 0x65, 0xFF, 
0x16, 0x65, 0x65, 0xFF, 0x18, 0x65, 0x63, 0xFF, 0x18, 0x65, 0x63, 0xFF, 
0x4F, 0x92, 0x68, 0xFF, 0xBD, 0xF3, 0x73, 0xFF, 0xBD, 0xF7, 0x73, 0xFF, 
0xBD, 0xF7, 0x73, 0xFF, 0xBD, 0xF7, 0x73, 0xFF, 0xBD, 0xF7, 0x73, 0xFF, 
0xC6, 0xF7, 0x73, 0xFF, 0xC6, 0xF7, 0x73, 0xFF, 0xC6, 0xF7, 0x73, 0xFF, 
0xC6, 0xF7, 0x73, 0xFF, 0xC6, 0xF7, 0x73, 0xFF, 0xC6, 0xF7, 0x73, 0xFF, 
0xC6, 0xF7, 0x73, 0xFF, 0xC6, 0xF7, 0x73, 0xFF, 0xBD, 0xF7, 0x73, 0xFF, 
0xBD, 0xF7, 0x73, 0xFF, 0xBD, 0xF7, 0x73, 0xFF, 0xBD, 0xF7, 0x73, 0xFF, 
0xBD, 0xF3, 0x73, 0xFF, 0x89, 0xC8, 0x6E, 0xFF, 0x89, 0xC8, 0x6E, 0xFF, 
0xBD, 0xF3, 0x73, 0xFF, 0xBD, 0xF3, 0x73, 0xFF, 0xBD, 0xF3, 0x73, 0xFF, 
0xBD, 0xF3, 0x73, 0xFF, 0x55, 0x92, 0x68, 0xFF, 0x16, 0x65, 0x65, 0xFF, 
0x16, 0x65, 0x65, 0xFF, 0x16, 0x65, 0x65, 0xFF, 0x16, 0x65, 0x65, 0xFF, 
0x18, 0x65, 0x63, 0xFF, 0x18, 0x65, 0x63, 0xFF, 0x08, 0x51, 0x52, 0xFF, 
0x08, 0x51, 0x52, 0xFF, 0x08, 0x4D, 0x4A, 0xFF, 0x08, 0x4D, 0x4A, 0xB7, 
0x00, 0x00, 0x00, 0x00, 0x00, 0x00, 0x00, 0x00, 0x00, 0x00, 0x00, 0x00, 
0x00, 0x00, 0x00, 0x00, 0x00, 0x00, 0x00, 0x00, 0x00, 0x00, 0x00, 0x00, 
0x00, 0x00, 0x00, 0x00, 0x00, 0x00, 0x00, 0x00, 0x00, 0x00, 0x00, 0x00, 
0x00, 0x00, 0x00, 0x00, 0x00, 0x00, 0x00, 0x00, 0x00, 0x00, 0x00, 0x00, 
0x00, 0x00, 0x00, 0x00, 0x00, 0x00, 0x00, 0x00, 0x00, 0x00, 0x00, 0x00, 
0x00, 0x00, 0x00, 0x00, 0x00, 0x00, 0x00, 0x00, 0x00, 0x00, 0x00, 0x00, 
0x00, 0x00, 0x00, 0x00, 0x00, 0x00, 0x00, 0x00, 0x10, 0x5D, 0x63, 0xB7, 
0x10, 0x5D, 0x63, 0xFF, 0x16, 0x65, 0x65, 0xFF, 0x16, 0x65, 0x65, 0xFF, 
0x16, 0x65, 0x65, 0xFF, 0x16, 0x65, 0x65, 0xFF, 0x18, 0x65, 0x63, 0xFF, 
0x18, 0x65, 0x63, 0xFF, 0xBD, 0xF3, 0x73, 0xFF, 0xBD, 0xF3, 0x73, 0xFF, 
0xBD, 0xF7, 0x73, 0xFF, 0xBD, 0xF7, 0x73, 0xFF, 0xBD, 0xF7, 0x73, 0xFF, 
0xBD, 0xF7, 0x73, 0xFF, 0xC6, 0xF7, 0x73, 0xFF, 0xC6, 0xF7, 0x73, 0xFF, 
0xC6, 0xF7, 0x73, 0xFF, 0xC6, 0xF7, 0x73, 0xFF, 0xC6, 0xF7, 0x73, 0xFF, 
0xC6, 0xF7, 0x73, 0xFF, 0xC6, 0xF7, 0x73, 0xFF, 0xC6, 0xF7, 0x73, 0xFF, 
0xBD, 0xF7, 0x73, 0xFF, 0xBD, 0xF7, 0x73, 0xFF, 0xBD, 0xF7, 0x73, 0xFF, 
0xB2, 0xE9, 0x6E, 0xFF, 0x55, 0x94, 0x68, 0xFF, 0x21, 0x69, 0x63, 0xFF, 
0x21, 0x69, 0x63, 0xFF, 0x21, 0x69, 0x63, 0xFF, 0x55, 0x92, 0x68, 0xFF, 
0xBD, 0xF3, 0x73, 0xFF, 0xBD, 0xF3, 0x73, 0xFF, 0x89, 0xC6, 0x6E, 0xFF, 
0x16, 0x65, 0x65, 0xFF, 0x16, 0x65, 0x65, 0xFF, 0x16, 0x65, 0x65, 0xFF, 
0x16, 0x65, 0x65, 0xFF, 0x18, 0x65, 0x63, 0xFF, 0x18, 0x65, 0x63, 0xFF, 
0x08, 0x51, 0x52, 0xFF, 0x08, 0x51, 0x52, 0xFF, 0x08, 0x4D, 0x4A, 0xFF, 
0x08, 0x4D, 0x4A, 0xB7, 0x00, 0x00, 0x00, 0x00, 0x00, 0x00, 0x00, 0x00, 
0x00, 0x00, 0x00, 0x00, 0x00, 0x00, 0x00, 0x00, 0x00, 0x00, 0x00, 0x00, 
0x00, 0x00, 0x00, 0x00, 0x00, 0x00, 0x00, 0x00, 0x00, 0x00, 0x00, 0x00, 
0x00, 0x00, 0x00, 0x00, 0x00, 0x00, 0x00, 0x00, 0x00, 0x00, 0x00, 0x00, 
0x00, 0x00, 0x00, 0x00, 0x00, 0x00, 0x00, 0x00, 0x00, 0x00, 0x00, 0x00, 
0x00, 0x00, 0x00, 0x00, 0x00, 0x00, 0x00, 0x00, 0x00, 0x00, 0x00, 0x00, 
0x00, 0x00, 0x00, 0x00, 0x00, 0x00, 0x00, 0x00, 0x00, 0x00, 0x00, 0x00, 
0x10, 0x5D, 0x63, 0xB7, 0x10, 0x5D, 0x63, 0xFF, 0x16, 0x65, 0x65, 0xFF, 
0x16, 0x65, 0x65, 0xFF, 0x16, 0x65, 0x65, 0xFF, 0x16, 0x65, 0x65, 0xFF, 
0x18, 0x61, 0x63, 0xFF, 0x4F, 0x8F, 0x68, 0xFF, 0xBD, 0xF3, 0x73, 0xFF, 
0xBD, 0xF3, 0x73, 0xFF, 0xC3, 0xF7, 0x70, 0xFF, 0xC3, 0xF7, 0x70, 0xFF, 
0xC3, 0xF7, 0x70, 0xFF, 0xC3, 0xF7, 0x70, 0xFF, 0xC3, 0xF7, 0x70, 0xFF, 
0xC3, 0xF7, 0x70, 0xFF, 0xC3, 0xF7, 0x70, 0xFF, 0xC3, 0xF7, 0x70, 0xFF, 
0xC3, 0xF7, 0x70, 0xFF, 0xC3, 0xF7, 0x70, 0xFF, 0xC3, 0xF7, 0x70, 0xFF, 
0xC3, 0xF7, 0x70, 0xFF, 0xBD, 0xF3, 0x73, 0xFF, 0xBD, 0xF3, 0x73, 0xFF, 
0xBD, 0xF3, 0x73, 0xFF, 0x55, 0x94, 0x68, 0xFF, 0x16, 0x65, 0x65, 0xFF, 
0x16, 0x65, 0x65, 0xFF, 0x16, 0x65, 0x65, 0xFF, 0x16, 0x65, 0x65, 0xFF, 
0x18, 0x61, 0x63, 0xFF, 0x86, 0xC5, 0x6E, 0xFF, 0xBD, 0xF3, 0x73, 0xFF, 
0xBD, 0xF3, 0x73, 0xFF, 0x5A, 0x93, 0x68, 0xFF, 0x18, 0x61, 0x63, 0xFF, 
0x18, 0x61, 0x63, 0xFF, 0x18, 0x61, 0x63, 0xFF, 0x18, 0x65, 0x63, 0xFF, 
0x18, 0x65, 0x63, 0xFF, 0x08, 0x51, 0x52, 0xFF, 0x08, 0x51, 0x52, 0xFF, 
0x08, 0x4D, 0x4A, 0xFF, 0x08, 0x4D, 0x4A, 0xB7, 0x00, 0x00, 0x00, 0x00, 
0x00, 0x00, 0x00, 0x00, 0x00, 0x00, 0x00, 0x00, 0x00, 0x00, 0x00, 0x00, 
0x00, 0x00, 0x00, 0x00, 0x00, 0x00, 0x00, 0x00, 0x00, 0x00, 0x00, 0x00, 
0x00, 0x00, 0x00, 0x00, 0x00, 0x00, 0x00, 0x00, 0x00, 0x00, 0x00, 0x00, 
0x00, 0x00, 0x00, 0x00, 0x00, 0x00, 0x00, 0x00, 0x00, 0x00, 0x00, 0x00, 
0x00, 0x00, 0x00, 0x00, 0x00, 0x00, 0x00, 0x00, 0x00, 0x00, 0x00, 0x00, 
0x00, 0x00, 0x00, 0x00, 0x00, 0x00, 0x00, 0x00, 0x00, 0x00, 0x00, 0x00, 
0x00, 0x00, 0x00, 0x00, 0x10, 0x5D, 0x63, 0xB7, 0x10, 0x5D, 0x63, 0xFF, 
0x16, 0x65, 0x65, 0xFF, 0x16, 0x65, 0x65, 0xFF, 0x16, 0x65, 0x65, 0xFF, 
0x16, 0x65, 0x65, 0xFF, 0x18, 0x61, 0x63, 0xFF, 0x86, 0xC5, 0x6E, 0xFF, 
0xBD, 0xF3, 0x73, 0xFF, 0xBD, 0xF3, 0x73, 0xFF, 0xC3, 0xF7, 0x70, 0xFF, 
0xC3, 0xF7, 0x70, 0xFF, 0xC3, 0xF7, 0x70, 0xFF, 0xC3, 0xF7, 0x70, 0xFF, 
0xC3, 0xF7, 0x70, 0xFF, 0xC3, 0xF7, 0x70, 0xFF, 0xC3, 0xF7, 0x70, 0xFF, 
0xC3, 0xF7, 0x70, 0xFF, 0xC3, 0xF7, 0x70, 0xFF, 0xC3, 0xF7, 0x70, 0xFF, 
0xC3, 0xF7, 0x70, 0xFF, 0xC3, 0xF7, 0x70, 0xFF, 0xBD, 0xF3, 0x73, 0xFF, 
0xBD, 0xF3, 0x73, 0xFF, 0xBD, 0xF3, 0x73, 0xFF, 0x21, 0x69, 0x63, 0xFF, 
0x16, 0x65, 0x65, 0xFF, 0x16, 0x65, 0x65, 0xFF, 0x16, 0x65, 0x65, 0xFF, 
0x16, 0x65, 0x65, 0xFF, 0x18, 0x61, 0x63, 0xFF, 0x4F, 0x8F, 0x68, 0xFF, 
0xBD, 0xF3, 0x73, 0xFF, 0xBD, 0xF3, 0x73, 0xFF, 0x7B, 0xAA, 0x6B, 0xFF, 
0x18, 0x61, 0x63, 0xFF, 0x18, 0x61, 0x63, 0xFF, 0x18, 0x61, 0x63, 0xFF, 
0x18, 0x65, 0x63, 0xFF, 0x18, 0x65, 0x63, 0xFF, 0x08, 0x51, 0x52, 0xFF, 
0x08, 0x51, 0x52, 0xFF, 0x08, 0x4D, 0x4A, 0xFF, 0x08, 0x4D, 0x4A, 0xB7, 
0x00, 0x00, 0x00, 0x00, 0x00, 0x00, 0x00, 0x00, 0x00, 0x00, 0x00, 0x00, 
0x00, 0x00, 0x00, 0x00, 0x00, 0x00, 0x00, 0x00, 0x00, 0x00, 0x00, 0x00, 
0x00, 0x00, 0x00, 0x00, 0x00, 0x00, 0x00, 0x00, 0x00, 0x00, 0x00, 0x00, 
0x00, 0x00, 0x00, 0x00, 0x00, 0x00, 0x00, 0x00, 0x00, 0x00, 0x00, 0x00, 
0x00, 0x00, 0x00, 0x00, 0x00, 0x00, 0x00, 0x00, 0x00, 0x00, 0x00, 0x00, 
0x00, 0x00, 0x00, 0x00, 0x00, 0x00, 0x00, 0x00, 0x00, 0x00, 0x00, 0x00, 
0x00, 0x00, 0x00, 0x00, 0x00, 0x00, 0x00, 0x00, 0x10, 0x5D, 0x63, 0xB7, 
0x10, 0x5D, 0x63, 0xFF, 0x16, 0x65, 0x65, 0xFF, 0x16, 0x65, 0x65, 0xFF, 
0x16, 0x65, 0x65, 0xFF, 0x16, 0x65, 0x65, 0xFF, 0x18, 0x61, 0x63, 0xFF, 
0x86, 0xC5, 0x6E, 0xFF, 0xBD, 0xF3, 0x73, 0xFF, 0xBD, 0xF3, 0x73, 0xFF, 
0xC3, 0xF7, 0x70, 0xFF, 0xC3, 0xF7, 0x70, 0xFF, 0xC3, 0xF7, 0x70, 0xFF, 
0xC3, 0xF7, 0x70, 0xFF, 0xC3, 0xF7, 0x70, 0xFF, 0xC3, 0xF7, 0x70, 0xFF, 
0xC3, 0xF7, 0x70, 0xFF, 0xC3, 0xF7, 0x70, 0xFF, 0xC3, 0xF7, 0x70, 0xFF, 
0xC3, 0xF7, 0x70, 0xFF, 0xC3, 0xF7, 0x70, 0xFF, 0xC3, 0xF7, 0x70, 0xFF, 
0xBD, 0xF3, 0x73, 0xFF, 0xBD, 0xF3, 0x73, 0xFF, 0xBD, 0xF3, 0x73, 0xFF, 
0x21, 0x69, 0x63, 0xFF, 0x16, 0x65, 0x65, 0xFF, 0x16, 0x65, 0x65, 0xFF, 
0x16, 0x65, 0x65, 0xFF, 0x16, 0x65, 0x65, 0xFF, 0x18, 0x61, 0x63, 0xFF, 
0x18, 0x61, 0x63, 0xFF, 0xBD, 0xF3, 0x73, 0xFF, 0xBD, 0xF3, 0x73, 0xFF, 
0x7B, 0xAA, 0x6B, 0xFF, 0x18, 0x61, 0x63, 0xFF, 0x18, 0x61, 0x63, 0xFF, 
0x18, 0x61, 0x63, 0xFF, 0x18, 0x65, 0x63, 0xFF, 0x18, 0x65, 0x63, 0xFF, 
0x08, 0x51, 0x52, 0xFF, 0x08, 0x51, 0x52, 0xFF, 0x08, 0x4D, 0x4A, 0xFF, 
0x08, 0x4D, 0x4A, 0xB7, 0x00, 0x00, 0x00, 0x00, 0x00, 0x00, 0x00, 0x00, 
0x00, 0x00, 0x00, 0x00, 0x00, 0x00, 0x00, 0x00, 0x00, 0x00, 0x00, 0x00, 
0x00, 0x00, 0x00, 0x00, 0x00, 0x00, 0x00, 0x00, 0x00, 0x00, 0x00, 0x00, 
0x00, 0x00, 0x00, 0x00, 0x00, 0x00, 0x00, 0x00, 0x00, 0x00, 0x00, 0x00, 
0x00, 0x00, 0x00, 0x00, 0x00, 0x00, 0x00, 0x00, 0x00, 0x00, 0x00, 0x00, 
0x00, 0x00, 0x00, 0x00, 0x00, 0x00, 0x00, 0x00, 0x00, 0x00, 0x00, 0x00, 
0x00, 0x00, 0x00, 0x00, 0x00, 0x00, 0x00, 0x00, 0x00, 0x00, 0x00, 0x00, 
0x10, 0x5D, 0x63, 0xB7, 0x10, 0x5D, 0x63, 0xFF, 0x16, 0x65, 0x65, 0xFF, 
0x16, 0x65, 0x65, 0xFF, 0x16, 0x65, 0x65, 0xFF, 0x16, 0x65, 0x65, 0xFF, 
0x18, 0x61, 0x63, 0xFF, 0x86, 0xC5, 0x6E, 0xFF, 0xBD, 0xF3, 0x73, 0xFF, 
0xBD, 0xF3, 0x73, 0xFF, 0xC3, 0xF7, 0x70, 0xFF, 0xC3, 0xF7, 0x70, 0xFF, 
0xC3, 0xF7, 0x70, 0xFF, 0xC3, 0xF7, 0x70, 0xFF, 0xC3, 0xF7, 0x70, 0xFF, 
0xC3, 0xF7, 0x70, 0xFF, 0xC3, 0xF7, 0x70, 0xFF, 0xC3, 0xF7, 0x70, 0xFF, 
0xC3, 0xF7, 0x70, 0xFF, 0xC3, 0xF7, 0x70, 0xFF, 0xC3, 0xF7, 0x70, 0xFF, 
0xC3, 0xF7, 0x70, 0xFF, 0xBD, 0xF3, 0x73, 0xFF, 0xBD, 0xF3, 0x73, 0xFF, 
0xBD, 0xF3, 0x73, 0xFF, 0x21, 0x69, 0x63, 0xFF, 0x16, 0x65, 0x65, 0xFF, 
0x16, 0x65, 0x65, 0xFF, 0x16, 0x65, 0x65, 0xFF, 0x16, 0x65, 0x65, 0xFF, 
0x18, 0x61, 0x63, 0xFF, 0x4F, 0x8F, 0x68, 0xFF, 0xBD, 0xF3, 0x73, 0xFF, 
0xBD, 0xF3, 0x73, 0xFF, 0x5A, 0x93, 0x68, 0xFF, 0x18, 0x61, 0x63, 0xFF, 
0x18, 0x61, 0x63, 0xFF, 0x18, 0x61, 0x63, 0xFF, 0x18, 0x65, 0x63, 0xFF, 
0x18, 0x65, 0x63, 0xFF, 0x08, 0x51, 0x52, 0xFF, 0x08, 0x51, 0x52, 0xFF, 
0x08, 0x4D, 0x4A, 0xFF, 0x08, 0x4D, 0x4A, 0xB7, 0x00, 0x00, 0x00, 0x00, 
0x00, 0x00, 0x00, 0x00, 0x00, 0x00, 0x00, 0x00, 0x00, 0x00, 0x00, 0x00, 
0x00, 0x00, 0x00, 0x00, 0x00, 0x00, 0x00, 0x00, 0x00, 0x00, 0x00, 0x00, 
0x00, 0x00, 0x00, 0x00, 0x00, 0x00, 0x00, 0x00, 0x00, 0x00, 0x00, 0x00, 
0x00, 0x00, 0x00, 0x00, 0x00, 0x00, 0x00, 0x00, 0x00, 0x00, 0x00, 0x00, 
0x00, 0x00, 0x00, 0x00, 0x00, 0x00, 0x00, 0x00, 0x00, 0x00, 0x00, 0x00, 
0x00, 0x00, 0x00, 0x00, 0x00, 0x00, 0x00, 0x00, 0x00, 0x00, 0x00, 0x00, 
0x00, 0x00, 0x00, 0x00, 0x10, 0x5D, 0x63, 0xB7, 0x10, 0x5D, 0x63, 0xFF, 
0x16, 0x65, 0x65, 0xFF, 0x16, 0x65, 0x65, 0xFF, 0x16, 0x65, 0x65, 0xFF, 
0x16, 0x65, 0x65, 0xFF, 0x18, 0x65, 0x63, 0xFF, 0x52, 0x93, 0x68, 0xFF, 
0xC6, 0xF7, 0x73, 0xFF, 0xC6, 0xF7, 0x73, 0xFF, 0xC6, 0xF7, 0x73, 0xFF, 
0xC6, 0xF7, 0x73, 0xFF, 0xC6, 0xF7, 0x73, 0xFF, 0xC6, 0xF7, 0x73, 0xFF, 
0xC3, 0xF7, 0x70, 0xFF, 0xC3, 0xF7, 0x70, 0xFF, 0xC3, 0xF7, 0x70, 0xFF, 
0xC3, 0xF7, 0x70, 0xFF, 0xC3, 0xF7, 0x70, 0xFF, 0xC3, 0xF7, 0x70, 0xFF, 
0xC3, 0xF7, 0x70, 0xFF, 0xC3, 0xF7, 0x70, 0xFF, 0xBD, 0xF7, 0x73, 0xFF, 
0xBD, 0xF7, 0x73, 0xFF, 0xBD, 0xF7, 0x73, 0xFF, 0x8C, 0xBE, 0x6B, 0xFF, 
0x18, 0x61, 0x63, 0xFF, 0x18, 0x61, 0x63, 0xFF, 0x18, 0x61, 0x63, 0xFF, 
0x18, 0x61, 0x63, 0xFF, 0x21, 0x69, 0x63, 0xFF, 0x89, 0xC8, 0x6E, 0xFF, 
0xBD, 0xF3, 0x73, 0xFF, 0xBD, 0xF3, 0x73, 0xFF, 0x29, 0x71, 0x6B, 0xFF, 
0x18, 0x65, 0x63, 0xFF, 0x18, 0x65, 0x63, 0xFF, 0x18, 0x65, 0x63, 0xFF, 
0x18, 0x65, 0x63, 0xFF, 0x18, 0x65, 0x63, 0xFF, 0x08, 0x51, 0x52, 0xFF, 
0x08, 0x51, 0x52, 0xFF, 0x08, 0x4D, 0x4A, 0xFF, 0x08, 0x4D, 0x4A, 0xB7, 
0x00, 0x00, 0x00, 0x00, 0x00, 0x00, 0x00, 0x00, 0x00, 0x00, 0x00, 0x00, 
0x00, 0x00, 0x00, 0x00, 0x00, 0x00, 0x00, 0x00, 0x00, 0x00, 0x00, 0x00, 
0x00, 0x00, 0x00, 0x00, 0x00, 0x00, 0x00, 0x00, 0x00, 0x00, 0x00, 0x00, 
0x00, 0x00, 0x00, 0x00, 0x00, 0x00, 0x00, 0x00, 0x00, 0x00, 0x00, 0x00, 
0x00, 0x00, 0x00, 0x00, 0x00, 0x00, 0x00, 0x00, 0x00, 0x00, 0x00, 0x00, 
0x00, 0x00, 0x00, 0x00, 0x00, 0x00, 0x00, 0x00, 0x00, 0x00, 0x00, 0x00, 
0x00, 0x00, 0x00, 0x00, 0x00, 0x00, 0x00, 0x00, 0x10, 0x5D, 0x63, 0xB7, 
0x10, 0x5D, 0x63, 0xFF, 0x16, 0x65, 0x65, 0xFF, 0x16, 0x65, 0x65, 0xFF, 
0x16, 0x65, 0x65, 0xFF, 0x16, 0x65, 0x65, 0xFF, 0x18, 0x65, 0x63, 0xFF, 
0x18, 0x65, 0x63, 0xFF, 0x8C, 0xC9, 0x6E, 0xFF, 0xC6, 0xF7, 0x73, 0xFF, 
0xC6, 0xF7, 0x73, 0xFF, 0xC6, 0xF7, 0x73, 0xFF, 0xC6, 0xF7, 0x73, 0xFF, 
0xC6, 0xF7, 0x73, 0xFF, 0xC3, 0xF7, 0x70, 0xFF, 0xC3, 0xF7, 0x70, 0xFF, 
0xC3, 0xF7, 0x70, 0xFF, 0xC3, 0xF7, 0x70, 0xFF, 0xC3, 0xF7, 0x70, 0xFF, 
0xC3, 0xF7, 0x70, 0xFF, 0xC3, 0xF7, 0x70, 0xFF, 0xC3, 0xF7, 0x70, 0xFF, 
0xBD, 0xF7, 0x73, 0xFF, 0xBD, 0xF7, 0x73, 0xFF, 0xBD, 0xF7, 0x73, 0xFF, 
0xBD, 0xF7, 0x73, 0xFF, 0x8C, 0xC8, 0x6E, 0xFF, 0x52, 0x90, 0x68, 0xFF, 
0x52, 0x90, 0x68, 0xFF, 0x52, 0x90, 0x68, 0xFF, 0xBD, 0xF3, 0x73, 0xFF, 
0xBD, 0xF3, 0x73, 0xFF, 0xBD, 0xF3, 0x73, 0xFF, 0x89, 0xC8, 0x6E, 0xFF, 
0x18, 0x65, 0x63, 0xFF, 0x18, 0x65, 0x63, 0xFF, 0x18, 0x65, 0x63, 0xFF, 
0x18, 0x65, 0x63, 0xFF, 0x18, 0x65, 0x63, 0xFF, 0x18, 0x65, 0x63, 0xFF, 
0x08, 0x51, 0x52, 0xFF, 0x08, 0x51, 0x52, 0xFF, 0x08, 0x4D, 0x4A, 0xFF, 
0x08, 0x4D, 0x4A, 0xB7, 0x00, 0x00, 0x00, 0x00, 0x00, 0x00, 0x00, 0x00, 
0x00, 0x00, 0x00, 0x00, 0x00, 0x00, 0x00, 0x00, 0x00, 0x00, 0x00, 0x00, 
0x00, 0x00, 0x00, 0x00, 0x00, 0x00, 0x00, 0x00, 0x00, 0x00, 0x00, 0x00, 
0x00, 0x00, 0x00, 0x00, 0x00, 0x00, 0x00, 0x00, 0x00, 0x00, 0x00, 0x00, 
0x00, 0x00, 0x00, 0x00, 0x00, 0x00, 0x00, 0x00, 0x00, 0x00, 0x00, 0x00, 
0x00, 0x00, 0x00, 0x00, 0x00, 0x00, 0x00, 0x00, 0x00, 0x00, 0x00, 0x00, 
0x00, 0x00, 0x00, 0x00, 0x00, 0x00, 0x00, 0x00, 0x00, 0x00, 0x00, 0x00, 
0x10, 0x5D, 0x63, 0xB7, 0x10, 0x5D, 0x63, 0xFF, 0x16, 0x65, 0x65, 0xFF, 
0x16, 0x65, 0x65, 0xFF, 0x16, 0x65, 0x65, 0xFF, 0x16, 0x65, 0x65, 0xFF, 
0x18, 0x65, 0x63, 0xFF, 0x18, 0x65, 0x63, 0xFF, 0x18, 0x65, 0x63, 0xFF, 
0x8C, 0xC9, 0x6E, 0xFF, 0xC6, 0xF7, 0x73, 0xFF, 0xC6, 0xF7, 0x73, 0xFF, 
0xC6, 0xF7, 0x73, 0xFF, 0xC6, 0xF7, 0x73, 0xFF, 0xC3, 0xF7, 0x70, 0xFF, 
0xC3, 0xF7, 0x70, 0xFF, 0xC3, 0xF7, 0x70, 0xFF, 0xC3, 0xF7, 0x70, 0xFF, 
0xC3, 0xF7, 0x70, 0xFF, 0xC3, 0xF7, 0x70, 0xFF, 0xC3, 0xF7, 0x70, 0xFF, 
0xC3, 0xF7, 0x70, 0xFF, 0xBD, 0xF7, 0x73, 0xFF, 0xBD, 0xF7, 0x73, 0xFF, 
0xBD, 0xF7, 0x73, 0xFF, 0xBD, 0xF7, 0x73, 0xFF, 0xC6, 0xF7, 0x73, 0xFF, 
0xC6, 0xF7, 0x73, 0xFF, 0xC6, 0xF7, 0x73, 0xFF, 0xC6, 0xF7, 0x73, 0xFF, 
0xBD, 0xF3, 0x73, 0xFF, 0xBD, 0xF3, 0x73, 0xFF, 0x89, 0xC8, 0x6E, 0xFF, 
0x21, 0x69, 0x63, 0xFF, 0x18, 0x65, 0x63, 0xFF, 0x18, 0x65, 0x63, 0xFF, 
0x18, 0x65, 0x63, 0xFF, 0x18, 0x65, 0x63, 0xFF, 0x18, 0x65, 0x63, 0xFF, 
0x18, 0x65, 0x63, 0xFF, 0x08, 0x51, 0x52, 0xFF, 0x08, 0x51, 0x52, 0xFF, 
0x08, 0x4D, 0x4A, 0xFF, 0x08, 0x4D, 0x4A, 0xB7, 0x00, 0x00, 0x00, 0x00, 
0x00, 0x00, 0x00, 0x00, 0x00, 0x00, 0x00, 0x00, 0x00, 0x00, 0x00, 0x00, 
0x00, 0x00, 0x00, 0x00, 0x00, 0x00, 0x00, 0x00, 0x00, 0x00, 0x00, 0x00, 
0x00, 0x00, 0x00, 0x00, 0x00, 0x00, 0x00, 0x00, 0x00, 0x00, 0x00, 0x00, 
0x00, 0x00, 0x00, 0x00, 0x00, 0x00, 0x00, 0x00, 0x00, 0x00, 0x00, 0x00, 
0x00, 0x00, 0x00, 0x00, 0x00, 0x00, 0x00, 0x00, 0x00, 0x00, 0x00, 0x00, 
0x00, 0x00, 0x00, 0x00, 0x00, 0x00, 0x00, 0x00, 0x00, 0x00, 0x00, 0x00, 
0x00, 0x00, 0x00, 0x00, 0x10, 0x5D, 0x63, 0xB7, 0x10, 0x5D, 0x63, 0xFF, 
0x16, 0x65, 0x65, 0xFF, 0x16, 0x65, 0x65, 0xFF, 0x16, 0x65, 0x65, 0xFF, 
0x16, 0x65, 0x65, 0xFF, 0x18, 0x65, 0x63, 0xFF, 0x18, 0x65, 0x63, 0xFF, 
0x18, 0x65, 0x63, 0xFF, 0x18, 0x65, 0x63, 0xFF, 0x84, 0xBE, 0x6B, 0xFF, 
0xB0, 0xE5, 0x70, 0xFF, 0xC6, 0xF7, 0x73, 0xFF, 0xC6, 0xF7, 0x73, 0xFF, 
0xC3, 0xF7, 0x70, 0xFF, 0xC3, 0xF7, 0x70, 0xFF, 0xC3, 0xF7, 0x70, 0xFF, 
0xC3, 0xF7, 0x70, 0xFF, 0xC3, 0xF7, 0x70, 0xFF, 0xC3, 0xF7, 0x70, 0xFF, 
0xC3, 0xF7, 0x70, 0xFF, 0xC3, 0xF7, 0x70, 0xFF, 0xBD, 0xF7, 0x73, 0xFF, 
0xBD, 0xF7, 0x73, 0xFF, 0xBD, 0xF7, 0x73, 0xFF, 0xBD, 0xF7, 0x73, 0xFF, 
0xC6, 0xF7, 0x73, 0xFF, 0xC6, 0xF7, 0x73, 0xFF, 0xC6, 0xF7, 0x73, 0xFF, 
0xC6, 0xF7, 0x73, 0xFF, 0xBD, 0xF3, 0x73, 0xFF, 0x89, 0xC8, 0x6E, 0xFF, 
0x21, 0x69, 0x63, 0xFF, 0x21, 0x69, 0x63, 0xFF, 0x18, 0x65, 0x63, 0xFF, 
0x18, 0x65, 0x63, 0xFF, 0x18, 0x65, 0x63, 0xFF, 0x18, 0x65, 0x63, 0xFF, 
0x18, 0x65, 0x63, 0xFF, 0x18, 0x65, 0x63, 0xFF, 0x08, 0x51, 0x52, 0xFF, 
0x08, 0x51, 0x52, 0xFF, 0x08, 0x4D, 0x4A, 0xFF, 0x08, 0x4D, 0x4A, 0xB7, 
0x00, 0x00, 0x00, 0x00, 0x00, 0x00, 0x00, 0x00, 0x00, 0x00, 0x00, 0x00, 
0x00, 0x00, 0x00, 0x00, 0x00, 0x00, 0x00, 0x00, 0x00, 0x00, 0x00, 0x00, 
0x00, 0x00, 0x00, 0x00, 0x00, 0x00, 0x00, 0x00, 0x00, 0x00, 0x00, 0x00, 
0x00, 0x00, 0x00, 0x00, 0x00, 0x00, 0x00, 0x00, 0x00, 0x00, 0x00, 0x00, 
0x00, 0x00, 0x00, 0x00, 0x00, 0x00, 0x00, 0x00, 0x00, 0x00, 0x00, 0x00, 
0x00, 0x00, 0x00, 0x00, 0x00, 0x00, 0x00, 0x00, 0x00, 0x00, 0x00, 0x00, 
0x00, 0x00, 0x00, 0x00, 0x00, 0x00, 0x00, 0x00, 0x10, 0x5D, 0x63, 0xB7, 
0x10, 0x5D, 0x63, 0xFF, 0x16, 0x65, 0x65, 0xFF, 0x16, 0x65, 0x65, 0xFF, 
0x16, 0x65, 0x65, 0xFF, 0x16, 0x65, 0x65, 0xFF, 0x16, 0x65, 0x65, 0xFF, 
0x16, 0x65, 0x65, 0xFF, 0x16, 0x65, 0x65, 0xFF, 0x16, 0x65, 0x65, 0xFF, 
0x18, 0x65, 0x63, 0xFF, 0x18, 0x65, 0x63, 0xFF, 0x4F, 0x8F, 0x68, 0xFF, 
0x6B, 0xA2, 0x6B, 0xFF, 0x6B, 0xA2, 0x6B, 0xFF, 0x6B, 0xA2, 0x6B, 0xFF, 
0x6B, 0xA2, 0x6B, 0xFF, 0x6B, 0xA2, 0x6B, 0xFF, 0x6B, 0xA2, 0x6B, 0xFF, 
0x6B, 0xA2, 0x6B, 0xFF, 0x6B, 0xA2, 0x6B, 0xFF, 0x6B, 0xA2, 0x6B, 0xFF, 
0x6B, 0xA2, 0x6B, 0xFF, 0x6B, 0xA2, 0x6B, 0xFF, 0x6B, 0xA2, 0x6B, 0xFF, 
0x6B, 0xA2, 0x6B, 0xFF, 0x6B, 0xA2, 0x6B, 0xFF, 0x6B, 0xA2, 0x6B, 0xFF, 
0x6B, 0xA2, 0x6B, 0xFF, 0x4F, 0x8F, 0x68, 0xFF, 0x1B, 0x69, 0x63, 0xFF, 
0x16, 0x65, 0x63, 0xFF, 0x16, 0x65, 0x63, 0xFF, 0x16, 0x65, 0x63, 0xFF, 
0x16, 0x65, 0x65, 0xFF, 0x16, 0x65, 0x65, 0xFF, 0x16, 0x65, 0x65, 0xFF, 
0x16, 0x65, 0x65, 0xFF, 0x10, 0x61, 0x63, 0xFF, 0x10, 0x61, 0x63, 0xFF, 
0x08, 0x51, 0x52, 0xFF, 0x08, 0x51, 0x52, 0xFF, 0x08, 0x4D, 0x52, 0xFF, 
0x08, 0x4D, 0x52, 0xB7, 0x00, 0x00, 0x00, 0x00, 0x00, 0x00, 0x00, 0x00, 
0x00, 0x00, 0x00, 0x00, 0x00, 0x00, 0x00, 0x00, 0x00, 0x00, 0x00, 0x00, 
0x00, 0x00, 0x00, 0x00, 0x00, 0x00, 0x00, 0x00, 0x00, 0x00, 0x00, 0x00, 
0x00, 0x00, 0x00, 0x00, 0x00, 0x00, 0x00, 0x00, 0x00, 0x00, 0x00, 0x00, 
0x00, 0x00, 0x00, 0x00, 0x00, 0x00, 0x00, 0x00, 0x00, 0x00, 0x00, 0x00, 
0x00, 0x00, 0x00, 0x00, 0x00, 0x00, 0x00, 0x00, 0x00, 0x00, 0x00, 0x00, 
0x00, 0x00, 0x00, 0x00, 0x00, 0x00, 0x00, 0x00, 0x00, 0x00, 0x00, 0x00, 
0x10, 0x5D, 0x63, 0xB7, 0x10, 0x5D, 0x63, 0xFF, 0x16, 0x65, 0x65, 0xFF, 
0x16, 0x65, 0x65, 0xFF, 0x16, 0x65, 0x65, 0xFF, 0x16, 0x65, 0x65, 0xFF, 
0x16, 0x65, 0x65, 0xFF, 0x16, 0x65, 0x65, 0xFF, 0x16, 0x65, 0x65, 0xFF, 
0x16, 0x65, 0x65, 0xFF, 0x18, 0x65, 0x63, 0xFF, 0x18, 0x65, 0x63, 0xFF, 
0x18, 0x65, 0x63, 0xFF, 0x18, 0x65, 0x63, 0xFF, 0x18, 0x65, 0x63, 0xFF, 
0x18, 0x65, 0x63, 0xFF, 0x18, 0x65, 0x63, 0xFF, 0x18, 0x65, 0x63, 0xFF, 
0x18, 0x65, 0x63, 0xFF, 0x18, 0x65, 0x63, 0xFF, 0x18, 0x65, 0x63, 0xFF, 
0x18, 0x65, 0x63, 0xFF, 0x18, 0x65, 0x63, 0xFF, 0x18, 0x65, 0x63, 0xFF, 
0x18, 0x65, 0x63, 0xFF, 0x18, 0x65, 0x63, 0xFF, 0x18, 0x65, 0x63, 0xFF, 
0x18, 0x65, 0x63, 0xFF, 0x18, 0x65, 0x63, 0xFF, 0x18, 0x65, 0x63, 0xFF, 
0x16, 0x65, 0x63, 0xFF, 0x16, 0x65, 0x63, 0xFF, 0x16, 0x65, 0x63, 0xFF, 
0x16, 0x65, 0x63, 0xFF, 0x16, 0x65, 0x65, 0xFF, 0x16, 0x65, 0x65, 0xFF, 
0x16, 0x65, 0x65, 0xFF, 0x16, 0x65, 0x65, 0xFF, 0x10, 0x61, 0x63, 0xFF, 
0x10, 0x61, 0x63, 0xFF, 0x08, 0x51, 0x52, 0xFF, 0x08, 0x51, 0x52, 0xFF, 
0x08, 0x4D, 0x52, 0xFF, 0x08, 0x4D, 0x52, 0x90, 0x00, 0x00, 0x00, 0x00, 
0x00, 0x00, 0x00, 0x00, 0x00, 0x00, 0x00, 0x00, 0x00, 0x00, 0x00, 0x00, 
0x00, 0x00, 0x00, 0x00, 0x00, 0x00, 0x00, 0x00, 0x00, 0x00, 0x00, 0x00, 
0x00, 0x00, 0x00, 0x00, 0x00, 0x00, 0x00, 0x00, 0x00, 0x00, 0x00, 0x00, 
0x00, 0x00, 0x00, 0x00, 0x00, 0x00, 0x00, 0x00, 0x00, 0x00, 0x00, 0x00, 
0x00, 0x00, 0x00, 0x00, 0x00, 0x00, 0x00, 0x00, 0x00, 0x00, 0x00, 0x00, 
0x00, 0x00, 0x00, 0x00, 0x00, 0x00, 0x00, 0x00, 0x00, 0x00, 0x00, 0x00, 
0x00, 0x00, 0x00, 0x00, 0x10, 0x5D, 0x63, 0xB7, 0x10, 0x5D, 0x63, 0xFF, 
0x16, 0x65, 0x65, 0xFF, 0x16, 0x65, 0x65, 0xFF, 0x16, 0x65, 0x65, 0xFF, 
0x16, 0x65, 0x65, 0xFF, 0x16, 0x65, 0x65, 0xFF, 0x16, 0x65, 0x65, 0xFF, 
0x16, 0x65, 0x65, 0xFF, 0x16, 0x65, 0x65, 0xFF, 0x18, 0x65, 0x63, 0xFF, 
0x18, 0x65, 0x63, 0xFF, 0x18, 0x65, 0x63, 0xFF, 0x18, 0x65, 0x63, 0xFF, 
0x18, 0x65, 0x63, 0xFF, 0x18, 0x65, 0x63, 0xFF, 0x18, 0x65, 0x63, 0xFF, 
0x18, 0x65, 0x63, 0xFF, 0x18, 0x65, 0x63, 0xFF, 0x18, 0x65, 0x63, 0xFF, 
0x18, 0x65, 0x63, 0xFF, 0x18, 0x65, 0x63, 0xFF, 0x18, 0x65, 0x63, 0xFF, 
0x18, 0x65, 0x63, 0xFF, 0x18, 0x65, 0x63, 0xFF, 0x18, 0x65, 0x63, 0xFF, 
0x18, 0x65, 0x63, 0xFF, 0x18, 0x65, 0x63, 0xFF, 0x18, 0x65, 0x63, 0xFF, 
0x18, 0x65, 0x63, 0xFF, 0x16, 0x65, 0x63, 0xFF, 0x16, 0x65, 0x63, 0xFF, 
0x16, 0x65, 0x63, 0xFF, 0x16, 0x65, 0x63, 0xFF, 0x16, 0x65, 0x65, 0xFF, 
0x16, 0x65, 0x65, 0xFF, 0x16, 0x65, 0x65, 0xFF, 0x16, 0x65, 0x65, 0xFF, 
0x10, 0x61, 0x63, 0xFF, 0x0D, 0x5C, 0x5D, 0xFF, 0x08, 0x51, 0x52, 0xFF, 
0x08, 0x51, 0x52, 0xFF, 0x08, 0x4D, 0x52, 0xFF, 0x05, 0x35, 0x37, 0x24, 
0x00, 0x00, 0x00, 0x00, 0x00, 0x00, 0x00, 0x00, 0x00, 0x00, 0x00, 0x00, 
0x00, 0x00, 0x00, 0x00, 0x00, 0x00, 0x00, 0x00, 0x00, 0x00, 0x00, 0x00, 
0x00, 0x00, 0x00, 0x00, 0x00, 0x00, 0x00, 0x00, 0x00, 0x00, 0x00, 0x00, 
0x00, 0x00, 0x00, 0x00, 0x00, 0x00, 0x00, 0x00, 0x00, 0x00, 0x00, 0x00, 
0x00, 0x00, 0x00, 0x00, 0x00, 0x00, 0x00, 0x00, 0x00, 0x00, 0x00, 0x00, 
0x00, 0x00, 0x00, 0x00, 0x00, 0x00, 0x00, 0x00, 0x00, 0x00, 0x00, 0x00, 
0x00, 0x00, 0x00, 0x00, 0x00, 0x00, 0x00, 0x00, 0x10, 0x5D, 0x63, 0xB7, 
0x10, 0x5D, 0x63, 0xFF, 0x16, 0x65, 0x65, 0xFF, 0x16, 0x65, 0x65, 0xFF, 
0x16, 0x65, 0x65, 0xFF, 0x16, 0x65, 0x65, 0xFF, 0x16, 0x65, 0x65, 0xFF, 
0x16, 0x65, 0x65, 0xFF, 0x16, 0x65, 0x65, 0xFF, 0x16, 0x65, 0x65, 0xFF, 
0x18, 0x65, 0x63, 0xFF, 0x18, 0x65, 0x63, 0xFF, 0x18, 0x65, 0x63, 0xFF, 
0x18, 0x65, 0x63, 0xFF, 0x18, 0x65, 0x63, 0xFF, 0x18, 0x65, 0x63, 0xFF, 
0x18, 0x65, 0x63, 0xFF, 0x18, 0x65, 0x63, 0xFF, 0x18, 0x65, 0x63, 0xFF, 
0x18, 0x65, 0x63, 0xFF, 0x18, 0x65, 0x63, 0xFF, 0x18, 0x65, 0x63, 0xFF, 
0x18, 0x65, 0x63, 0xFF, 0x18, 0x65, 0x63, 0xFF, 0x18, 0x65, 0x63, 0xFF, 
0x18, 0x65, 0x63, 0xFF, 0x18, 0x65, 0x63, 0xFF, 0x18, 0x65, 0x63, 0xFF, 
0x18, 0x65, 0x63, 0xFF, 0x18, 0x65, 0x63, 0xFF, 0x16, 0x65, 0x63, 0xFF, 
0x16, 0x65, 0x63, 0xFF, 0x16, 0x65, 0x63, 0xFF, 0x16, 0x65, 0x63, 0xFF, 
0x16, 0x65, 0x65, 0xFF, 0x16, 0x65, 0x65, 0xFF, 0x16, 0x65, 0x65, 0xFF, 
0x16, 0x65, 0x65, 0xFF, 0x10, 0x61, 0x63, 0xFF, 0x08, 0x51, 0x52, 0xFF, 
0x08, 0x51, 0x52, 0xFF, 0x08, 0x51, 0x52, 0xFF, 0x08, 0x4D, 0x52, 0x90, 
0x00, 0x00, 0x00, 0x00, 0x00, 0x00, 0x00, 0x00, 0x00, 0x00, 0x00, 0x00, 
0x00, 0x00, 0x00, 0x00, 0x00, 0x00, 0x00, 0x00, 0x00, 0x00, 0x00, 0x00, 
0x00, 0x00, 0x00, 0x00, 0x00, 0x00, 0x00, 0x00, 0x00, 0x00, 0x00, 0x00, 
0x00, 0x00, 0x00, 0x00, 0x00, 0x00, 0x00, 0x00, 0x00, 0x00, 0x00, 0x00, 
0x00, 0x00, 0x00, 0x00, 0x00, 0x00, 0x00, 0x00, 0x00, 0x00, 0x00, 0x00, 
0x00, 0x00, 0x00, 0x00, 0x00, 0x00, 0x00, 0x00, 0x00, 0x00, 0x00, 0x00, 
0x00, 0x00, 0x00, 0x00, 0x00, 0x00, 0x00, 0x00, 0x00, 0x00, 0x00, 0x00, 
0x10, 0x5D, 0x63, 0xB7, 0x10, 0x5D, 0x63, 0xFF, 0x16, 0x65, 0x65, 0xFF, 
0x16, 0x65, 0x65, 0xFF, 0x16, 0x65, 0x65, 0xFF, 0x16, 0x65, 0x65, 0xFF, 
0x16, 0x65, 0x65, 0xFF, 0x16, 0x65, 0x65, 0xFF, 0x16, 0x65, 0x65, 0xFF, 
0x16, 0x65, 0x65, 0xFF, 0x16, 0x65, 0x65, 0xFF, 0x16, 0x65, 0x65, 0xFF, 
0x16, 0x65, 0x65, 0xFF, 0x16, 0x65, 0x65, 0xFF, 0x16, 0x65, 0x65, 0xFF, 
0x16, 0x65, 0x65, 0xFF, 0x16, 0x65, 0x65, 0xFF, 0x16, 0x65, 0x65, 0xFF, 
0x16, 0x65, 0x65, 0xFF, 0x16, 0x65, 0x65, 0xFF, 0x16, 0x65, 0x65, 0xFF, 
0x16, 0x65, 0x65, 0xFF, 0x16, 0x65, 0x65, 0xFF, 0x16, 0x65, 0x65, 0xFF, 
0x16, 0x65, 0x65, 0xFF, 0x16, 0x65, 0x65, 0xFF, 0x10, 0x61, 0x63, 0xFF, 
0x10, 0x61, 0x63, 0xFF, 0x10, 0x61, 0x63, 0xFF, 0x10, 0x61, 0x63, 0xFF, 
0x18, 0x61, 0x63, 0xFF, 0x18, 0x61, 0x63, 0xFF, 0x18, 0x61, 0x63, 0xFF, 
0x18, 0x61, 0x63, 0xFF, 0x10, 0x61, 0x63, 0xFF, 0x10, 0x61, 0x63, 0xFF, 
0x10, 0x61, 0x63, 0xFF, 0x10, 0x61, 0x63, 0xFF, 0x08, 0x4D, 0x4A, 0xFF, 
0x08, 0x4D, 0x4A, 0xFF, 0x08, 0x4D, 0x4A, 0xFF, 0x08, 0x4D, 0x4A, 0x90, 
0x00, 0x1C, 0x18, 0x03, 0x00, 0x00, 0x00, 0x00, 0x00, 0x00, 0x00, 0x00, 
0x00, 0x00, 0x00, 0x00, 0x00, 0x00, 0x00, 0x00, 0x00, 0x00, 0x00, 0x00, 
0x00, 0x00, 0x00, 0x00, 0x00, 0x00, 0x00, 0x00, 0x00, 0x00, 0x00, 0x00, 
0x00, 0x00, 0x00, 0x00, 0x00, 0x00, 0x00, 0x00, 0x00, 0x00, 0x00, 0x00, 
0x00, 0x00, 0x00, 0x00, 0x00, 0x00, 0x00, 0x00, 0x00, 0x00, 0x00, 0x00, 
0x00, 0x00, 0x00, 0x00, 0x00, 0x00, 0x00, 0x00, 0x00, 0x00, 0x00, 0x00, 
0x00, 0x00, 0x00, 0x00, 0x00, 0x00, 0x00, 0x00, 0x00, 0x00, 0x00, 0x00, 
0x00, 0x00, 0x00, 0x00, 0x10, 0x5D, 0x63, 0xB7, 0x10, 0x5D, 0x63, 0xFF, 
0x16, 0x65, 0x65, 0xFF, 0x16, 0x65, 0x65, 0xFF, 0x16, 0x65, 0x65, 0xFF, 
0x16, 0x65, 0x65, 0xFF, 0x16, 0x65, 0x65, 0xFF, 0x16, 0x65, 0x65, 0xFF, 
0x16, 0x65, 0x65, 0xFF, 0x16, 0x65, 0x65, 0xFF, 0x16, 0x65, 0x65, 0xFF, 
0x16, 0x65, 0x65, 0xFF, 0x16, 0x65, 0x65, 0xFF, 0x16, 0x65, 0x65, 0xFF, 
0x16, 0x65, 0x65, 0xFF, 0x16, 0x65, 0x65, 0xFF, 0x16, 0x65, 0x65, 0xFF, 
0x16, 0x65, 0x65, 0xFF, 0x16, 0x65, 0x65, 0xFF, 0x16, 0x65, 0x65, 0xFF, 
0x16, 0x65, 0x65, 0xFF, 0x16, 0x65, 0x65, 0xFF, 0x16, 0x65, 0x65, 0xFF, 
0x16, 0x65, 0x65, 0xFF, 0x16, 0x65, 0x65, 0xFF, 0x16, 0x65, 0x65, 0xFF, 
0x10, 0x61, 0x63, 0xFF, 0x10, 0x61, 0x63, 0xFF, 0x0B, 0x58, 0x5A, 0xFF, 
0x0B, 0x58, 0x5A, 0xFF, 0x13, 0x58, 0x5A, 0xFF, 0x13, 0x58, 0x5A, 0xFF, 
0x13, 0x58, 0x5A, 0xFF, 0x13, 0x58, 0x5A, 0xFF, 0x0B, 0x58, 0x5A, 0xFF, 
0x0B, 0x58, 0x5A, 0xFF, 0x05, 0x4E, 0x52, 0xFF, 0x05, 0x4E, 0x52, 0xFF, 
0x08, 0x4D, 0x4A, 0xFF, 0x08, 0x4D, 0x4A, 0xFF, 0x08, 0x4D, 0x4A, 0x90, 
0x02, 0x18, 0x18, 0x00, 0x00, 0x00, 0x00, 0x00, 0x00, 0x00, 0x00, 0x00, 
0x00, 0x00, 0x00, 0x00, 0x00, 0x00, 0x00, 0x00, 0x00, 0x00, 0x00, 0x00, 
0x00, 0x00, 0x00, 0x00, 0x00, 0x00, 0x00, 0x00, 0x00, 0x00, 0x00, 0x00, 
0x00, 0x00, 0x00, 0x00, 0x00, 0x00, 0x00, 0x00, 0x00, 0x00, 0x00, 0x00, 
0x00, 0x00, 0x00, 0x00, 0x00, 0x00, 0x00, 0x00, 0x00, 0x00, 0x00, 0x00, 
0x00, 0x00, 0x00, 0x00, 0x00, 0x00, 0x00, 0x00, 0x00, 0x00, 0x00, 0x00, 
0x00, 0x00, 0x00, 0x00, 0x00, 0x00, 0x00, 0x00, 0x00, 0x00, 0x00, 0x00, 
0x00, 0x00, 0x00, 0x00, 0x00, 0x00, 0x00, 0x00, 0x10, 0x5D, 0x63, 0xB7, 
0x10, 0x5D, 0x63, 0xFF, 0x16, 0x65, 0x65, 0xFF, 0x16, 0x65, 0x65, 0xFF, 
0x16, 0x65, 0x65, 0xFF, 0x16, 0x65, 0x65, 0xFF, 0x16, 0x65, 0x65, 0xFF, 
0x16, 0x65, 0x65, 0xFF, 0x16, 0x65, 0x65, 0xFF, 0x16, 0x65, 0x65, 0xFF, 
0x16, 0x65, 0x65, 0xFF, 0x16, 0x65, 0x65, 0xFF, 0x16, 0x65, 0x65, 0xFF, 
0x16, 0x65, 0x65, 0xFF, 0x16, 0x65, 0x65, 0xFF, 0x16, 0x65, 0x65, 0xFF, 
0x16, 0x65, 0x65, 0xFF, 0x16, 0x65, 0x65, 0xFF, 0x16, 0x65, 0x65, 0xFF, 
0x16, 0x65, 0x65, 0xFF, 0x16, 0x65, 0x65, 0xFF, 0x16, 0x65, 0x65, 0xFF, 
0x16, 0x65, 0x65, 0xFF, 0x16, 0x65, 0x65, 0xFF, 0x16, 0x65, 0x65, 0xFF, 
0x16, 0x65, 0x65, 0xFF, 0x10, 0x61, 0x63, 0xFF, 0x0B, 0x58, 0x5A, 0xFF, 
0x00, 0x45, 0x4A, 0xFF, 0x00, 0x45, 0x4A, 0xFF, 0x08, 0x45, 0x4A, 0xFF, 
0x08, 0x45, 0x4A, 0xFF, 0x08, 0x45, 0x4A, 0xFF, 0x08, 0x45, 0x4A, 0xFF, 
0x00, 0x45, 0x4A, 0xFF, 0x00, 0x45, 0x4A, 0xFF, 0x00, 0x45, 0x4A, 0xFF, 
0x00, 0x45, 0x4A, 0xFF, 0x08, 0x4D, 0x4A, 0xFF, 0x08, 0x4D, 0x4A, 0x90, 
0x02, 0x18, 0x18, 0x00, 0x00, 0x00, 0x00, 0x00, 0x00, 0x00, 0x00, 0x00, 
0x00, 0x00, 0x00, 0x00, 0x00, 0x00, 0x00, 0x00, 0x00, 0x00, 0x00, 0x00, 
0x00, 0x00, 0x00, 0x00, 0x00, 0x00, 0x00, 0x00, 0x00, 0x00, 0x00, 0x00, 
0x00, 0x00, 0x00, 0x00, 0x00, 0x00, 0x00, 0x00, 0x00, 0x00, 0x00, 0x00, 
0x00, 0x00, 0x00, 0x00, 0x00, 0x00, 0x00, 0x00, 0x00, 0x00, 0x00, 0x00, 
0x00, 0x00, 0x00, 0x00, 0x00, 0x00, 0x00, 0x00, 0x00, 0x00, 0x00, 0x00, 
0x00, 0x00, 0x00, 0x00, 0x00, 0x00, 0x00, 0x00, 0x00, 0x00, 0x00, 0x00, 
0x00, 0x00, 0x00, 0x00, 0x00, 0x00, 0x00, 0x00, 0x00, 0x00, 0x00, 0x00, 
0x10, 0x5D, 0x63, 0xB7, 0x10, 0x5D, 0x63, 0xFF, 0x16, 0x65, 0x65, 0xFF, 
0x16, 0x65, 0x65, 0xFF, 0x16, 0x65, 0x65, 0xFF, 0x16, 0x65, 0x65, 0xFF, 
0x16, 0x65, 0x65, 0xFF, 0x16, 0x65, 0x65, 0xFF, 0x16, 0x65, 0x65, 0xFF, 
0x16, 0x65, 0x65, 0xFF, 0x16, 0x65, 0x65, 0xFF, 0x16, 0x65, 0x65, 0xFF, 
0x16, 0x65, 0x65, 0xFF, 0x16, 0x65, 0x65, 0xFF, 0x16, 0x65, 0x65, 0xFF, 
0x16, 0x65, 0x65, 0xFF, 0x16, 0x65, 0x65, 0xFF, 0x16, 0x65, 0x65, 0xFF, 
0x16, 0x65, 0x65, 0xFF, 0x16, 0x65, 0x65, 0xFF, 0x16, 0x65, 0x65, 0xFF, 
0x16, 0x65, 0x65, 0xFF, 0x16, 0x65, 0x65, 0xFF, 0x16, 0x65, 0x65, 0xFF, 
0x16, 0x65, 0x65, 0xFF, 0x16, 0x65, 0x65, 0xFF, 0x10, 0x61, 0x63, 0xFF, 
0x0B, 0x58, 0x5A, 0xFF, 0x00, 0x45, 0x4A, 0xFF, 0x00, 0x45, 0x4A, 0xFF, 
0x08, 0x45, 0x4A, 0xFF, 0x08, 0x45, 0x4A, 0xFF, 0x08, 0x45, 0x4A, 0xFF, 
0x08, 0x45, 0x4A, 0xFF, 0x00, 0x45, 0x4A, 0xFF, 0x00, 0x45, 0x4A, 0xFF, 
0x00, 0x45, 0x4A, 0xFF, 0x00, 0x45, 0x4A, 0xFF, 0x08, 0x4D, 0x4A, 0x90, 
0x02, 0x18, 0x18, 0x00, 0x00, 0x00, 0x00, 0x00, 0x00, 0x00, 0x00, 0x00, 
0x00, 0x00, 0x00, 0x00, 0x00, 0x00, 0x00, 0x00, 0x00, 0x00, 0x00, 0x00, 
0x00, 0x00, 0x00, 0x00, 0x00, 0x00, 0x00, 0x00, 0x00, 0x00, 0x00, 0x00, 
0x00, 0x00, 0x00, 0x00, 0x00, 0x00, 0x00, 0x00, 0x00, 0x00, 0x00, 0x00, 
0x00, 0x00, 0x00, 0x00, 0x00, 0x00, 0x00, 0x00, 0x00, 0x00, 0x00, 0x00, 
0x00, 0x00, 0x00, 0x00, 0x00, 0x00, 0x00, 0x00, 0x00, 0x00, 0x00, 0x00, 
0x00, 0x00, 0x00, 0x00, 0x00, 0x00, 0x00, 0x00, 0x00, 0x00, 0x00, 0x00, 
0x00, 0x00, 0x00, 0x00, 0x00, 0x00, 0x00, 0x00, 0x00, 0x00, 0x00, 0x00, 
0x00, 0x00, 0x00, 0x00, 0x10, 0x5D, 0x63, 0xB7, 0x10, 0x5D, 0x63, 0xFF, 
0x16, 0x65, 0x65, 0xFF, 0x16, 0x65, 0x65, 0xFF, 0x16, 0x65, 0x65, 0xFF, 
0x16, 0x65, 0x65, 0xFF, 0x16, 0x65, 0x65, 0xFF, 0x16, 0x65, 0x65, 0xFF, 
0x16, 0x65, 0x65, 0xFF, 0x16, 0x65, 0x65, 0xFF, 0x16, 0x65, 0x65, 0xFF, 
0x16, 0x65, 0x65, 0xFF, 0x16, 0x65, 0x65, 0xFF, 0x16, 0x65, 0x65, 0xFF, 
0x16, 0x65, 0x65, 0xFF, 0x16, 0x65, 0x65, 0xFF, 0x16, 0x65, 0x65, 0xFF, 
0x16, 0x65, 0x65, 0xFF, 0x16, 0x65, 0x65, 0xFF, 0x16, 0x65, 0x65, 0xFF, 
0x16, 0x65, 0x65, 0xFF, 0x16, 0x65, 0x65, 0xFF, 0x16, 0x65, 0x65, 0xFF, 
0x16, 0x65, 0x65, 0xFF, 0x16, 0x65, 0x65, 0xFF, 0x16, 0x65, 0x65, 0xFF, 
0x10, 0x61, 0x63, 0xFF, 0x0B, 0x58, 0x5A, 0xFF, 0x00, 0x45, 0x4A, 0xFF, 
0x00, 0x45, 0x4A, 0xFF, 0x05, 0x48, 0x47, 0xFF, 0x05, 0x48, 0x47, 0xFF, 
0x05, 0x48, 0x47, 0xFF, 0x05, 0x48, 0x47, 0xFF, 0x00, 0x49, 0x4A, 0xFF, 
0x00, 0x49, 0x4A, 0xFF, 0x00, 0x49, 0x4A, 0xFF, 0x00, 0x49, 0x4A, 0x90, 
0x00, 0x1C, 0x18, 0x03, 0x00, 0x00, 0x00, 0x00, 0x00, 0x00, 0x00, 0x00, 
0x00, 0x00, 0x00, 0x00, 0x00, 0x00, 0x00, 0x00, 0x00, 0x00, 0x00, 0x00, 
0x00, 0x00, 0x00, 0x00, 0x00, 0x00, 0x00, 0x00, 0x00, 0x00, 0x00, 0x00, 
0x00, 0x00, 0x00, 0x00, 0x00, 0x00, 0x00, 0x00, 0x00, 0x00, 0x00, 0x00, 
0x00, 0x00, 0x00, 0x00, 0x00, 0x00, 0x00, 0x00, 0x00, 0x00, 0x00, 0x00, 
0x00, 0x00, 0x00, 0x00, 0x00, 0x00, 0x00, 0x00, 0x00, 0x00, 0x00, 0x00, 
0x00, 0x00, 0x00, 0x00, 0x00, 0x00, 0x00, 0x00, 0x00, 0x00, 0x00, 0x00, 
0x00, 0x00, 0x00, 0x00, 0x00, 0x00, 0x00, 0x00, 0x00, 0x00, 0x00, 0x00, 
0x00, 0x00, 0x00, 0x00, 0x00, 0x00, 0x00, 0x00, 0x10, 0x5D, 0x63, 0xB7, 
0x10, 0x5D, 0x63, 0xFF, 0x16, 0x65, 0x65, 0xFF, 0x16, 0x65, 0x65, 0xFF, 
0x16, 0x65, 0x65, 0xFF, 0x16, 0x65, 0x65, 0xFF, 0x16, 0x65, 0x65, 0xFF, 
0x16, 0x65, 0x65, 0xFF, 0x16, 0x65, 0x65, 0xFF, 0x16, 0x65, 0x65, 0xFF, 
0x16, 0x65, 0x65, 0xFF, 0x16, 0x65, 0x65, 0xFF, 0x16, 0x65, 0x65, 0xFF, 
0x16, 0x65, 0x65, 0xFF, 0x16, 0x65, 0x65, 0xFF, 0x16, 0x65, 0x65, 0xFF, 
0x16, 0x65, 0x65, 0xFF, 0x16, 0x65, 0x65, 0xFF, 0x16, 0x65, 0x65, 0xFF, 
0x16, 0x65, 0x65, 0xFF, 0x16, 0x65, 0x65, 0xFF, 0x16, 0x65, 0x65, 0xFF, 
0x16, 0x65, 0x65, 0xFF, 0x16, 0x65, 0x65, 0xFF, 0x16, 0x65, 0x65, 0xFF, 
0x16, 0x65, 0x65, 0xFF, 0x10, 0x61, 0x63, 0xFF, 0x0B, 0x58, 0x5A, 0xFF, 
0x00, 0x45, 0x4A, 0xFF, 0x00, 0x45, 0x4A, 0xFF, 0x05, 0x48, 0x47, 0xFF, 
0x05, 0x48, 0x47, 0xFF, 0x05, 0x48, 0x47, 0xFF, 0x05, 0x48, 0x47, 0xFF, 
0x00, 0x49, 0x4A, 0xFF, 0x00, 0x49, 0x4A, 0xFF, 0x00, 0x49, 0x4A, 0x90, 
0x00, 0x17, 0x18, 0x00, 0x00, 0x00, 0x00, 0x00, 0x00, 0x00, 0x00, 0x00, 
0x00, 0x00, 0x00, 0x00, 0x00, 0x00, 0x00, 0x00, 0x00, 0x00, 0x00, 0x00, 
0x00, 0x00, 0x00, 0x00, 0x00, 0x00, 0x00, 0x00, 0x00, 0x00, 0x00, 0x00, 
0x00, 0x00, 0x00, 0x00, 0x00, 0x00, 0x00, 0x00, 0x00, 0x00, 0x00, 0x00, 
0x00, 0x00, 0x00, 0x00, 0x00, 0x00, 0x00, 0x00, 0x00, 0x00, 0x00, 0x00, 
0x00, 0x00, 0x00, 0x00, 0x00, 0x00, 0x00, 0x00, 0x00, 0x00, 0x00, 0x00, 
0x00, 0x00, 0x00, 0x00, 0x00, 0x00, 0x00, 0x00, 0x00, 0x00, 0x00, 0x00, 
0x00, 0x00, 0x00, 0x00, 0x00, 0x00, 0x00, 0x00, 0x00, 0x00, 0x00, 0x00, 
0x00, 0x00, 0x00, 0x00, 0x00, 0x00, 0x00, 0x00, 0x00, 0x00, 0x00, 0x00, 
0x10, 0x5D, 0x63, 0xB7, 0x10, 0x5D, 0x63, 0xFF, 0x16, 0x65, 0x65, 0xFF, 
0x16, 0x65, 0x65, 0xFF, 0x16, 0x65, 0x65, 0xFF, 0x16, 0x65, 0x65, 0xFF, 
0x16, 0x65, 0x65, 0xFF, 0x16, 0x65, 0x65, 0xFF, 0x16, 0x65, 0x65, 0xFF, 
0x16, 0x65, 0x65, 0xFF, 0x16, 0x65, 0x65, 0xFF, 0x16, 0x65, 0x65, 0xFF, 
0x16, 0x65, 0x65, 0xFF, 0x16, 0x65, 0x65, 0xFF, 0x16, 0x65, 0x65, 0xFF, 
0x16, 0x65, 0x65, 0xFF, 0x16, 0x65, 0x65, 0xFF, 0x16, 0x65, 0x65, 0xFF, 
0x16, 0x65, 0x65, 0xFF, 0x16, 0x65, 0x65, 0xFF, 0x16, 0x65, 0x65, 0xFF, 
0x16, 0x65, 0x65, 0xFF, 0x16, 0x65, 0x65, 0xFF, 0x16, 0x65, 0x65, 0xFF, 
0x16, 0x65, 0x65, 0xFF, 0x16, 0x65, 0x65, 0xFF, 0x10, 0x61, 0x63, 0xFF, 
0x0B, 0x58, 0x5A, 0xFF, 0x00, 0x45, 0x4A, 0xFF, 0x00, 0x45, 0x4A, 0xFF, 
0x05, 0x48, 0x47, 0xFF, 0x05, 0x48, 0x47, 0xFF, 0x05, 0x48, 0x47, 0xFF, 
0x05, 0x48, 0x47, 0xFF, 0x00, 0x49, 0x4A, 0xFF, 0x00, 0x49, 0x4A, 0x90, 
0x00, 0x17, 0x18, 0x00, 0x00, 0x00, 0x00, 0x00, 0x00, 0x00, 0x00, 0x00, 
0x00, 0x00, 0x00, 0x00, 0x00, 0x00, 0x00, 0x00, 0x00, 0x00, 0x00, 0x00, 
0x00, 0x00, 0x00, 0x00, 0x00, 0x00, 0x00, 0x00, 0x00, 0x00, 0x00, 0x00, 
0x00, 0x00, 0x00, 0x00, 0x00, 0x00, 0x00, 0x00, 0x00, 0x00, 0x00, 0x00, 
0x00, 0x00, 0x00, 0x00, 0x00, 0x00, 0x00, 0x00, 0x00, 0x00, 0x00, 0x00, 
0x00, 0x00, 0x00, 0x00, 0x00, 0x00, 0x00, 0x00, 0x00, 0x00, 0x00, 0x00, 
0x00, 0x00, 0x00, 0x00, 0x00, 0x00, 0x00, 0x00, 0x00, 0x00, 0x00, 0x00, 
0x00, 0x00, 0x00, 0x00, 0x00, 0x00, 0x00, 0x00, 0x00, 0x00, 0x00, 0x00, 
0x00, 0x00, 0x00, 0x00, 0x00, 0x00, 0x00, 0x00, 0x00, 0x00, 0x00, 0x00, 
0x00, 0x00, 0x00, 0x00, 0x10, 0x5D, 0x63, 0xB7, 0x10, 0x5D, 0x63, 0xFF, 
0x16, 0x65, 0x65, 0xFF, 0x16, 0x65, 0x65, 0xFF, 0x16, 0x65, 0x65, 0xFF, 
0x16, 0x65, 0x65, 0xFF, 0x16, 0x65, 0x65, 0xFF, 0x16, 0x65, 0x65, 0xFF, 
0x16, 0x65, 0x65, 0xFF, 0x16, 0x65, 0x65, 0xFF, 0x16, 0x65, 0x65, 0xFF, 
0x16, 0x65, 0x65, 0xFF, 0x16, 0x65, 0x65, 0xFF, 0x16, 0x65, 0x65, 0xFF, 
0x16, 0x65, 0x65, 0xFF, 0x16, 0x65, 0x65, 0xFF, 0x16, 0x65, 0x65, 0xFF, 
0x16, 0x65, 0x65, 0xFF, 0x16, 0x65, 0x65, 0xFF, 0x16, 0x65, 0x65, 0xFF, 
0x16, 0x65, 0x65, 0xFF, 0x16, 0x65, 0x65, 0xFF, 0x16, 0x65, 0x65, 0xFF, 
0x16, 0x65, 0x65, 0xFF, 0x16, 0x65, 0x65, 0xFF, 0x16, 0x65, 0x65, 0xFF, 
0x10, 0x61, 0x63, 0xFF, 0x0B, 0x58, 0x5A, 0xFF, 0x00, 0x45, 0x4A, 0xFF, 
0x00, 0x45, 0x4A, 0xFF, 0x05, 0x48, 0x47, 0xFF, 0x05, 0x48, 0x47, 0xFF, 
0x05, 0x48, 0x47, 0xFF, 0x05, 0x48, 0x47, 0xFF, 0x00, 0x49, 0x4A, 0x90, 
0x00, 0x17, 0x18, 0x00, 0x00, 0x00, 0x00, 0x00, 0x00, 0x00, 0x00, 0x00, 
0x00, 0x00, 0x00, 0x00, 0x00, 0x00, 0x00, 0x00, 0x00, 0x00, 0x00, 0x00, 
0x00, 0x00, 0x00, 0x00, 0x00, 0x00, 0x00, 0x00, 0x00, 0x00, 0x00, 0x00, 
0x00, 0x00, 0x00, 0x00, 0x00, 0x00, 0x00, 0x00, 0x00, 0x00, 0x00, 0x00, 
0x00, 0x00, 0x00, 0x00, 0x00, 0x00, 0x00, 0x00, 0x00, 0x00, 0x00, 0x00, 
0x00, 0x00, 0x00, 0x00, 0x00, 0x00, 0x00, 0x00, 0x00, 0x00, 0x00, 0x00, 
0x00, 0x00, 0x00, 0x00, 0x00, 0x00, 0x00, 0x00, 0x00, 0x00, 0x00, 0x00, 
0x00, 0x00, 0x00, 0x00, 0x00, 0x00, 0x00, 0x00, 0x00, 0x00, 0x00, 0x00, 
0x00, 0x00, 0x00, 0x00, 0x00, 0x00, 0x00, 0x00, 0x00, 0x00, 0x00, 0x00, 
0x00, 0x00, 0x00, 0x00, 0x00, 0x00, 0x00, 0x00, 0x10, 0x5D, 0x63, 0xB7, 
0x10, 0x5D, 0x63, 0xFF, 0x16, 0x65, 0x65, 0xFF, 0x16, 0x65, 0x65, 0xFF, 
0x16, 0x65, 0x65, 0xFF, 0x16, 0x65, 0x65, 0xFF, 0x16, 0x65, 0x65, 0xFF, 
0x16, 0x65, 0x65, 0xFF, 0x16, 0x65, 0x65, 0xFF, 0x16, 0x65, 0x65, 0xFF, 
0x16, 0x65, 0x65, 0xFF, 0x16, 0x65, 0x65, 0xFF, 0x16, 0x65, 0x65, 0xFF, 
0x16, 0x65, 0x65, 0xFF, 0x16, 0x65, 0x65, 0xFF, 0x16, 0x65, 0x65, 0xFF, 
0x16, 0x65, 0x65, 0xFF, 0x16, 0x65, 0x65, 0xFF, 0x16, 0x65, 0x65, 0xFF, 
0x16, 0x65, 0x65, 0xFF, 0x16, 0x65, 0x65, 0xFF, 0x16, 0x65, 0x65, 0xFF, 
0x16, 0x65, 0x65, 0xFF, 0x16, 0x65, 0x65, 0xFF, 0x16, 0x65, 0x65, 0xFF, 
0x16, 0x65, 0x65, 0xFF, 0x10, 0x61, 0x63, 0xFF, 0x0B, 0x58, 0x5A, 0xFF, 
0x00, 0x45, 0x4A, 0xFF, 0x00, 0x45, 0x4A, 0xFF, 0x00, 0x49, 0x4A, 0xFF, 
0x00, 0x49, 0x4A, 0xFF, 0x00, 0x49, 0x4A, 0xFF, 0x00, 0x49, 0x4A, 0x90, 
0x00, 0x18, 0x18, 0x03, 0x00, 0x00, 0x00, 0x00, 0x00, 0x00, 0x00, 0x00, 
0x00, 0x00, 0x00, 0x00, 0x00, 0x00, 0x00, 0x00, 0x00, 0x00, 0x00, 0x00, 
0x00, 0x00, 0x00, 0x00, 0x00, 0x00, 0x00, 0x00, 0x00, 0x00, 0x00, 0x00, 
0x00, 0x00, 0x00, 0x00, 0x00, 0x00, 0x00, 0x00, 0x00, 0x00, 0x00, 0x00, 
0x00, 0x00, 0x00, 0x00, 0x00, 0x00, 0x00, 0x00, 0x00, 0x00, 0x00, 0x00, 
0x00, 0x00, 0x00, 0x00, 0x00, 0x00, 0x00, 0x00, 0x00, 0x00, 0x00, 0x00, 
0x00, 0x00, 0x00, 0x00, 0x00, 0x00, 0x00, 0x00, 0x00, 0x00, 0x00, 0x00, 
0x00, 0x00, 0x00, 0x00, 0x00, 0x00, 0x00, 0x00, 0x00, 0x00, 0x00, 0x00, 
0x00, 0x00, 0x00, 0x00, 0x00, 0x00, 0x00, 0x00, 0x00, 0x00, 0x00, 0x00, 
0x00, 0x00, 0x00, 0x00, 0x00, 0x00, 0x00, 0x00, 0x00, 0x00, 0x00, 0x00, 
0x10, 0x5D, 0x63, 0xB7, 0x10, 0x5D, 0x63, 0xFF, 0x16, 0x65, 0x65, 0xFF, 
0x16, 0x65, 0x65, 0xFF, 0x16, 0x65, 0x65, 0xFF, 0x16, 0x65, 0x65, 0xFF, 
0x16, 0x65, 0x65, 0xFF, 0x16, 0x65, 0x65, 0xFF, 0x16, 0x65, 0x65, 0xFF, 
0x16, 0x65, 0x65, 0xFF, 0x16, 0x65, 0x65, 0xFF, 0x16, 0x65, 0x65, 0xFF, 
0x16, 0x65, 0x65, 0xFF, 0x16, 0x65, 0x65, 0xFF, 0x16, 0x65, 0x65, 0xFF, 
0x16, 0x65, 0x65, 0xFF, 0x16, 0x65, 0x65, 0xFF, 0x16, 0x65, 0x65, 0xFF, 
0x16, 0x65, 0x65, 0xFF, 0x16, 0x65, 0x65, 0xFF, 0x16, 0x65, 0x65, 0xFF, 
0x16, 0x65, 0x65, 0xFF, 0x16, 0x65, 0x65, 0xFF, 0x16, 0x65, 0x65, 0xFF, 
0x16, 0x65, 0x65, 0xFF, 0x16, 0x65, 0x65, 0xFF, 0x10, 0x61, 0x63, 0xFF, 
0x0B, 0x58, 0x5A, 0xFF, 0x00, 0x45, 0x4A, 0xFF, 0x00, 0x45, 0x4A, 0xFF, 
0x00, 0x49, 0x4A, 0xFF, 0x00, 0x49, 0x4A, 0xFF, 0x00, 0x49, 0x4A, 0x90, 
0x00, 0x17, 0x18, 0x00, 0x00, 0x00, 0x00, 0x00, 0x00, 0x00, 0x00, 0x00, 
0x00, 0x00, 0x00, 0x00, 0x00, 0x00, 0x00, 0x00, 0x00, 0x00, 0x00, 0x00, 
0x00, 0x00, 0x00, 0x00, 0x00, 0x00, 0x00, 0x00, 0x00, 0x00, 0x00, 0x00, 
0x00, 0x00, 0x00, 0x00, 0x00, 0x00, 0x00, 0x00, 0x00, 0x00, 0x00, 0x00, 
0x00, 0x00, 0x00, 0x00, 0x00, 0x00, 0x00, 0x00, 0x00, 0x00, 0x00, 0x00, 
0x00, 0x00, 0x00, 0x00, 0x00, 0x00, 0x00, 0x00, 0x00, 0x00, 0x00, 0x00, 
0x00, 0x00, 0x00, 0x00, 0x00, 0x00, 0x00, 0x00, 0x00, 0x00, 0x00, 0x00, 
0x00, 0x00, 0x00, 0x00, 0x00, 0x00, 0x00, 0x00, 0x00, 0x00, 0x00, 0x00, 
0x00, 0x00, 0x00, 0x00, 0x00, 0x00, 0x00, 0x00, 0x00, 0x00, 0x00, 0x00, 
0x00, 0x00, 0x00, 0x00, 0x00, 0x00, 0x00, 0x00, 0x00, 0x00, 0x00, 0x00, 
0x00, 0x00, 0x00, 0x00, 0x10, 0x5D, 0x63, 0xB7, 0x10, 0x5D, 0x63, 0xFF, 
0x16, 0x65, 0x65, 0xFF, 0x16, 0x65, 0x65, 0xFF, 0x16, 0x65, 0x65, 0xFF, 
0x16, 0x65, 0x65, 0xFF, 0x16, 0x65, 0x65, 0xFF, 0x16, 0x65, 0x65, 0xFF, 
0x16, 0x65, 0x65, 0xFF, 0x16, 0x65, 0x65, 0xFF, 0x16, 0x65, 0x65, 0xFF, 
0x16, 0x65, 0x65, 0xFF, 0x16, 0x65, 0x65, 0xFF, 0x16, 0x65, 0x65, 0xFF, 
0x16, 0x65, 0x65, 0xFF, 0x16, 0x65, 0x65, 0xFF, 0x16, 0x65, 0x65, 0xFF, 
0x16, 0x65, 0x65, 0xFF, 0x16, 0x65, 0x65, 0xFF, 0x16, 0x65, 0x65, 0xFF, 
0x16, 0x65, 0x65, 0xFF, 0x16, 0x65, 0x65, 0xFF, 0x16, 0x65, 0x65, 0xFF, 
0x16, 0x65, 0x65, 0xFF, 0x16, 0x65, 0x65, 0xFF, 0x16, 0x65, 0x65, 0xFF, 
0x10, 0x61, 0x63, 0xFF, 0x0B, 0x58, 0x5A, 0xFF, 0x00, 0x45, 0x4A, 0xFF, 
0x00, 0x45, 0x4A, 0xFF, 0x00, 0x49, 0x4A, 0xFF, 0x00, 0x49, 0x4A, 0x90, 
0x00, 0x17, 0x18, 0x00, 0x00, 0x00, 0x00, 0x00, 0x00, 0x00, 0x00, 0x00, 
0x00, 0x00, 0x00, 0x00, 0x00, 0x00, 0x00, 0x00, 0x00, 0x00, 0x00, 0x00, 
0x00, 0x00, 0x00, 0x00, 0x00, 0x00, 0x00, 0x00, 0x00, 0x00, 0x00, 0x00, 
0x00, 0x00, 0x00, 0x00, 0x00, 0x00, 0x00, 0x00, 0x00, 0x00, 0x00, 0x00, 
0x00, 0x00, 0x00, 0x00, 0x00, 0x00, 0x00, 0x00, 0x00, 0x00, 0x00, 0x00, 
0x00, 0x00, 0x00, 0x00, 0x00, 0x00, 0x00, 0x00, 0x00, 0x00, 0x00, 0x00, 
0x00, 0x00, 0x00, 0x00, 0x00, 0x00, 0x00, 0x00, 0x00, 0x00, 0x00, 0x00, 
0x00, 0x00, 0x00, 0x00, 0x00, 0x00, 0x00, 0x00, 0x00, 0x00, 0x00, 0x00, 
0x00, 0x00, 0x00, 0x00, 0x00, 0x00, 0x00, 0x00, 0x00, 0x00, 0x00, 0x00, 
0x00, 0x00, 0x00, 0x00, 0x00, 0x00, 0x00, 0x00, 0x00, 0x00, 0x00, 0x00, 
0x00, 0x00, 0x00, 0x00, 0x00, 0x00, 0x00, 0x00, 0x10, 0x5D, 0x63, 0xB7, 
0x10, 0x5D, 0x63, 0xFF, 0x16, 0x65, 0x65, 0xFF, 0x16, 0x65, 0x65, 0xFF, 
0x16, 0x65, 0x65, 0xFF, 0x16, 0x65, 0x65, 0xFF, 0x16, 0x65, 0x65, 0xFF, 
0x16, 0x65, 0x65, 0xFF, 0x16, 0x65, 0x65, 0xFF, 0x16, 0x65, 0x65, 0xFF, 
0x16, 0x65, 0x65, 0xFF, 0x16, 0x65, 0x65, 0xFF, 0x16, 0x65, 0x65, 0xFF, 
0x16, 0x65, 0x65, 0xFF, 0x16, 0x65, 0x65, 0xFF, 0x16, 0x65, 0x65, 0xFF, 
0x16, 0x65, 0x65, 0xFF, 0x16, 0x65, 0x65, 0xFF, 0x16, 0x65, 0x65, 0xFF, 
0x16, 0x65, 0x65, 0xFF, 0x16, 0x65, 0x65, 0xFF, 0x16, 0x65, 0x65, 0xFF, 
0x16, 0x65, 0x65, 0xFF, 0x16, 0x65, 0x65, 0xFF, 0x16, 0x65, 0x65, 0xFF, 
0x16, 0x65, 0x65, 0xFF, 0x10, 0x61, 0x63, 0xFF, 0x0B, 0x58, 0x5A, 0xFF, 
0x00, 0x45, 0x4A, 0xFF, 0x00, 0x45, 0x4A, 0xFF, 0x00, 0x49, 0x4A, 0x90, 
0x00, 0x17, 0x18, 0x00, 0x00, 0x00, 0x00, 0x00, 0x00, 0x00, 0x00, 0x00, 
0x00, 0x00, 0x00, 0x00, 0x00, 0x00, 0x00, 0x00, 0x00, 0x00, 0x00, 0x00, 
0x00, 0x00, 0x00, 0x00, 0x00, 0x00, 0x00, 0x00, 0x00, 0x00, 0x00, 0x00, 
0x00, 0x00, 0x00, 0x00, 0x00, 0x00, 0x00, 0x00, 0x00, 0x00, 0x00, 0x00, 
0x00, 0x00, 0x00, 0x00, 0x00, 0x00, 0x00, 0x00, 0x00, 0x00, 0x00, 0x00, 
0x00, 0x00, 0x00, 0x00, 0x00, 0x00, 0x00, 0x00, 0x00, 0x00, 0x00, 0x00, 
0x00, 0x00, 0x00, 0x00, 0x00, 0x00, 0x00, 0x00, 0x00, 0x00, 0x00, 0x00, 
0x00, 0x00, 0x00, 0x00, 0x00, 0x00, 0x00, 0x00, 0x00, 0x00, 0x00, 0x00, 
0x00, 0x00, 0x00, 0x00, 0x00, 0x00, 0x00, 0x00, 0x00, 0x00, 0x00, 0x00, 
0x00, 0x00, 0x00, 0x00, 0x00, 0x00, 0x00, 0x00, 0x00, 0x00, 0x00, 0x00, 
0x00, 0x00, 0x00, 0x00, 0x00, 0x00, 0x00, 0x00, 0x00, 0x00, 0x00, 0x00, 
0x10, 0x5D, 0x63, 0xB7, 0x10, 0x5D, 0x63, 0xFF, 0x16, 0x65, 0x65, 0xFF, 
0x16, 0x65, 0x65, 0xFF, 0x16, 0x65, 0x65, 0xFF, 0x16, 0x65, 0x65, 0xFF, 
0x16, 0x65, 0x65, 0xFF, 0x16, 0x65, 0x65, 0xFF, 0x16, 0x65, 0x65, 0xFF, 
0x16, 0x65, 0x65, 0xFF, 0x16, 0x65, 0x65, 0xFF, 0x16, 0x65, 0x65, 0xFF, 
0x16, 0x65, 0x65, 0xFF, 0x16, 0x65, 0x65, 0xFF, 0x16, 0x65, 0x65, 0xFF, 
0x16, 0x65, 0x65, 0xFF, 0x16, 0x65, 0x65, 0xFF, 0x16, 0x65, 0x65, 0xFF, 
0x16, 0x65, 0x65, 0xFF, 0x16, 0x65, 0x65, 0xFF, 0x16, 0x65, 0x65, 0xFF, 
0x16, 0x65, 0x65, 0xFF, 0x16, 0x65, 0x65, 0xFF, 0x16, 0x65, 0x65, 0xFF, 
0x16, 0x65, 0x65, 0xFF, 0x16, 0x65, 0x65, 0xFF, 0x10, 0x61, 0x63, 0xFF, 
0x10, 0x61, 0x63, 0xFF, 0x0B, 0x43, 0x42, 0xFF, 0x0B, 0x43, 0x42, 0x90, 
0x00, 0x1C, 0x18, 0x03, 0x00, 0x00, 0x00, 0x00, 0x00, 0x00, 0x00, 0x00, 
0x00, 0x00, 0x00, 0x00, 0x00, 0x00, 0x00, 0x00, 0x00, 0x00, 0x00, 0x00, 
0x00, 0x00, 0x00, 0x00, 0x00, 0x00, 0x00, 0x00, 0x00, 0x00, 0x00, 0x00, 
0x00, 0x00, 0x00, 0x00, 0x00, 0x00, 0x00, 0x00, 0x00, 0x00, 0x00, 0x00, 
0x00, 0x00, 0x00, 0x00, 0x00, 0x00, 0x00, 0x00, 0x00, 0x00, 0x00, 0x00, 
0x00, 0x00, 0x00, 0x00, 0x00, 0x00, 0x00, 0x00, 0x00, 0x00, 0x00, 0x00, 
0x00, 0x00, 0x00, 0x00, 0x00, 0x00, 0x00, 0x00, 0x00, 0x00, 0x00, 0x00, 
0x00, 0x00, 0x00, 0x00, 0x00, 0x00, 0x00, 0x00, 0x00, 0x00, 0x00, 0x00, 
0x00, 0x00, 0x00, 0x00, 0x00, 0x00, 0x00, 0x00, 0x00, 0x00, 0x00, 0x00, 
0x00, 0x00, 0x00, 0x00, 0x00, 0x00, 0x00, 0x00, 0x00, 0x00, 0x00, 0x00, 
0x00, 0x00, 0x00, 0x00, 0x00, 0x00, 0x00, 0x00, 0x00, 0x00, 0x00, 0x00, 
0x00, 0x00, 0x00, 0x00, 0x10, 0x5D, 0x63, 0xB7, 0x10, 0x5D, 0x63, 0xFF, 
0x16, 0x65, 0x65, 0xFF, 0x16, 0x65, 0x65, 0xFF, 0x16, 0x65, 0x65, 0xFF, 
0x16, 0x65, 0x65, 0xFF, 0x16, 0x65, 0x65, 0xFF, 0x16, 0x65, 0x65, 0xFF, 
0x16, 0x65, 0x65, 0xFF, 0x16, 0x65, 0x65, 0xFF, 0x16, 0x65, 0x65, 0xFF, 
0x16, 0x65, 0x65, 0xFF, 0x16, 0x65, 0x65, 0xFF, 0x16, 0x65, 0x65, 0xFF, 
0x16, 0x65, 0x65, 0xFF, 0x16, 0x65, 0x65, 0xFF, 0x16, 0x65, 0x65, 0xFF, 
0x16, 0x65, 0x65, 0xFF, 0x16, 0x65, 0x65, 0xFF, 0x16, 0x65, 0x65, 0xFF, 
0x16, 0x65, 0x65, 0xFF, 0x16, 0x65, 0x65, 0xFF, 0x16, 0x65, 0x65, 0xFF, 
0x16, 0x65, 0x65, 0xFF, 0x16, 0x65, 0x65, 0xFF, 0x16, 0x65, 0x65, 0xFF, 
0x10, 0x61, 0x63, 0xFF, 0x10, 0x61, 0x63, 0xFF, 0x0B, 0x43, 0x42, 0x90, 
0x05, 0x1E, 0x21, 0x00, 0x00, 0x00, 0x00, 0x00, 0x00, 0x00, 0x00, 0x00, 
0x00, 0x00, 0x00, 0x00, 0x00, 0x00, 0x00, 0x00, 0x00, 0x00, 0x00, 0x00, 
0x00, 0x00, 0x00, 0x00, 0x00, 0x00, 0x00, 0x00, 0x00, 0x00, 0x00, 0x00, 
0x00, 0x00, 0x00, 0x00, 0x00, 0x00, 0x00, 0x00, 0x00, 0x00, 0x00, 0x00, 
0x00, 0x00, 0x00, 0x00, 0x00, 0x00, 0x00, 0x00, 0x00, 0x00, 0x00, 0x00, 
0x00, 0x00, 0x00, 0x00, 0x00, 0x00, 0x00, 0x00, 0x00, 0x00, 0x00, 0x00, 
0x00, 0x00, 0x00, 0x00, 0x00, 0x00, 0x00, 0x00, 0x00, 0x00, 0x00, 0x00, 
0x00, 0x00, 0x00, 0x00, 0x00, 0x00, 0x00, 0x00, 0x00, 0x00, 0x00, 0x00, 
0x00, 0x00, 0x00, 0x00, 0x00, 0x00, 0x00, 0x00, 0x00, 0x00, 0x00, 0x00, 
0x00, 0x00, 0x00, 0x00, 0x00, 0x00, 0x00, 0x00, 0x00, 0x00, 0x00, 0x00, 
0x00, 0x00, 0x00, 0x00, 0x00, 0x00, 0x00, 0x00, 0x00, 0x00, 0x00, 0x00, 
0x00, 0x00, 0x00, 0x00, 0x00, 0x00, 0x00, 0x00, 0x10, 0x5D, 0x63, 0xB7, 
0x10, 0x5D, 0x63, 0xFF, 0x16, 0x65, 0x65, 0xFF, 0x16, 0x65, 0x65, 0xFF, 
0x16, 0x65, 0x65, 0xFF, 0x16, 0x65, 0x65, 0xFF, 0x16, 0x65, 0x65, 0xFF, 
0x16, 0x65, 0x65, 0xFF, 0x16, 0x65, 0x65, 0xFF, 0x16, 0x65, 0x65, 0xFF, 
0x16, 0x65, 0x65, 0xFF, 0x16, 0x65, 0x65, 0xFF, 0x16, 0x65, 0x65, 0xFF, 
0x16, 0x65, 0x65, 0xFF, 0x16, 0x65, 0x65, 0xFF, 0x16, 0x65, 0x65, 0xFF, 
0x16, 0x65, 0x65, 0xFF, 0x16, 0x65, 0x65, 0xFF, 0x16, 0x65, 0x65, 0xFF, 
0x16, 0x65, 0x65, 0xFF, 0x16, 0x65, 0x65, 0xFF, 0x16, 0x65, 0x65, 0xFF, 
0x16, 0x65, 0x65, 0xFF, 0x16, 0x65, 0x65, 0xFF, 0x16, 0x65, 0x65, 0xFF, 
0x16, 0x65, 0x65, 0xFF, 0x10, 0x61, 0x63, 0xFF, 0x0B, 0x43, 0x42, 0x90, 
0x05, 0x1E, 0x21, 0x00, 0x00, 0x00, 0x00, 0x00, 0x00, 0x00, 0x00, 0x00, 
0x00, 0x00, 0x00, 0x00, 0x00, 0x00, 0x00, 0x00, 0x00, 0x00, 0x00, 0x00, 
0x00, 0x00, 0x00, 0x00, 0x00, 0x00, 0x00, 0x00, 0x00, 0x00, 0x00, 0x00, 
0x00, 0x00, 0x00, 0x00, 0x00, 0x00, 0x00, 0x00, 0x00, 0x00, 0x00, 0x00, 
0x00, 0x00, 0x00, 0x00, 0x00, 0x00, 0x00, 0x00, 0x00, 0x00, 0x00, 0x00, 
0x00, 0x00, 0x00, 0x00, 0x00, 0x00, 0x00, 0x00, 0x00, 0x00, 0x00, 0x00, 
0x00, 0x00, 0x00, 0x00, 0x00, 0x00, 0x00, 0x00, 0x00, 0x00, 0x00, 0x00, 
0x00, 0x00, 0x00, 0x00, 0x00, 0x00, 0x00, 0x00, 0x00, 0x00, 0x00, 0x00, 
0x00, 0x00, 0x00, 0x00, 0x00, 0x00, 0x00, 0x00, 0x00, 0x00, 0x00, 0x00, 
0x00, 0x00, 0x00, 0x00, 0x00, 0x00, 0x00, 0x00, 0x00, 0x00, 0x00, 0x00, 
0x00, 0x00, 0x00, 0x00, 0x00, 0x00, 0x00, 0x00, 0x00, 0x00, 0x00, 0x00, 
0x00, 0x00, 0x00, 0x00, 0x00, 0x00, 0x00, 0x00, 0x00, 0x00, 0x00, 0x00, 
0x10, 0x5D, 0x63, 0xB7, 0x10, 0x5D, 0x63, 0xFF, 0x16, 0x65, 0x65, 0xFF, 
0x16, 0x65, 0x65, 0xFF, 0x16, 0x65, 0x65, 0xFF, 0x16, 0x65, 0x65, 0xFF, 
0x16, 0x65, 0x65, 0xFF, 0x16, 0x65, 0x65, 0xFF, 0x16, 0x65, 0x65, 0xFF, 
0x16, 0x65, 0x65, 0xFF, 0x16, 0x65, 0x65, 0xFF, 0x16, 0x65, 0x65, 0xFF, 
0x16, 0x65, 0x65, 0xFF, 0x16, 0x65, 0x65, 0xFF, 0x16, 0x65, 0x65, 0xFF, 
0x16, 0x65, 0x65, 0xFF, 0x16, 0x65, 0x65, 0xFF, 0x16, 0x65, 0x65, 0xFF, 
0x16, 0x65, 0x65, 0xFF, 0x16, 0x65, 0x65, 0xFF, 0x16, 0x65, 0x65, 0xFF, 
0x16, 0x65, 0x65, 0xFF, 0x16, 0x65, 0x65, 0xFF, 0x16, 0x65, 0x65, 0xFF, 
0x16, 0x65, 0x65, 0xFF, 0x16, 0x65, 0x65, 0xFF, 0x10, 0x61, 0x63, 0x90, 
0x05, 0x1E, 0x21, 0x00, 0x00, 0x00, 0x00, 0x00, 0x00, 0x00, 0x00, 0x00, 
0x00, 0x00, 0x00, 0x00, 0x00, 0x00, 0x00, 0x00, 0x00, 0x00, 0x00, 0x00, 
0x00, 0x00, 0x00, 0x00, 0x00, 0x00, 0x00, 0x00, 0x00, 0x00, 0x00, 0x00, 
0x00, 0x00, 0x00, 0x00, 0x00, 0x00, 0x00, 0x00, 0x00, 0x00, 0x00, 0x00, 
0x00, 0x00, 0x00, 0x00, 0x00, 0x00, 0x00, 0x00, 0x00, 0x00, 0x00, 0x00, 
0x00, 0x00, 0x00, 0x00, 0x00, 0x00, 0x00, 0x00, 0x00, 0x00, 0x00, 0x00, 
0x00, 0x00, 0x00, 0x00, 0x00, 0x00, 0x00, 0x00, 0x00, 0x00, 0x00, 0x00, 
0x00, 0x00, 0x00, 0x00, 0x00, 0x00, 0x00, 0x00, 0x00, 0x00, 0x00, 0x00, 
0x00, 0x00, 0x00, 0x00, 0x00, 0x00, 0x00, 0x00, 0x00, 0x00, 0x00, 0x00, 
0x00, 0x00, 0x00, 0x00, 0x00, 0x00, 0x00, 0x00, 0x00, 0x00, 0x00, 0x00, 
0x00, 0x00, 0x00, 0x00, 0x00, 0x00, 0x00, 0x00, 0x00, 0x00, 0x00, 0x00, 
0x00, 0x00, 0x00, 0x00, 0x00, 0x00, 0x00, 0x00, 0x00, 0x00, 0x00, 0x00, 
0x00, 0x00, 0x00, 0x00, 0x10, 0x59, 0x5A, 0xB7, 0x10, 0x59, 0x5A, 0xFF, 
0x10, 0x5D, 0x63, 0xFF, 0x10, 0x5D, 0x63, 0xFF, 0x10, 0x5D, 0x63, 0xFF, 
0x10, 0x5D, 0x63, 0xFF, 0x10, 0x5D, 0x63, 0xFF, 0x10, 0x5D, 0x63, 0xFF, 
0x10, 0x5D, 0x63, 0xFF, 0x10, 0x5D, 0x63, 0xFF, 0x10, 0x5D, 0x63, 0xFF, 
0x10, 0x5D, 0x63, 0xFF, 0x10, 0x5D, 0x63, 0xFF, 0x10, 0x5D, 0x63, 0xFF, 
0x10, 0x5D, 0x63, 0xFF, 0x10, 0x5D, 0x63, 0xFF, 0x10, 0x5D, 0x63, 0xFF, 
0x10, 0x5D, 0x63, 0xFF, 0x10, 0x5D, 0x63, 0xFF, 0x10, 0x5D, 0x63, 0xFF, 
0x10, 0x5D, 0x63, 0xFF, 0x10, 0x5D, 0x63, 0xFF, 0x10, 0x5D, 0x63, 0xFF, 
0x10, 0x5D, 0x63, 0xFF, 0x10, 0x5D, 0x63, 0xFF, 0x10, 0x5D, 0x63, 0x90, 
0x00, 0x24, 0x21, 0x04, 0x00, 0x00, 0x00, 0x00, 0x00, 0x00, 0x00, 0x00, 
0x00, 0x00, 0x00, 0x00, 0x00, 0x00, 0x00, 0x00, 0x00, 0x00, 0x00, 0x00, 
0x00, 0x00, 0x00, 0x00, 0x00, 0x00, 0x00, 0x00, 0x00, 0x00, 0x00, 0x00, 
0x00, 0x00, 0x00, 0x00, 0x00, 0x00, 0x00, 0x00, 0x00, 0x00, 0x00, 0x00, 
0x00, 0x00, 0x00, 0x00, 0x00, 0x00, 0x00, 0x00, 0x00, 0x00, 0x00, 0x00, 
0x00, 0x00, 0x00, 0x00, 0x00, 0x00, 0x00, 0x00, 0x00, 0x00, 0x00, 0x00, 
0x00, 0x00, 0x00, 0x00, 0x00, 0x00, 0x00, 0x00, 0x00, 0x00, 0x00, 0x00, 
0x00, 0x00, 0x00, 0x00, 0x00, 0x00, 0x00, 0x00, 0x00, 0x00, 0x00, 0x00, 
0x00, 0x00, 0x00, 0x00, 0x00, 0x00, 0x00, 0x00, 0x00, 0x00, 0x00, 0x00, 
0x00, 0x00, 0x00, 0x00, 0x00, 0x00, 0x00, 0x00, 0x00, 0x00, 0x00, 0x00, 
0x00, 0x00, 0x00, 0x00, 0x00, 0x00, 0x00, 0x00, 0x00, 0x00, 0x00, 0x00, 
0x00, 0x00, 0x00, 0x00, 0x00, 0x00, 0x00, 0x00, 0x00, 0x00, 0x00, 0x00, 
0x00, 0x00, 0x00, 0x00, 0x00, 0x00, 0x00, 0x00, 0x10, 0x59, 0x5A, 0x48, 
0x10, 0x59, 0x5A, 0xB7, 0x10, 0x5D, 0x63, 0xB7, 0x10, 0x5D, 0x63, 0xB7, 
0x10, 0x5D, 0x63, 0xB7, 0x10, 0x5D, 0x63, 0xB7, 0x10, 0x5D, 0x63, 0xB7, 
0x10, 0x5D, 0x63, 0xB7, 0x10, 0x5D, 0x63, 0xB7, 0x10, 0x5D, 0x63, 0xB7, 
0x10, 0x5D, 0x63, 0xB7, 0x10, 0x5D, 0x63, 0xB7, 0x10, 0x5D, 0x63, 0xB7, 
0x10, 0x5D, 0x63, 0xB7, 0x10, 0x5D, 0x63, 0xB7, 0x10, 0x5D, 0x63, 0xB7, 
0x10, 0x5D, 0x63, 0xB7, 0x10, 0x5D, 0x63, 0xB7, 0x10, 0x5D, 0x63, 0xB7, 
0x10, 0x5D, 0x63, 0xB7, 0x10, 0x5D, 0x63, 0xB7, 0x10, 0x5D, 0x63, 0xB7, 
0x10, 0x5D, 0x63, 0xB7, 0x10, 0x5D, 0x63, 0x90, 0x10, 0x5D, 0x63, 0x24, 
0x05, 0x1D, 0x21, 0x00, 0x00, 0x00, 0x00, 0x00, 0x00, 0x00, 0x00, 0x00, 
0x00, 0x00, 0x00, 0x00, 0x00, 0x00, 0x00, 0x00, 0x00, 0x00, 0x00, 0x00, 
0x00, 0x00, 0x00, 0x00, 0x00, 0x00, 0x00, 0x00, 0x00, 0x00, 0x00, 0x00, 
0x00, 0x00, 0x00, 0x00, 0x00, 0x00, 0x00, 0x00, 0x00, 0x00, 0x00, 0x00, 
0x00, 0x00, 0x00, 0x00, 0x00, 0x00, 0x00, 0x00, 0x00, 0x00, 0x00, 0x00, 
0x00, 0x00, 0x00, 0x00, 0x00, 0x00, 0x00, 0x00, 0x00, 0x00, 0x00, 0x00, 
0x00, 0x00, 0x00, 0x00, 0x00, 0x00, 0x00, 0x00, 0x00, 0x00, 0x00, 0x00, 
0x00, 0x00, 0x00, 0x00, 0x00, 0x00, 0x00, 0x00, 0x00, 0x00, 0x00, 0x00, 
0x00, 0x00, 0x00, 0x00, 0x00, 0x00, 0x00, 0x00, 0x00, 0x00, 0x00, 0x00, 
0x00, 0x00, 0x00, 0x00, 0x00, 0x00, 0x00, 0x00, 0x00, 0x00, 0x00, 0x00, 
0x00, 0x00, 0x00, 0x00, 0x00, 0x00, 0x00, 0x00, 0x00, 0x00, 0x00, 0x00, 
0x00, 0x00, 0x00, 0x00, 0x00, 0x00, 0x00, 0x00, 0x00, 0x00, 0x00, 0x00, 
0x00, 0x00, 0x00, 0x00, 0x00, 0x00, 0x00, 0x00, 0x00, 0x00, 0x00, 0x00, 
0x00, 0x00, 0x00, 0x00, 0x00, 0x00, 0x00, 0x00, 0x00, 0x00, 0x00, 0x00, 
0x00, 0x00, 0x00, 0x00, 0x00, 0x00, 0x00, 0x00, 0x00, 0x00, 0x00, 0x00, 
0x00, 0x00, 0x00, 0x00, 0x00, 0x00, 0x00, 0x00, 0x00, 0x00, 0x00, 0x00, 
0x00, 0x00, 0x00, 0x00, 0x00, 0x00, 0x00, 0x00, 0x00, 0x00, 0x00, 0x00, 
0x00, 0x00, 0x00, 0x00, 0x00, 0x00, 0x00, 0x00, 0x00, 0x00, 0x00, 0x00, 
0x00, 0x00, 0x00, 0x00, 0x00, 0x00, 0x00, 0x00, 0x00, 0x00, 0x00, 0x00, 
0x00, 0x00, 0x00, 0x00, 0x00, 0x00, 0x00, 0x00, 0x00, 0x00, 0x00, 0x00, 
0x00, 0x00, 0x00, 0x00, 0x00, 0x00, 0x00, 0x00, 0x00, 0x00, 0x00, 0x00, 
0x00, 0x00, 0x00, 0x00, 0x00, 0x00, 0x00, 0x00, 0x00, 0x00, 0x00, 0x00, 
0x00, 0x00, 0x00, 0x00, 0x00, 0x00, 0x00, 0x00, 0x00, 0x00, 0x00, 0x00, 
0x00, 0x00, 0x00, 0x00, 0x00, 0x00, 0x00, 0x00, 0x00, 0x00, 0x00, 0x00, 
0x00, 0x00, 0x00, 0x00, 0x00, 0x00, 0x00, 0x00, 0x00, 0x00, 0x00, 0x00, 
0x00, 0x00, 0x00, 0x00, 0x00, 0x00, 0x00, 0x00, 0x00, 0x00, 0x00, 0x00, 
0x00, 0x00, 0x00, 0x00, 0x00, 0x00, 0x00, 0x00, 0x00, 0x00, 0x00, 0x00, 
0x00, 0x00, 0x00, 0x00, 0x00, 0x00, 0x00, 0x00, 0x00, 0x00, 0x00, 0x00, 
0x00, 0x00, 0x00, 0x00, 0x00, 0x00, 0x00, 0x00, 0x00, 0x00, 0x00, 0x00, 
0x00, 0x00, 0x00, 0x00, 0x00, 0x00, 0x00, 0x00, 0x00, 0x00, 0x00, 0x00, 
0x00, 0x00, 0x00, 0x00, 0x00, 0x00, 0x00, 0x00, 0x00, 0x00, 0x00, 0x00, 
0x00, 0x00, 0x00, 0x00, 0x00, 0x00, 0x00, 0x00, 0x00, 0x00, 0x00, 0x00, 
0x00, 0x00, 0x00, 0x00, 0x00, 0x00, 0x00, 0x00, 0x00, 0x00, 0x00, 0x00, 
0x00, 0x00, 0x00, 0x00, 0x00, 0x00, 0x00, 0x00, 0x00, 0x00, 0x00, 0x00, 
0x00, 0x00, 0x00, 0x00, 0x00, 0x00, 0x00, 0x00, 0x00, 0x00, 0x00, 0x00, 
0x00, 0x00, 0x00, 0x00, 0x00, 0x00, 0x00, 0x00, 0x00, 0x00, 0x00, 0x00, 
0x00, 0x00, 0x00, 0x00, 0x00, 0x00, 0x00, 0x00, 0x00, 0x00, 0x00, 0x00, 
0x00, 0x00, 0x00, 0x00, 0x00, 0x00, 0x00, 0x00, 0x00, 0x00, 0x00, 0x00, 
0x00, 0x00, 0x00, 0x00, 0x00, 0x00, 0x00, 0x00, 0x00, 0x00, 0x00, 0x00, 
0x00, 0x00, 0x00, 0x00, 0x00, 0x00, 0x00, 0x00, 0x00, 0x00, 0x00, 0x00, 
0x00, 0x00, 0x00, 0x00, 0x00, 0x00, 0x00, 0x00, 0x00, 0x00, 0x00, 0x00, 
0x00, 0x00, 0x00, 0x00, 0x00, 0x00, 0x00, 0x00, 0x00, 0x00, 0x00, 0x00, 
0x00, 0x00, 0x00, 0x00, 0x00, 0x00, 0x00, 0x00, 0x00, 0x00, 0x00, 0x00, 
0x00, 0x00, 0x00, 0x00, 0x00, 0x00, 0x00, 0x00, 0x00, 0x00, 0x00, 0x00, 
0x00, 0x00, 0x00, 0x00, 0x00, 0x00, 0x00, 0x00, 0x00, 0x00, 0x00, 0x00, 
0x00, 0x00, 0x00, 0x00, 0x00, 0x00, 0x00, 0x00, 0x00, 0x00, 0x00, 0x00, 
0x00, 0x00, 0x00, 0x00, 0x00, 0x00, 0x00, 0x00, 0x00, 0x00, 0x00, 0x00, 
0x00, 0x00, 0x00, 0x00, 0x00, 0x00, 0x00, 0x00, 0x00, 0x00, 0x00, 0x00, 
0x00, 0x00, 0x00, 0x00, 0x00, 0x00, 0x00, 0x00, 0x00, 0x00, 0x00, 0x00, 
0x00, 0x00, 0x00, 0x00, 0x00, 0x00, 0x00, 0x00, 0x00, 0x00, 0x00, 0x00, 
0x00, 0x00, 0x00, 0x00, 0x00, 0x00, 0x00, 0x00, 0x00, 0x00, 0x00, 0x00, 
0x00, 0x00, 0x00, 0x00, 0x00, 0x00, 0x00, 0x00, 0x00, 0x00, 0x00, 0x00, 
0x00, 0x00, 0x00, 0x00
        };
    }
}