using GameCreator.Runtime.Common;
using UnityEngine;

namespace Fullscreen.LogicBlock.Runtime
{
    public class IconBlockActions : TIcon
    {
        public IconBlockActions(ColorTheme.Type color, IIcon overlay = null):this(ColorTheme.Get(color), overlay){ }
        public IconBlockActions(Color color, IIcon overlay = null) : base(color, overlay) { }

        protected override byte[] Bytes => new byte[]
        {
           0x00, 0x00, 0x00, 0x00, 0x00, 0x00, 0x00, 0x00, 0x00, 0x00, 0x00, 0x00, 
0x00, 0x00, 0x00, 0x00, 0x00, 0x00, 0x00, 0x00, 0x00, 0x00, 0x00, 0x00, 
0x00, 0x00, 0x00, 0x00, 0x00, 0x00, 0x00, 0x00, 0x00, 0x00, 0x00, 0x00, 
0x00, 0x00, 0x00, 0x00, 0x00, 0x00, 0x00, 0x00, 0x00, 0x00, 0x00, 0x00, 
0x00, 0x00, 0x00, 0x00, 0x00, 0x00, 0x00, 0x00, 0x00, 0x00, 0x00, 0x00, 
0x00, 0x00, 0x00, 0x00, 0x00, 0x00, 0x00, 0x00, 0x00, 0x00, 0x00, 0x00, 
0x00, 0x00, 0x00, 0x00, 0x00, 0x00, 0x00, 0x00, 0x00, 0x00, 0x00, 0x00, 
0x00, 0x00, 0x00, 0x00, 0x00, 0x00, 0x00, 0x00, 0x00, 0x00, 0x00, 0x00, 
0x00, 0x00, 0x00, 0x00, 0x00, 0x00, 0x00, 0x00, 0x00, 0x00, 0x00, 0x00, 
0x00, 0x00, 0x00, 0x00, 0x00, 0x00, 0x00, 0x00, 0x00, 0x00, 0x00, 0x00, 
0x00, 0x00, 0x00, 0x00, 0x00, 0x00, 0x00, 0x00, 0x00, 0x00, 0x00, 0x00, 
0x00, 0x00, 0x00, 0x00, 0x00, 0x00, 0x00, 0x00, 0x00, 0x00, 0x00, 0x00, 
0x00, 0x00, 0x00, 0x00, 0x00, 0x00, 0x00, 0x00, 0x00, 0x00, 0x00, 0x00, 
0x00, 0x00, 0x00, 0x00, 0x00, 0x00, 0x00, 0x00, 0x00, 0x00, 0x00, 0x00, 
0x00, 0x00, 0x00, 0x00, 0x00, 0x00, 0x00, 0x00, 0x00, 0x00, 0x00, 0x00, 
0x00, 0x00, 0x00, 0x00, 0x00, 0x00, 0x00, 0x00, 0x00, 0x00, 0x00, 0x00, 
0x00, 0x00, 0x00, 0x00, 0x00, 0x00, 0x00, 0x00, 0x00, 0x00, 0x00, 0x00, 
0x00, 0x00, 0x00, 0x00, 0x00, 0x00, 0x00, 0x00, 0x00, 0x00, 0x00, 0x00, 
0x00, 0x00, 0x00, 0x00, 0x00, 0x00, 0x00, 0x00, 0x00, 0x00, 0x00, 0x00, 
0x00, 0x00, 0x00, 0x00, 0x00, 0x00, 0x00, 0x00, 0x00, 0x00, 0x00, 0x00, 
0x00, 0x00, 0x00, 0x00, 0x00, 0x00, 0x00, 0x00, 0x00, 0x00, 0x00, 0x00, 
0x00, 0x00, 0x00, 0x00, 0x00, 0x00, 0x00, 0x00, 0x00, 0x00, 0x00, 0x00, 
0x00, 0x00, 0x00, 0x00, 0x00, 0x00, 0x00, 0x00, 0x00, 0x00, 0x00, 0x00, 
0x00, 0x00, 0x00, 0x00, 0x00, 0x00, 0x00, 0x00, 0x00, 0x00, 0x00, 0x00, 
0x00, 0x00, 0x00, 0x00, 0x00, 0x00, 0x00, 0x00, 0x00, 0x00, 0x00, 0x00, 
0x00, 0x00, 0x00, 0x00, 0x00, 0x00, 0x00, 0x00, 0x00, 0x00, 0x00, 0x00, 
0x00, 0x00, 0x00, 0x00, 0x00, 0x00, 0x00, 0x00, 0x00, 0x00, 0x00, 0x00, 
0x00, 0x00, 0x00, 0x00, 0x00, 0x00, 0x00, 0x00, 0x00, 0x00, 0x00, 0x00, 
0x00, 0x00, 0x00, 0x00, 0x00, 0x00, 0x00, 0x00, 0x00, 0x00, 0x00, 0x00, 
0x00, 0x00, 0x00, 0x00, 0x00, 0x00, 0x00, 0x00, 0x00, 0x00, 0x00, 0x00, 
0x00, 0x00, 0x00, 0x00, 0x00, 0x00, 0x00, 0x00, 0x00, 0x00, 0x00, 0x00, 
0x00, 0x00, 0x00, 0x00, 0x00, 0x00, 0x00, 0x00, 0x00, 0x00, 0x00, 0x00, 
0x00, 0x00, 0x00, 0x00, 0x00, 0x00, 0x00, 0x00, 0x00, 0x00, 0x00, 0x00, 
0x00, 0x00, 0x00, 0x00, 0x00, 0x00, 0x00, 0x00, 0x00, 0x00, 0x00, 0x00, 
0x00, 0x00, 0x00, 0x00, 0x00, 0x00, 0x00, 0x00, 0x00, 0x00, 0x00, 0x00, 
0x00, 0x00, 0x00, 0x00, 0x00, 0x00, 0x00, 0x00, 0x00, 0x00, 0x00, 0x00, 
0x00, 0x00, 0x00, 0x00, 0x00, 0x00, 0x00, 0x00, 0x00, 0x00, 0x00, 0x00, 
0x00, 0x00, 0x00, 0x00, 0x00, 0x00, 0x00, 0x00, 0x00, 0x00, 0x00, 0x00, 
0x00, 0x00, 0x00, 0x00, 0x00, 0x00, 0x00, 0x00, 0x00, 0x00, 0x00, 0x00, 
0x00, 0x00, 0x00, 0x00, 0x00, 0x00, 0x00, 0x00, 0x00, 0x00, 0x00, 0x00, 
0x00, 0x00, 0x00, 0x00, 0x00, 0x00, 0x00, 0x00, 0x00, 0x00, 0x00, 0x00, 
0x00, 0x00, 0x00, 0x00, 0x00, 0x00, 0x00, 0x00, 0x00, 0x00, 0x00, 0x00, 
0x00, 0x00, 0x00, 0x00, 0x00, 0x00, 0x00, 0x00, 0x00, 0x00, 0x00, 0x00, 
0x00, 0x00, 0x00, 0x00, 0x00, 0x00, 0x00, 0x00, 0x00, 0x00, 0x00, 0x00, 
0x00, 0x00, 0x00, 0x00, 0x00, 0x00, 0x00, 0x00, 0x00, 0x00, 0x00, 0x00, 
0x00, 0x00, 0x00, 0x00, 0x00, 0x00, 0x00, 0x00, 0x00, 0x00, 0x00, 0x00, 
0x10, 0x59, 0x5A, 0x48, 0x10, 0x59, 0x5A, 0xB7, 0x10, 0x5D, 0x63, 0xB7, 
0x10, 0x5D, 0x63, 0xB7, 0x10, 0x5D, 0x63, 0xB7, 0x10, 0x5D, 0x63, 0xB7, 
0x10, 0x5D, 0x63, 0xB7, 0x10, 0x5D, 0x63, 0xB7, 0x10, 0x5D, 0x63, 0xB7, 
0x10, 0x5D, 0x63, 0xB7, 0x10, 0x5D, 0x63, 0xB7, 0x10, 0x5D, 0x63, 0xB7, 
0x10, 0x5D, 0x63, 0xB7, 0x10, 0x5D, 0x63, 0xB7, 0x10, 0x5D, 0x63, 0xB7, 
0x10, 0x5D, 0x63, 0xB7, 0x10, 0x5D, 0x63, 0xB7, 0x10, 0x5D, 0x63, 0xB7, 
0x10, 0x5D, 0x63, 0xB7, 0x10, 0x5D, 0x63, 0xB7, 0x10, 0x5D, 0x63, 0xB7, 
0x10, 0x5D, 0x63, 0xB7, 0x10, 0x5D, 0x63, 0xB7, 0x10, 0x5D, 0x63, 0xB7, 
0x10, 0x5D, 0x63, 0xB7, 0x10, 0x5D, 0x63, 0xB7, 0x10, 0x5D, 0x63, 0xB7, 
0x10, 0x5D, 0x63, 0xB7, 0x10, 0x5D, 0x63, 0xB7, 0x10, 0x5D, 0x63, 0xB7, 
0x10, 0x5D, 0x63, 0xB7, 0x10, 0x5D, 0x63, 0xB7, 0x10, 0x5D, 0x63, 0xB7, 
0x10, 0x5D, 0x63, 0xB7, 0x10, 0x5D, 0x63, 0xB7, 0x10, 0x5D, 0x63, 0xB7, 
0x10, 0x5D, 0x63, 0xB7, 0x10, 0x5D, 0x63, 0xB7, 0x10, 0x61, 0x63, 0xB7, 
0x10, 0x61, 0x63, 0xB7, 0x0B, 0x43, 0x42, 0xB7, 0x0B, 0x43, 0x42, 0xB7, 
0x08, 0x4D, 0x4A, 0xB7, 0x08, 0x4D, 0x4A, 0x48, 0x00, 0x00, 0x00, 0x00, 
0x00, 0x00, 0x00, 0x00, 0x00, 0x00, 0x00, 0x00, 0x00, 0x00, 0x00, 0x00, 
0x00, 0x00, 0x00, 0x00, 0x00, 0x00, 0x00, 0x00, 0x00, 0x00, 0x00, 0x00, 
0x00, 0x00, 0x00, 0x00, 0x00, 0x00, 0x00, 0x00, 0x00, 0x00, 0x00, 0x00, 
0x00, 0x00, 0x00, 0x00, 0x00, 0x00, 0x00, 0x00, 0x00, 0x00, 0x00, 0x00, 
0x00, 0x00, 0x00, 0x00, 0x00, 0x00, 0x00, 0x00, 0x00, 0x00, 0x00, 0x00, 
0x00, 0x00, 0x00, 0x00, 0x00, 0x00, 0x00, 0x00, 0x00, 0x00, 0x00, 0x00, 
0x00, 0x00, 0x00, 0x00, 0x10, 0x59, 0x5A, 0xB7, 0x10, 0x59, 0x5A, 0xFF, 
0x10, 0x5D, 0x63, 0xFF, 0x10, 0x5D, 0x63, 0xFF, 0x10, 0x5D, 0x63, 0xFF, 
0x10, 0x5D, 0x63, 0xFF, 0x10, 0x5D, 0x63, 0xFF, 0x10, 0x5D, 0x63, 0xFF, 
0x10, 0x5D, 0x63, 0xFF, 0x10, 0x5D, 0x63, 0xFF, 0x10, 0x5D, 0x63, 0xFF, 
0x10, 0x5D, 0x63, 0xFF, 0x10, 0x5D, 0x63, 0xFF, 0x10, 0x5D, 0x63, 0xFF, 
0x10, 0x5D, 0x63, 0xFF, 0x10, 0x5D, 0x63, 0xFF, 0x10, 0x5D, 0x63, 0xFF, 
0x10, 0x5D, 0x63, 0xFF, 0x10, 0x5D, 0x63, 0xFF, 0x10, 0x5D, 0x63, 0xFF, 
0x10, 0x5D, 0x63, 0xFF, 0x10, 0x5D, 0x63, 0xFF, 0x10, 0x5D, 0x63, 0xFF, 
0x10, 0x5D, 0x63, 0xFF, 0x10, 0x5D, 0x63, 0xFF, 0x10, 0x5D, 0x63, 0xFF, 
0x10, 0x5D, 0x63, 0xFF, 0x10, 0x5D, 0x63, 0xFF, 0x10, 0x5D, 0x63, 0xFF, 
0x10, 0x5D, 0x63, 0xFF, 0x10, 0x5D, 0x63, 0xFF, 0x10, 0x5D, 0x63, 0xFF, 
0x10, 0x5D, 0x63, 0xFF, 0x10, 0x5D, 0x63, 0xFF, 0x10, 0x5D, 0x63, 0xFF, 
0x10, 0x5D, 0x63, 0xFF, 0x10, 0x5D, 0x63, 0xFF, 0x10, 0x5D, 0x63, 0xFF, 
0x10, 0x61, 0x63, 0xFF, 0x10, 0x61, 0x63, 0xFF, 0x10, 0x61, 0x63, 0xFF, 
0x0B, 0x43, 0x42, 0xFF, 0x08, 0x4D, 0x4A, 0xFF, 0x08, 0x4D, 0x4A, 0xB7, 
0x00, 0x00, 0x00, 0x00, 0x00, 0x00, 0x00, 0x00, 0x00, 0x00, 0x00, 0x00, 
0x00, 0x00, 0x00, 0x00, 0x00, 0x00, 0x00, 0x00, 0x00, 0x00, 0x00, 0x00, 
0x00, 0x00, 0x00, 0x00, 0x00, 0x00, 0x00, 0x00, 0x00, 0x00, 0x00, 0x00, 
0x00, 0x00, 0x00, 0x00, 0x00, 0x00, 0x00, 0x00, 0x00, 0x00, 0x00, 0x00, 
0x00, 0x00, 0x00, 0x00, 0x00, 0x00, 0x00, 0x00, 0x00, 0x00, 0x00, 0x00, 
0x00, 0x00, 0x00, 0x00, 0x00, 0x00, 0x00, 0x00, 0x00, 0x00, 0x00, 0x00, 
0x00, 0x00, 0x00, 0x00, 0x00, 0x00, 0x00, 0x00, 0x10, 0x5D, 0x63, 0xB7, 
0x10, 0x5D, 0x63, 0xFF, 0x16, 0x65, 0x65, 0xFF, 0x16, 0x65, 0x65, 0xFF, 
0x16, 0x65, 0x65, 0xFF, 0x16, 0x65, 0x65, 0xFF, 0x16, 0x65, 0x65, 0xFF, 
0x16, 0x65, 0x65, 0xFF, 0x16, 0x65, 0x65, 0xFF, 0x16, 0x65, 0x65, 0xFF, 
0x16, 0x65, 0x65, 0xFF, 0x16, 0x65, 0x65, 0xFF, 0x16, 0x65, 0x65, 0xFF, 
0x16, 0x65, 0x65, 0xFF, 0x16, 0x65, 0x65, 0xFF, 0x16, 0x65, 0x65, 0xFF, 
0x16, 0x65, 0x65, 0xFF, 0x16, 0x65, 0x65, 0xFF, 0x16, 0x65, 0x65, 0xFF, 
0x16, 0x65, 0x65, 0xFF, 0x16, 0x65, 0x65, 0xFF, 0x16, 0x65, 0x65, 0xFF, 
0x16, 0x65, 0x65, 0xFF, 0x16, 0x65, 0x65, 0xFF, 0x16, 0x65, 0x65, 0xFF, 
0x16, 0x65, 0x65, 0xFF, 0x16, 0x65, 0x65, 0xFF, 0x16, 0x65, 0x65, 0xFF, 
0x16, 0x65, 0x65, 0xFF, 0x16, 0x65, 0x65, 0xFF, 0x16, 0x65, 0x65, 0xFF, 
0x16, 0x65, 0x65, 0xFF, 0x16, 0x65, 0x65, 0xFF, 0x16, 0x65, 0x65, 0xFF, 
0x16, 0x65, 0x65, 0xFF, 0x16, 0x65, 0x65, 0xFF, 0x16, 0x65, 0x65, 0xFF, 
0x16, 0x65, 0x65, 0xFF, 0x18, 0x65, 0x63, 0xFF, 0x18, 0x65, 0x63, 0xFF, 
0x08, 0x51, 0x52, 0xFF, 0x08, 0x51, 0x52, 0xFF, 0x08, 0x4D, 0x4A, 0xFF, 
0x08, 0x4D, 0x4A, 0xB7, 0x00, 0x00, 0x00, 0x00, 0x00, 0x00, 0x00, 0x00, 
0x00, 0x00, 0x00, 0x00, 0x00, 0x00, 0x00, 0x00, 0x00, 0x00, 0x00, 0x00, 
0x00, 0x00, 0x00, 0x00, 0x00, 0x00, 0x00, 0x00, 0x00, 0x00, 0x00, 0x00, 
0x00, 0x00, 0x00, 0x00, 0x00, 0x00, 0x00, 0x00, 0x00, 0x00, 0x00, 0x00, 
0x00, 0x00, 0x00, 0x00, 0x00, 0x00, 0x00, 0x00, 0x00, 0x00, 0x00, 0x00, 
0x00, 0x00, 0x00, 0x00, 0x00, 0x00, 0x00, 0x00, 0x00, 0x00, 0x00, 0x00, 
0x00, 0x00, 0x00, 0x00, 0x00, 0x00, 0x00, 0x00, 0x00, 0x00, 0x00, 0x00, 
0x10, 0x5D, 0x63, 0xB7, 0x10, 0x5D, 0x63, 0xFF, 0x16, 0x65, 0x65, 0xFF, 
0x16, 0x65, 0x65, 0xFF, 0x16, 0x65, 0x65, 0xFF, 0x16, 0x65, 0x65, 0xFF, 
0x16, 0x65, 0x65, 0xFF, 0x16, 0x65, 0x65, 0xFF, 0x16, 0x65, 0x65, 0xFF, 
0x16, 0x65, 0x65, 0xFF, 0x16, 0x65, 0x65, 0xFF, 0x16, 0x65, 0x65, 0xFF, 
0x16, 0x65, 0x65, 0xFF, 0x16, 0x65, 0x65, 0xFF, 0x16, 0x65, 0x65, 0xFF, 
0x16, 0x65, 0x65, 0xFF, 0x16, 0x65, 0x65, 0xFF, 0x16, 0x65, 0x65, 0xFF, 
0x16, 0x65, 0x65, 0xFF, 0x16, 0x65, 0x65, 0xFF, 0x16, 0x65, 0x65, 0xFF, 
0x16, 0x65, 0x65, 0xFF, 0x16, 0x65, 0x65, 0xFF, 0x16, 0x65, 0x65, 0xFF, 
0x16, 0x65, 0x65, 0xFF, 0x16, 0x65, 0x65, 0xFF, 0x16, 0x65, 0x65, 0xFF, 
0x16, 0x65, 0x65, 0xFF, 0x16, 0x65, 0x65, 0xFF, 0x16, 0x65, 0x65, 0xFF, 
0x16, 0x65, 0x65, 0xFF, 0x16, 0x65, 0x65, 0xFF, 0x16, 0x65, 0x65, 0xFF, 
0x16, 0x65, 0x65, 0xFF, 0x16, 0x65, 0x65, 0xFF, 0x16, 0x65, 0x65, 0xFF, 
0x16, 0x65, 0x65, 0xFF, 0x16, 0x65, 0x65, 0xFF, 0x18, 0x65, 0x63, 0xFF, 
0x18, 0x65, 0x63, 0xFF, 0x08, 0x51, 0x52, 0xFF, 0x08, 0x51, 0x52, 0xFF, 
0x08, 0x4D, 0x4A, 0xFF, 0x08, 0x4D, 0x4A, 0xB7, 0x00, 0x00, 0x00, 0x00, 
0x00, 0x00, 0x00, 0x00, 0x00, 0x00, 0x00, 0x00, 0x00, 0x00, 0x00, 0x00, 
0x00, 0x00, 0x00, 0x00, 0x00, 0x00, 0x00, 0x00, 0x00, 0x00, 0x00, 0x00, 
0x00, 0x00, 0x00, 0x00, 0x00, 0x00, 0x00, 0x00, 0x00, 0x00, 0x00, 0x00, 
0x00, 0x00, 0x00, 0x00, 0x00, 0x00, 0x00, 0x00, 0x00, 0x00, 0x00, 0x00, 
0x00, 0x00, 0x00, 0x00, 0x00, 0x00, 0x00, 0x00, 0x00, 0x00, 0x00, 0x00, 
0x00, 0x00, 0x00, 0x00, 0x00, 0x00, 0x00, 0x00, 0x00, 0x00, 0x00, 0x00, 
0x00, 0x00, 0x00, 0x00, 0x10, 0x5D, 0x63, 0xB7, 0x10, 0x5D, 0x63, 0xFF, 
0x16, 0x65, 0x65, 0xFF, 0x16, 0x65, 0x65, 0xFF, 0x16, 0x65, 0x65, 0xFF, 
0x16, 0x65, 0x65, 0xFF, 0x16, 0x65, 0x65, 0xFF, 0x16, 0x65, 0x65, 0xFF, 
0x16, 0x65, 0x65, 0xFF, 0x16, 0x65, 0x65, 0xFF, 0x16, 0x65, 0x65, 0xFF, 
0x16, 0x65, 0x65, 0xFF, 0x16, 0x65, 0x65, 0xFF, 0x16, 0x65, 0x65, 0xFF, 
0x16, 0x65, 0x65, 0xFF, 0x16, 0x65, 0x65, 0xFF, 0x16, 0x65, 0x65, 0xFF, 
0x16, 0x65, 0x65, 0xFF, 0x16, 0x65, 0x65, 0xFF, 0x16, 0x65, 0x65, 0xFF, 
0x16, 0x65, 0x65, 0xFF, 0x16, 0x65, 0x65, 0xFF, 0x16, 0x65, 0x65, 0xFF, 
0x16, 0x65, 0x65, 0xFF, 0x16, 0x65, 0x65, 0xFF, 0x16, 0x65, 0x65, 0xFF, 
0x16, 0x65, 0x65, 0xFF, 0x16, 0x65, 0x65, 0xFF, 0x16, 0x65, 0x65, 0xFF, 
0x16, 0x65, 0x65, 0xFF, 0x16, 0x65, 0x65, 0xFF, 0x16, 0x65, 0x65, 0xFF, 
0x16, 0x65, 0x65, 0xFF, 0x16, 0x65, 0x65, 0xFF, 0x16, 0x65, 0x65, 0xFF, 
0x16, 0x65, 0x65, 0xFF, 0x16, 0x65, 0x65, 0xFF, 0x16, 0x65, 0x65, 0xFF, 
0x18, 0x65, 0x63, 0xFF, 0x18, 0x65, 0x63, 0xFF, 0x08, 0x51, 0x52, 0xFF, 
0x08, 0x51, 0x52, 0xFF, 0x08, 0x4D, 0x4A, 0xFF, 0x08, 0x4D, 0x4A, 0xB7, 
0x00, 0x00, 0x00, 0x00, 0x00, 0x00, 0x00, 0x00, 0x00, 0x00, 0x00, 0x00, 
0x00, 0x00, 0x00, 0x00, 0x00, 0x00, 0x00, 0x00, 0x00, 0x00, 0x00, 0x00, 
0x00, 0x00, 0x00, 0x00, 0x00, 0x00, 0x00, 0x00, 0x00, 0x00, 0x00, 0x00, 
0x00, 0x00, 0x00, 0x00, 0x00, 0x00, 0x00, 0x00, 0x00, 0x00, 0x00, 0x00, 
0x00, 0x00, 0x00, 0x00, 0x00, 0x00, 0x00, 0x00, 0x00, 0x00, 0x00, 0x00, 
0x00, 0x00, 0x00, 0x00, 0x00, 0x00, 0x00, 0x00, 0x00, 0x00, 0x00, 0x00, 
0x00, 0x00, 0x00, 0x00, 0x00, 0x00, 0x00, 0x00, 0x10, 0x5D, 0x63, 0xB7, 
0x10, 0x5D, 0x63, 0xFF, 0x16, 0x65, 0x65, 0xFF, 0x16, 0x65, 0x65, 0xFF, 
0x16, 0x65, 0x65, 0xFF, 0x16, 0x65, 0x65, 0xFF, 0x16, 0x65, 0x65, 0xFF, 
0x16, 0x65, 0x65, 0xFF, 0x16, 0x65, 0x65, 0xFF, 0x16, 0x65, 0x65, 0xFF, 
0x16, 0x65, 0x65, 0xFF, 0x16, 0x65, 0x65, 0xFF, 0x16, 0x65, 0x65, 0xFF, 
0x16, 0x65, 0x65, 0xFF, 0x16, 0x65, 0x65, 0xFF, 0x16, 0x65, 0x65, 0xFF, 
0x16, 0x65, 0x65, 0xFF, 0x16, 0x65, 0x65, 0xFF, 0x16, 0x65, 0x65, 0xFF, 
0x16, 0x65, 0x65, 0xFF, 0x16, 0x65, 0x65, 0xFF, 0x16, 0x65, 0x65, 0xFF, 
0x16, 0x65, 0x65, 0xFF, 0x16, 0x65, 0x65, 0xFF, 0x16, 0x65, 0x65, 0xFF, 
0x16, 0x65, 0x65, 0xFF, 0x16, 0x65, 0x65, 0xFF, 0x16, 0x65, 0x65, 0xFF, 
0x16, 0x65, 0x65, 0xFF, 0x16, 0x65, 0x65, 0xFF, 0x16, 0x65, 0x65, 0xFF, 
0x16, 0x65, 0x65, 0xFF, 0x16, 0x65, 0x65, 0xFF, 0x16, 0x65, 0x65, 0xFF, 
0x16, 0x65, 0x65, 0xFF, 0x16, 0x65, 0x65, 0xFF, 0x16, 0x65, 0x65, 0xFF, 
0x16, 0x65, 0x65, 0xFF, 0x18, 0x65, 0x63, 0xFF, 0x18, 0x65, 0x63, 0xFF, 
0x08, 0x51, 0x52, 0xFF, 0x08, 0x51, 0x52, 0xFF, 0x08, 0x4D, 0x4A, 0xFF, 
0x08, 0x4D, 0x4A, 0xB7, 0x00, 0x00, 0x00, 0x00, 0x00, 0x00, 0x00, 0x00, 
0x00, 0x00, 0x00, 0x00, 0x00, 0x00, 0x00, 0x00, 0x00, 0x00, 0x00, 0x00, 
0x00, 0x00, 0x00, 0x00, 0x00, 0x00, 0x00, 0x00, 0x00, 0x00, 0x00, 0x00, 
0x00, 0x00, 0x00, 0x00, 0x00, 0x00, 0x00, 0x00, 0x00, 0x00, 0x00, 0x00, 
0x00, 0x00, 0x00, 0x00, 0x00, 0x00, 0x00, 0x00, 0x00, 0x00, 0x00, 0x00, 
0x00, 0x00, 0x00, 0x00, 0x00, 0x00, 0x00, 0x00, 0x00, 0x00, 0x00, 0x00, 
0x00, 0x00, 0x00, 0x00, 0x00, 0x00, 0x00, 0x00, 0x00, 0x00, 0x00, 0x00, 
0x10, 0x5D, 0x63, 0xB7, 0x10, 0x5D, 0x63, 0xFF, 0x16, 0x65, 0x65, 0xFF, 
0x16, 0x65, 0x65, 0xFF, 0x16, 0x65, 0x65, 0xFF, 0x16, 0x65, 0x65, 0xFF, 
0x16, 0x65, 0x65, 0xFF, 0x16, 0x65, 0x65, 0xFF, 0x16, 0x65, 0x65, 0xFF, 
0x16, 0x65, 0x65, 0xFF, 0x16, 0x65, 0x65, 0xFF, 0x16, 0x65, 0x65, 0xFF, 
0x16, 0x65, 0x65, 0xFF, 0x16, 0x65, 0x65, 0xFF, 0x16, 0x65, 0x65, 0xFF, 
0x16, 0x65, 0x65, 0xFF, 0x16, 0x65, 0x65, 0xFF, 0x16, 0x65, 0x65, 0xFF, 
0x16, 0x65, 0x65, 0xFF, 0x16, 0x65, 0x65, 0xFF, 0x16, 0x65, 0x65, 0xFF, 
0x16, 0x65, 0x65, 0xFF, 0x16, 0x65, 0x65, 0xFF, 0x16, 0x65, 0x65, 0xFF, 
0x16, 0x65, 0x65, 0xFF, 0x16, 0x65, 0x65, 0xFF, 0x16, 0x65, 0x65, 0xFF, 
0x16, 0x65, 0x65, 0xFF, 0x16, 0x65, 0x65, 0xFF, 0x16, 0x65, 0x65, 0xFF, 
0x16, 0x65, 0x65, 0xFF, 0x16, 0x65, 0x65, 0xFF, 0x16, 0x65, 0x65, 0xFF, 
0x16, 0x65, 0x65, 0xFF, 0x16, 0x65, 0x65, 0xFF, 0x16, 0x65, 0x65, 0xFF, 
0x16, 0x65, 0x65, 0xFF, 0x16, 0x65, 0x65, 0xFF, 0x18, 0x65, 0x63, 0xFF, 
0x18, 0x65, 0x63, 0xFF, 0x08, 0x51, 0x52, 0xFF, 0x08, 0x51, 0x52, 0xFF, 
0x08, 0x4D, 0x4A, 0xFF, 0x08, 0x4D, 0x4A, 0xB7, 0x00, 0x00, 0x00, 0x00, 
0x00, 0x00, 0x00, 0x00, 0x00, 0x00, 0x00, 0x00, 0x00, 0x00, 0x00, 0x00, 
0x00, 0x00, 0x00, 0x00, 0x00, 0x00, 0x00, 0x00, 0x00, 0x00, 0x00, 0x00, 
0x00, 0x00, 0x00, 0x00, 0x00, 0x00, 0x00, 0x00, 0x00, 0x00, 0x00, 0x00, 
0x00, 0x00, 0x00, 0x00, 0x00, 0x00, 0x00, 0x00, 0x00, 0x00, 0x00, 0x00, 
0x00, 0x00, 0x00, 0x00, 0x00, 0x00, 0x00, 0x00, 0x00, 0x00, 0x00, 0x00, 
0x00, 0x00, 0x00, 0x00, 0x00, 0x00, 0x00, 0x00, 0x00, 0x00, 0x00, 0x00, 
0x00, 0x00, 0x00, 0x00, 0x10, 0x5D, 0x63, 0xB7, 0x10, 0x5D, 0x63, 0xFF, 
0x16, 0x65, 0x65, 0xFF, 0x16, 0x65, 0x65, 0xFF, 0x16, 0x65, 0x65, 0xFF, 
0x16, 0x65, 0x65, 0xFF, 0x16, 0x65, 0x65, 0xFF, 0x16, 0x65, 0x65, 0xFF, 
0x16, 0x65, 0x65, 0xFF, 0x16, 0x65, 0x65, 0xFF, 0x16, 0x65, 0x65, 0xFF, 
0x16, 0x65, 0x65, 0xFF, 0x16, 0x65, 0x65, 0xFF, 0x16, 0x65, 0x65, 0xFF, 
0x16, 0x65, 0x65, 0xFF, 0x16, 0x65, 0x65, 0xFF, 0x16, 0x65, 0x65, 0xFF, 
0x16, 0x65, 0x65, 0xFF, 0x16, 0x65, 0x65, 0xFF, 0x16, 0x65, 0x65, 0xFF, 
0x16, 0x65, 0x65, 0xFF, 0x16, 0x65, 0x65, 0xFF, 0x16, 0x65, 0x65, 0xFF, 
0x16, 0x65, 0x65, 0xFF, 0x16, 0x65, 0x65, 0xFF, 0x16, 0x65, 0x65, 0xFF, 
0x16, 0x65, 0x65, 0xFF, 0x16, 0x65, 0x65, 0xFF, 0x16, 0x65, 0x65, 0xFF, 
0x16, 0x65, 0x65, 0xFF, 0x16, 0x65, 0x65, 0xFF, 0x16, 0x65, 0x65, 0xFF, 
0x16, 0x65, 0x65, 0xFF, 0x16, 0x65, 0x65, 0xFF, 0x16, 0x65, 0x65, 0xFF, 
0x16, 0x65, 0x65, 0xFF, 0x16, 0x65, 0x65, 0xFF, 0x16, 0x65, 0x65, 0xFF, 
0x18, 0x65, 0x63, 0xFF, 0x18, 0x65, 0x63, 0xFF, 0x08, 0x51, 0x52, 0xFF, 
0x08, 0x51, 0x52, 0xFF, 0x08, 0x4D, 0x4A, 0xFF, 0x08, 0x4D, 0x4A, 0xB7, 
0x00, 0x00, 0x00, 0x00, 0x00, 0x00, 0x00, 0x00, 0x00, 0x00, 0x00, 0x00, 
0x00, 0x00, 0x00, 0x00, 0x00, 0x00, 0x00, 0x00, 0x00, 0x00, 0x00, 0x00, 
0x00, 0x00, 0x00, 0x00, 0x00, 0x00, 0x00, 0x00, 0x00, 0x00, 0x00, 0x00, 
0x00, 0x00, 0x00, 0x00, 0x00, 0x00, 0x00, 0x00, 0x00, 0x00, 0x00, 0x00, 
0x00, 0x00, 0x00, 0x00, 0x00, 0x00, 0x00, 0x00, 0x00, 0x00, 0x00, 0x00, 
0x00, 0x00, 0x00, 0x00, 0x00, 0x00, 0x00, 0x00, 0x00, 0x00, 0x00, 0x00, 
0x00, 0x00, 0x00, 0x00, 0x00, 0x00, 0x00, 0x00, 0x10, 0x5D, 0x63, 0xB7, 
0x10, 0x5D, 0x63, 0xFF, 0x16, 0x65, 0x65, 0xFF, 0x16, 0x65, 0x65, 0xFF, 
0x16, 0x65, 0x65, 0xFF, 0x16, 0x65, 0x65, 0xFF, 0x16, 0x65, 0x65, 0xFF, 
0x16, 0x65, 0x65, 0xFF, 0x16, 0x65, 0x65, 0xFF, 0x16, 0x65, 0x65, 0xFF, 
0x16, 0x65, 0x65, 0xFF, 0x16, 0x65, 0x65, 0xFF, 0x16, 0x65, 0x65, 0xFF, 
0x16, 0x65, 0x65, 0xFF, 0x16, 0x65, 0x65, 0xFF, 0x16, 0x65, 0x65, 0xFF, 
0x16, 0x65, 0x65, 0xFF, 0x16, 0x65, 0x65, 0xFF, 0x16, 0x65, 0x65, 0xFF, 
0x16, 0x65, 0x65, 0xFF, 0x16, 0x65, 0x65, 0xFF, 0x16, 0x65, 0x65, 0xFF, 
0x16, 0x65, 0x65, 0xFF, 0x16, 0x65, 0x65, 0xFF, 0x16, 0x65, 0x65, 0xFF, 
0x16, 0x65, 0x65, 0xFF, 0x16, 0x65, 0x65, 0xFF, 0x16, 0x65, 0x65, 0xFF, 
0x16, 0x65, 0x65, 0xFF, 0x16, 0x65, 0x65, 0xFF, 0x16, 0x65, 0x65, 0xFF, 
0x16, 0x65, 0x65, 0xFF, 0x16, 0x65, 0x65, 0xFF, 0x16, 0x65, 0x65, 0xFF, 
0x16, 0x65, 0x65, 0xFF, 0x16, 0x65, 0x65, 0xFF, 0x16, 0x65, 0x65, 0xFF, 
0x16, 0x65, 0x65, 0xFF, 0x18, 0x65, 0x63, 0xFF, 0x18, 0x65, 0x63, 0xFF, 
0x08, 0x51, 0x52, 0xFF, 0x08, 0x51, 0x52, 0xFF, 0x08, 0x4D, 0x4A, 0xFF, 
0x08, 0x4D, 0x4A, 0xB7, 0x00, 0x00, 0x00, 0x00, 0x00, 0x00, 0x00, 0x00, 
0x00, 0x00, 0x00, 0x00, 0x00, 0x00, 0x00, 0x00, 0x00, 0x00, 0x00, 0x00, 
0x00, 0x00, 0x00, 0x00, 0x00, 0x00, 0x00, 0x00, 0x00, 0x00, 0x00, 0x00, 
0x00, 0x00, 0x00, 0x00, 0x00, 0x00, 0x00, 0x00, 0x00, 0x00, 0x00, 0x00, 
0x00, 0x00, 0x00, 0x00, 0x00, 0x00, 0x00, 0x00, 0x00, 0x00, 0x00, 0x00, 
0x00, 0x00, 0x00, 0x00, 0x00, 0x00, 0x00, 0x00, 0x00, 0x00, 0x00, 0x00, 
0x00, 0x00, 0x00, 0x00, 0x00, 0x00, 0x00, 0x00, 0x00, 0x00, 0x00, 0x00, 
0x10, 0x5D, 0x63, 0xB7, 0x10, 0x5D, 0x63, 0xFF, 0x16, 0x65, 0x65, 0xFF, 
0x16, 0x65, 0x65, 0xFF, 0x16, 0x65, 0x65, 0xFF, 0x16, 0x65, 0x65, 0xFF, 
0x16, 0x65, 0x65, 0xFF, 0x16, 0x65, 0x65, 0xFF, 0x16, 0x65, 0x65, 0xFF, 
0x16, 0x65, 0x65, 0xFF, 0x16, 0x65, 0x65, 0xFF, 0x16, 0x65, 0x65, 0xFF, 
0x16, 0x65, 0x65, 0xFF, 0x16, 0x65, 0x65, 0xFF, 0x16, 0x65, 0x65, 0xFF, 
0x16, 0x65, 0x65, 0xFF, 0x16, 0x65, 0x65, 0xFF, 0x16, 0x65, 0x65, 0xFF, 
0x16, 0x65, 0x65, 0xFF, 0x16, 0x65, 0x65, 0xFF, 0x16, 0x65, 0x65, 0xFF, 
0x16, 0x65, 0x65, 0xFF, 0x16, 0x65, 0x65, 0xFF, 0x16, 0x65, 0x65, 0xFF, 
0x16, 0x65, 0x65, 0xFF, 0x16, 0x65, 0x65, 0xFF, 0x16, 0x65, 0x65, 0xFF, 
0x16, 0x65, 0x65, 0xFF, 0x16, 0x65, 0x65, 0xFF, 0x16, 0x65, 0x65, 0xFF, 
0x16, 0x65, 0x65, 0xFF, 0x16, 0x65, 0x65, 0xFF, 0x16, 0x65, 0x65, 0xFF, 
0x16, 0x65, 0x65, 0xFF, 0x16, 0x65, 0x65, 0xFF, 0x16, 0x65, 0x65, 0xFF, 
0x16, 0x65, 0x65, 0xFF, 0x16, 0x65, 0x65, 0xFF, 0x18, 0x65, 0x63, 0xFF, 
0x18, 0x65, 0x63, 0xFF, 0x08, 0x51, 0x52, 0xFF, 0x08, 0x51, 0x52, 0xFF, 
0x08, 0x4D, 0x4A, 0xFF, 0x08, 0x4D, 0x4A, 0xB7, 0x00, 0x00, 0x00, 0x00, 
0x00, 0x00, 0x00, 0x00, 0x00, 0x00, 0x00, 0x00, 0x00, 0x00, 0x00, 0x00, 
0x00, 0x00, 0x00, 0x00, 0x00, 0x00, 0x00, 0x00, 0x00, 0x00, 0x00, 0x00, 
0x00, 0x00, 0x00, 0x00, 0x00, 0x00, 0x00, 0x00, 0x00, 0x00, 0x00, 0x00, 
0x00, 0x00, 0x00, 0x00, 0x00, 0x00, 0x00, 0x00, 0x00, 0x00, 0x00, 0x00, 
0x00, 0x00, 0x00, 0x00, 0x00, 0x00, 0x00, 0x00, 0x00, 0x00, 0x00, 0x00, 
0x00, 0x00, 0x00, 0x00, 0x00, 0x00, 0x00, 0x00, 0x00, 0x00, 0x00, 0x00, 
0x00, 0x00, 0x00, 0x00, 0x10, 0x5D, 0x63, 0xB7, 0x10, 0x5D, 0x63, 0xFF, 
0x16, 0x65, 0x65, 0xFF, 0x16, 0x65, 0x65, 0xFF, 0x16, 0x65, 0x65, 0xFF, 
0x16, 0x65, 0x65, 0xFF, 0x18, 0x61, 0x63, 0xFF, 0x18, 0x61, 0x63, 0xFF, 
0x18, 0x61, 0x63, 0xFF, 0x18, 0x61, 0x63, 0xFF, 0x18, 0x65, 0x6B, 0xFF, 
0x18, 0x65, 0x6B, 0xFF, 0x18, 0x65, 0x6B, 0xFF, 0x18, 0x65, 0x6B, 0xFF, 
0x18, 0x65, 0x6B, 0xFF, 0x18, 0x65, 0x6B, 0xFF, 0x18, 0x65, 0x6B, 0xFF, 
0x18, 0x65, 0x6B, 0xFF, 0x18, 0x65, 0x6B, 0xFF, 0x18, 0x65, 0x6B, 0xFF, 
0x18, 0x65, 0x6B, 0xFF, 0x18, 0x65, 0x6B, 0xFF, 0x18, 0x65, 0x6B, 0xFF, 
0x18, 0x65, 0x6B, 0xFF, 0x18, 0x65, 0x6B, 0xFF, 0x18, 0x65, 0x6B, 0xFF, 
0x18, 0x65, 0x6B, 0xFF, 0x18, 0x65, 0x6B, 0xFF, 0x18, 0x65, 0x6B, 0xFF, 
0x18, 0x65, 0x6B, 0xFF, 0x18, 0x65, 0x6B, 0xFF, 0x18, 0x65, 0x6B, 0xFF, 
0x18, 0x65, 0x6B, 0xFF, 0x18, 0x65, 0x6B, 0xFF, 0x18, 0x65, 0x63, 0xFF, 
0x18, 0x65, 0x63, 0xFF, 0x18, 0x65, 0x63, 0xFF, 0x18, 0x65, 0x63, 0xFF, 
0x18, 0x65, 0x63, 0xFF, 0x18, 0x65, 0x63, 0xFF, 0x08, 0x51, 0x52, 0xFF, 
0x08, 0x51, 0x52, 0xFF, 0x08, 0x4D, 0x4A, 0xFF, 0x08, 0x4D, 0x4A, 0xB7, 
0x00, 0x00, 0x00, 0x00, 0x00, 0x00, 0x00, 0x00, 0x00, 0x00, 0x00, 0x00, 
0x00, 0x00, 0x00, 0x00, 0x00, 0x00, 0x00, 0x00, 0x00, 0x00, 0x00, 0x00, 
0x00, 0x00, 0x00, 0x00, 0x00, 0x00, 0x00, 0x00, 0x00, 0x00, 0x00, 0x00, 
0x00, 0x00, 0x00, 0x00, 0x00, 0x00, 0x00, 0x00, 0x00, 0x00, 0x00, 0x00, 
0x00, 0x00, 0x00, 0x00, 0x00, 0x00, 0x00, 0x00, 0x00, 0x00, 0x00, 0x00, 
0x00, 0x00, 0x00, 0x00, 0x00, 0x00, 0x00, 0x00, 0x00, 0x00, 0x00, 0x00, 
0x00, 0x00, 0x00, 0x00, 0x00, 0x00, 0x00, 0x00, 0x10, 0x5D, 0x63, 0xB7, 
0x10, 0x5D, 0x63, 0xFF, 0x16, 0x65, 0x65, 0xFF, 0x16, 0x65, 0x65, 0xFF, 
0x16, 0x65, 0x65, 0xFF, 0x16, 0x65, 0x65, 0xFF, 0x18, 0x61, 0x63, 0xFF, 
0x18, 0x61, 0x63, 0xFF, 0x3C, 0x85, 0x91, 0xFF, 0x3C, 0x85, 0x91, 0xFF, 
0x3F, 0x89, 0x9A, 0xFF, 0x3F, 0x89, 0x9A, 0xFF, 0x3F, 0x89, 0x9A, 0xFF, 
0x3F, 0x89, 0x9A, 0xFF, 0x3F, 0x89, 0x9A, 0xFF, 0x3F, 0x89, 0x9A, 0xFF, 
0x3F, 0x89, 0x9A, 0xFF, 0x3F, 0x89, 0x9A, 0xFF, 0x3F, 0x89, 0x9A, 0xFF, 
0x3F, 0x89, 0x9A, 0xFF, 0x3F, 0x89, 0x9A, 0xFF, 0x3F, 0x89, 0x9A, 0xFF, 
0x3F, 0x89, 0x9A, 0xFF, 0x3F, 0x89, 0x9A, 0xFF, 0x3F, 0x89, 0x9A, 0xFF, 
0x3F, 0x89, 0x9A, 0xFF, 0x3F, 0x89, 0x9A, 0xFF, 0x3F, 0x89, 0x9A, 0xFF, 
0x3F, 0x89, 0x9A, 0xFF, 0x3F, 0x89, 0x9A, 0xFF, 0x3C, 0x89, 0x9A, 0xFF, 
0x3C, 0x89, 0x9A, 0xFF, 0x3C, 0x89, 0x9A, 0xFF, 0x18, 0x65, 0x6B, 0xFF, 
0x18, 0x65, 0x63, 0xFF, 0x18, 0x65, 0x63, 0xFF, 0x18, 0x65, 0x63, 0xFF, 
0x18, 0x65, 0x63, 0xFF, 0x18, 0x65, 0x63, 0xFF, 0x18, 0x65, 0x63, 0xFF, 
0x08, 0x51, 0x52, 0xFF, 0x08, 0x51, 0x52, 0xFF, 0x08, 0x4D, 0x4A, 0xFF, 
0x08, 0x4D, 0x4A, 0xB7, 0x00, 0x00, 0x00, 0x00, 0x00, 0x00, 0x00, 0x00, 
0x00, 0x00, 0x00, 0x00, 0x00, 0x00, 0x00, 0x00, 0x00, 0x00, 0x00, 0x00, 
0x00, 0x00, 0x00, 0x00, 0x00, 0x00, 0x00, 0x00, 0x00, 0x00, 0x00, 0x00, 
0x00, 0x00, 0x00, 0x00, 0x00, 0x00, 0x00, 0x00, 0x00, 0x00, 0x00, 0x00, 
0x00, 0x00, 0x00, 0x00, 0x00, 0x00, 0x00, 0x00, 0x00, 0x00, 0x00, 0x00, 
0x00, 0x00, 0x00, 0x00, 0x00, 0x00, 0x00, 0x00, 0x00, 0x00, 0x00, 0x00, 
0x00, 0x00, 0x00, 0x00, 0x00, 0x00, 0x00, 0x00, 0x00, 0x00, 0x00, 0x00, 
0x10, 0x5D, 0x63, 0xB7, 0x10, 0x5D, 0x63, 0xFF, 0x16, 0x65, 0x65, 0xFF, 
0x16, 0x65, 0x65, 0xFF, 0x16, 0x65, 0x65, 0xFF, 0x16, 0x65, 0x65, 0xFF, 
0x18, 0x61, 0x63, 0xFF, 0x3C, 0x85, 0x91, 0xFF, 0x84, 0xD3, 0xEF, 0xFF, 
0x84, 0xD3, 0xEF, 0xFF, 0x8C, 0xD7, 0xF7, 0xFF, 0x8C, 0xD7, 0xF7, 0xFF, 
0x8C, 0xD7, 0xF7, 0xFF, 0x8C, 0xD7, 0xF7, 0xFF, 0x8C, 0xD7, 0xF7, 0xFF, 
0x8C, 0xD7, 0xF7, 0xFF, 0x8C, 0xD7, 0xF7, 0xFF, 0x8C, 0xD7, 0xF7, 0xFF, 
0x8C, 0xD7, 0xF7, 0xFF, 0x8C, 0xD7, 0xF7, 0xFF, 0x8C, 0xD7, 0xF7, 0xFF, 
0x8C, 0xD7, 0xF7, 0xFF, 0x8C, 0xD7, 0xF7, 0xFF, 0x8C, 0xD7, 0xF7, 0xFF, 
0x8C, 0xD7, 0xF7, 0xFF, 0x8C, 0xD7, 0xF7, 0xFF, 0x8C, 0xD7, 0xF7, 0xFF, 
0x8C, 0xD7, 0xF7, 0xFF, 0x8C, 0xD7, 0xF7, 0xFF, 0x8C, 0xD7, 0xF7, 0xFF, 
0x84, 0xD7, 0xF7, 0xFF, 0x84, 0xD7, 0xF7, 0xFF, 0x84, 0xD7, 0xF7, 0xFF, 
0x84, 0xD7, 0xF7, 0xFF, 0x29, 0x73, 0x79, 0xFF, 0x18, 0x65, 0x63, 0xFF, 
0x18, 0x65, 0x63, 0xFF, 0x18, 0x65, 0x63, 0xFF, 0x18, 0x65, 0x63, 0xFF, 
0x18, 0x65, 0x63, 0xFF, 0x08, 0x51, 0x52, 0xFF, 0x08, 0x51, 0x52, 0xFF, 
0x08, 0x4D, 0x4A, 0xFF, 0x08, 0x4D, 0x4A, 0xB7, 0x00, 0x00, 0x00, 0x00, 
0x00, 0x00, 0x00, 0x00, 0x00, 0x00, 0x00, 0x00, 0x00, 0x00, 0x00, 0x00, 
0x00, 0x00, 0x00, 0x00, 0x00, 0x00, 0x00, 0x00, 0x00, 0x00, 0x00, 0x00, 
0x00, 0x00, 0x00, 0x00, 0x00, 0x00, 0x00, 0x00, 0x00, 0x00, 0x00, 0x00, 
0x00, 0x00, 0x00, 0x00, 0x00, 0x00, 0x00, 0x00, 0x00, 0x00, 0x00, 0x00, 
0x00, 0x00, 0x00, 0x00, 0x00, 0x00, 0x00, 0x00, 0x00, 0x00, 0x00, 0x00, 
0x00, 0x00, 0x00, 0x00, 0x00, 0x00, 0x00, 0x00, 0x00, 0x00, 0x00, 0x00, 
0x00, 0x00, 0x00, 0x00, 0x10, 0x5D, 0x63, 0xB7, 0x10, 0x5D, 0x63, 0xFF, 
0x16, 0x65, 0x65, 0xFF, 0x16, 0x65, 0x65, 0xFF, 0x16, 0x65, 0x65, 0xFF, 
0x16, 0x65, 0x65, 0xFF, 0x18, 0x61, 0x63, 0xFF, 0x3C, 0x85, 0x91, 0xFF, 
0x84, 0xD3, 0xEF, 0xFF, 0x84, 0xD3, 0xEF, 0xFF, 0x8C, 0xD7, 0xF7, 0xFF, 
0x8C, 0xD7, 0xF7, 0xFF, 0x8C, 0xD7, 0xF7, 0xFF, 0x8C, 0xD7, 0xF7, 0xFF, 
0x8C, 0xD7, 0xF7, 0xFF, 0x8C, 0xD7, 0xF7, 0xFF, 0x8C, 0xD7, 0xF7, 0xFF, 
0x8C, 0xD7, 0xF7, 0xFF, 0x8C, 0xD7, 0xF7, 0xFF, 0x8C, 0xD7, 0xF7, 0xFF, 
0x8C, 0xD7, 0xF7, 0xFF, 0x8C, 0xD7, 0xF7, 0xFF, 0x8C, 0xD7, 0xF7, 0xFF, 
0x8C, 0xD7, 0xF7, 0xFF, 0x8C, 0xD7, 0xF7, 0xFF, 0x8C, 0xD7, 0xF7, 0xFF, 
0x8C, 0xD7, 0xF7, 0xFF, 0x8C, 0xD7, 0xF7, 0xFF, 0x8C, 0xD7, 0xF7, 0xFF, 
0x8C, 0xD7, 0xF7, 0xFF, 0x84, 0xD7, 0xF7, 0xFF, 0x84, 0xD7, 0xF7, 0xFF, 
0x84, 0xD7, 0xF7, 0xFF, 0x84, 0xD7, 0xF7, 0xFF, 0x4A, 0x92, 0xA5, 0xFF, 
0x18, 0x65, 0x63, 0xFF, 0x18, 0x65, 0x63, 0xFF, 0x18, 0x65, 0x63, 0xFF, 
0x18, 0x65, 0x63, 0xFF, 0x18, 0x65, 0x63, 0xFF, 0x08, 0x51, 0x52, 0xFF, 
0x08, 0x51, 0x52, 0xFF, 0x08, 0x4D, 0x4A, 0xFF, 0x08, 0x4D, 0x4A, 0xB7, 
0x00, 0x00, 0x00, 0x00, 0x00, 0x00, 0x00, 0x00, 0x00, 0x00, 0x00, 0x00, 
0x00, 0x00, 0x00, 0x00, 0x00, 0x00, 0x00, 0x00, 0x00, 0x00, 0x00, 0x00, 
0x00, 0x00, 0x00, 0x00, 0x00, 0x00, 0x00, 0x00, 0x00, 0x00, 0x00, 0x00, 
0x00, 0x00, 0x00, 0x00, 0x00, 0x00, 0x00, 0x00, 0x00, 0x00, 0x00, 0x00, 
0x00, 0x00, 0x00, 0x00, 0x00, 0x00, 0x00, 0x00, 0x00, 0x00, 0x00, 0x00, 
0x00, 0x00, 0x00, 0x00, 0x00, 0x00, 0x00, 0x00, 0x00, 0x00, 0x00, 0x00, 
0x00, 0x00, 0x00, 0x00, 0x00, 0x00, 0x00, 0x00, 0x10, 0x5D, 0x63, 0xB7, 
0x10, 0x5D, 0x63, 0xFF, 0x16, 0x65, 0x65, 0xFF, 0x16, 0x65, 0x65, 0xFF, 
0x16, 0x65, 0x65, 0xFF, 0x16, 0x65, 0x65, 0xFF, 0x18, 0x65, 0x6B, 0xFF, 
0x3C, 0x89, 0x9A, 0xFF, 0x84, 0xD7, 0xF7, 0xFF, 0x84, 0xD7, 0xF7, 0xFF, 
0x86, 0xD8, 0xF7, 0xFF, 0x86, 0xD8, 0xF7, 0xFF, 0x86, 0xD8, 0xF7, 0xFF, 
0x86, 0xD8, 0xF7, 0xFF, 0x86, 0xD8, 0xF7, 0xFF, 0x86, 0xD8, 0xF7, 0xFF, 
0x86, 0xD8, 0xF7, 0xFF, 0x86, 0xD8, 0xF7, 0xFF, 0x86, 0xD8, 0xF7, 0xFF, 
0x86, 0xD8, 0xF7, 0xFF, 0x86, 0xD8, 0xF7, 0xFF, 0x86, 0xD8, 0xF7, 0xFF, 
0x86, 0xD8, 0xF7, 0xFF, 0x86, 0xD8, 0xF7, 0xFF, 0x86, 0xD8, 0xF7, 0xFF, 
0x86, 0xD8, 0xF7, 0xFF, 0x86, 0xD8, 0xF7, 0xFF, 0x86, 0xD8, 0xF7, 0xFF, 
0x86, 0xD8, 0xF7, 0xFF, 0x86, 0xD8, 0xF7, 0xFF, 0x84, 0xD7, 0xF7, 0xFF, 
0x84, 0xD7, 0xF7, 0xFF, 0x84, 0xD7, 0xF7, 0xFF, 0x84, 0xD7, 0xF7, 0xFF, 
0x4A, 0x92, 0xA5, 0xFF, 0x18, 0x65, 0x63, 0xFF, 0x18, 0x65, 0x63, 0xFF, 
0x18, 0x65, 0x63, 0xFF, 0x18, 0x65, 0x63, 0xFF, 0x18, 0x65, 0x63, 0xFF, 
0x08, 0x51, 0x52, 0xFF, 0x08, 0x51, 0x52, 0xFF, 0x08, 0x4D, 0x4A, 0xFF, 
0x08, 0x4D, 0x4A, 0xB7, 0x00, 0x00, 0x00, 0x00, 0x00, 0x00, 0x00, 0x00, 
0x00, 0x00, 0x00, 0x00, 0x00, 0x00, 0x00, 0x00, 0x00, 0x00, 0x00, 0x00, 
0x00, 0x00, 0x00, 0x00, 0x00, 0x00, 0x00, 0x00, 0x00, 0x00, 0x00, 0x00, 
0x00, 0x00, 0x00, 0x00, 0x00, 0x00, 0x00, 0x00, 0x00, 0x00, 0x00, 0x00, 
0x00, 0x00, 0x00, 0x00, 0x00, 0x00, 0x00, 0x00, 0x00, 0x00, 0x00, 0x00, 
0x00, 0x00, 0x00, 0x00, 0x00, 0x00, 0x00, 0x00, 0x00, 0x00, 0x00, 0x00, 
0x00, 0x00, 0x00, 0x00, 0x00, 0x00, 0x00, 0x00, 0x00, 0x00, 0x00, 0x00, 
0x10, 0x5D, 0x63, 0xB7, 0x10, 0x5D, 0x63, 0xFF, 0x16, 0x65, 0x65, 0xFF, 
0x16, 0x65, 0x65, 0xFF, 0x16, 0x65, 0x65, 0xFF, 0x16, 0x65, 0x65, 0xFF, 
0x18, 0x65, 0x6B, 0xFF, 0x3C, 0x89, 0x9A, 0xFF, 0x84, 0xD7, 0xF7, 0xFF, 
0x84, 0xD7, 0xF7, 0xFF, 0x86, 0xD8, 0xF7, 0xFF, 0x86, 0xD8, 0xF7, 0xFF, 
0x86, 0xD8, 0xF7, 0xFF, 0x86, 0xD8, 0xF7, 0xFF, 0x86, 0xD8, 0xF7, 0xFF, 
0x86, 0xD8, 0xF7, 0xFF, 0x86, 0xD8, 0xF7, 0xFF, 0x86, 0xD8, 0xF7, 0xFF, 
0x86, 0xD8, 0xF7, 0xFF, 0x86, 0xD8, 0xF7, 0xFF, 0x86, 0xD8, 0xF7, 0xFF, 
0x86, 0xD8, 0xF7, 0xFF, 0x86, 0xD8, 0xF7, 0xFF, 0x86, 0xD8, 0xF7, 0xFF, 
0x86, 0xD8, 0xF7, 0xFF, 0x86, 0xD8, 0xF7, 0xFF, 0x86, 0xD8, 0xF7, 0xFF, 
0x86, 0xD8, 0xF7, 0xFF, 0x86, 0xD8, 0xF7, 0xFF, 0x86, 0xD8, 0xF7, 0xFF, 
0x84, 0xD7, 0xF7, 0xFF, 0x84, 0xD7, 0xF7, 0xFF, 0x84, 0xD7, 0xF7, 0xFF, 
0x84, 0xD7, 0xF7, 0xFF, 0x4A, 0x92, 0xA5, 0xFF, 0x18, 0x65, 0x63, 0xFF, 
0x18, 0x65, 0x63, 0xFF, 0x18, 0x65, 0x63, 0xFF, 0x18, 0x65, 0x63, 0xFF, 
0x18, 0x65, 0x63, 0xFF, 0x08, 0x51, 0x52, 0xFF, 0x08, 0x51, 0x52, 0xFF, 
0x08, 0x4D, 0x4A, 0xFF, 0x08, 0x4D, 0x4A, 0xB7, 0x00, 0x00, 0x00, 0x00, 
0x00, 0x00, 0x00, 0x00, 0x00, 0x00, 0x00, 0x00, 0x00, 0x00, 0x00, 0x00, 
0x00, 0x00, 0x00, 0x00, 0x00, 0x00, 0x00, 0x00, 0x00, 0x00, 0x00, 0x00, 
0x00, 0x00, 0x00, 0x00, 0x00, 0x00, 0x00, 0x00, 0x00, 0x00, 0x00, 0x00, 
0x00, 0x00, 0x00, 0x00, 0x00, 0x00, 0x00, 0x00, 0x00, 0x00, 0x00, 0x00, 
0x00, 0x00, 0x00, 0x00, 0x00, 0x00, 0x00, 0x00, 0x00, 0x00, 0x00, 0x00, 
0x00, 0x00, 0x00, 0x00, 0x00, 0x00, 0x00, 0x00, 0x00, 0x00, 0x00, 0x00, 
0x00, 0x00, 0x00, 0x00, 0x10, 0x5D, 0x63, 0xB7, 0x10, 0x5D, 0x63, 0xFF, 
0x16, 0x65, 0x65, 0xFF, 0x16, 0x65, 0x65, 0xFF, 0x16, 0x65, 0x65, 0xFF, 
0x16, 0x65, 0x65, 0xFF, 0x18, 0x65, 0x6B, 0xFF, 0x3C, 0x89, 0x9A, 0xFF, 
0x84, 0xD7, 0xF7, 0xFF, 0x84, 0xD7, 0xF7, 0xFF, 0x86, 0xD8, 0xF7, 0xFF, 
0x86, 0xD8, 0xF7, 0xFF, 0x86, 0xD8, 0xF7, 0xFF, 0x86, 0xD8, 0xF7, 0xFF, 
0x86, 0xD8, 0xF7, 0xFF, 0x86, 0xD8, 0xF7, 0xFF, 0x86, 0xD8, 0xF7, 0xFF, 
0x86, 0xD8, 0xF7, 0xFF, 0x86, 0xD8, 0xF7, 0xFF, 0x86, 0xD8, 0xF7, 0xFF, 
0x86, 0xD8, 0xF7, 0xFF, 0x86, 0xD8, 0xF7, 0xFF, 0x86, 0xD8, 0xF7, 0xFF, 
0x86, 0xD8, 0xF7, 0xFF, 0x86, 0xD8, 0xF7, 0xFF, 0x86, 0xD8, 0xF7, 0xFF, 
0x86, 0xD8, 0xF7, 0xFF, 0x86, 0xD8, 0xF7, 0xFF, 0x86, 0xD8, 0xF7, 0xFF, 
0x86, 0xD8, 0xF7, 0xFF, 0x84, 0xD7, 0xF7, 0xFF, 0x84, 0xD7, 0xF7, 0xFF, 
0x84, 0xD7, 0xF7, 0xFF, 0x84, 0xD7, 0xF7, 0xFF, 0x4A, 0x92, 0xA5, 0xFF, 
0x18, 0x65, 0x63, 0xFF, 0x18, 0x65, 0x63, 0xFF, 0x18, 0x65, 0x63, 0xFF, 
0x18, 0x65, 0x63, 0xFF, 0x18, 0x65, 0x63, 0xFF, 0x08, 0x51, 0x52, 0xFF, 
0x08, 0x51, 0x52, 0xFF, 0x08, 0x4D, 0x4A, 0xFF, 0x08, 0x4D, 0x4A, 0xB7, 
0x00, 0x00, 0x00, 0x00, 0x00, 0x00, 0x00, 0x00, 0x00, 0x00, 0x00, 0x00, 
0x00, 0x00, 0x00, 0x00, 0x00, 0x00, 0x00, 0x00, 0x00, 0x00, 0x00, 0x00, 
0x00, 0x00, 0x00, 0x00, 0x00, 0x00, 0x00, 0x00, 0x00, 0x00, 0x00, 0x00, 
0x00, 0x00, 0x00, 0x00, 0x00, 0x00, 0x00, 0x00, 0x00, 0x00, 0x00, 0x00, 
0x00, 0x00, 0x00, 0x00, 0x00, 0x00, 0x00, 0x00, 0x00, 0x00, 0x00, 0x00, 
0x00, 0x00, 0x00, 0x00, 0x00, 0x00, 0x00, 0x00, 0x00, 0x00, 0x00, 0x00, 
0x00, 0x00, 0x00, 0x00, 0x00, 0x00, 0x00, 0x00, 0x10, 0x5D, 0x63, 0xB7, 
0x10, 0x5D, 0x63, 0xFF, 0x16, 0x65, 0x65, 0xFF, 0x16, 0x65, 0x65, 0xFF, 
0x16, 0x65, 0x65, 0xFF, 0x16, 0x65, 0x65, 0xFF, 0x18, 0x65, 0x6B, 0xFF, 
0x18, 0x65, 0x6B, 0xFF, 0x84, 0xD7, 0xF7, 0xFF, 0x84, 0xD7, 0xF7, 0xFF, 
0x86, 0xD8, 0xF7, 0xFF, 0x86, 0xD8, 0xF7, 0xFF, 0x86, 0xD8, 0xF7, 0xFF, 
0x86, 0xD8, 0xF7, 0xFF, 0x86, 0xD8, 0xF7, 0xFF, 0x86, 0xD8, 0xF7, 0xFF, 
0x86, 0xD8, 0xF7, 0xFF, 0x86, 0xD8, 0xF7, 0xFF, 0x86, 0xD8, 0xF7, 0xFF, 
0x86, 0xD8, 0xF7, 0xFF, 0x86, 0xD8, 0xF7, 0xFF, 0x86, 0xD8, 0xF7, 0xFF, 
0x86, 0xD8, 0xF7, 0xFF, 0x86, 0xD8, 0xF7, 0xFF, 0x86, 0xD8, 0xF7, 0xFF, 
0x86, 0xD8, 0xF7, 0xFF, 0x86, 0xD8, 0xF7, 0xFF, 0x86, 0xD8, 0xF7, 0xFF, 
0x86, 0xD8, 0xF7, 0xFF, 0x86, 0xD8, 0xF7, 0xFF, 0x84, 0xD7, 0xF7, 0xFF, 
0x84, 0xD7, 0xF7, 0xFF, 0x84, 0xD7, 0xF7, 0xFF, 0x84, 0xCF, 0xEF, 0xFF, 
0x29, 0x73, 0x79, 0xFF, 0x18, 0x65, 0x63, 0xFF, 0x18, 0x65, 0x63, 0xFF, 
0x18, 0x65, 0x63, 0xFF, 0x18, 0x65, 0x63, 0xFF, 0x18, 0x65, 0x63, 0xFF, 
0x08, 0x51, 0x52, 0xFF, 0x08, 0x51, 0x52, 0xFF, 0x08, 0x4D, 0x4A, 0xFF, 
0x08, 0x4D, 0x4A, 0xB7, 0x00, 0x00, 0x00, 0x00, 0x00, 0x00, 0x00, 0x00, 
0x00, 0x00, 0x00, 0x00, 0x00, 0x00, 0x00, 0x00, 0x00, 0x00, 0x00, 0x00, 
0x00, 0x00, 0x00, 0x00, 0x00, 0x00, 0x00, 0x00, 0x00, 0x00, 0x00, 0x00, 
0x00, 0x00, 0x00, 0x00, 0x00, 0x00, 0x00, 0x00, 0x00, 0x00, 0x00, 0x00, 
0x00, 0x00, 0x00, 0x00, 0x00, 0x00, 0x00, 0x00, 0x00, 0x00, 0x00, 0x00, 
0x00, 0x00, 0x00, 0x00, 0x00, 0x00, 0x00, 0x00, 0x00, 0x00, 0x00, 0x00, 
0x00, 0x00, 0x00, 0x00, 0x00, 0x00, 0x00, 0x00, 0x00, 0x00, 0x00, 0x00, 
0x10, 0x5D, 0x63, 0xB7, 0x10, 0x5D, 0x63, 0xFF, 0x16, 0x65, 0x65, 0xFF, 
0x16, 0x65, 0x65, 0xFF, 0x16, 0x65, 0x65, 0xFF, 0x16, 0x65, 0x65, 0xFF, 
0x18, 0x65, 0x63, 0xFF, 0x18, 0x65, 0x63, 0xFF, 0x29, 0x73, 0x79, 0xFF, 
0x4A, 0x92, 0xA5, 0xFF, 0x4A, 0x92, 0xA5, 0xFF, 0x4A, 0x92, 0xA5, 0xFF, 
0x4A, 0x92, 0xA5, 0xFF, 0x4A, 0x92, 0xA5, 0xFF, 0x4A, 0x92, 0xA5, 0xFF, 
0x4A, 0x92, 0xA5, 0xFF, 0x4A, 0x92, 0xA5, 0xFF, 0x4A, 0x92, 0xA5, 0xFF, 
0x4A, 0x92, 0xA5, 0xFF, 0x4A, 0x92, 0xA5, 0xFF, 0x4A, 0x92, 0xA5, 0xFF, 
0x4A, 0x92, 0xA5, 0xFF, 0x4A, 0x92, 0xA5, 0xFF, 0x4A, 0x92, 0xA5, 0xFF, 
0x4A, 0x92, 0xA5, 0xFF, 0x4A, 0x92, 0xA5, 0xFF, 0x4A, 0x92, 0xA5, 0xFF, 
0x4A, 0x92, 0xA5, 0xFF, 0x4A, 0x92, 0xA5, 0xFF, 0x4A, 0x92, 0xA5, 0xFF, 
0x4A, 0x92, 0xA5, 0xFF, 0x4A, 0x92, 0xA5, 0xFF, 0x4A, 0x92, 0xA5, 0xFF, 
0x29, 0x73, 0x79, 0xFF, 0x16, 0x65, 0x65, 0xFF, 0x16, 0x65, 0x65, 0xFF, 
0x16, 0x65, 0x65, 0xFF, 0x16, 0x65, 0x65, 0xFF, 0x18, 0x65, 0x63, 0xFF, 
0x18, 0x65, 0x63, 0xFF, 0x08, 0x51, 0x52, 0xFF, 0x08, 0x51, 0x52, 0xFF, 
0x08, 0x4D, 0x4A, 0xFF, 0x08, 0x4D, 0x4A, 0xB7, 0x00, 0x00, 0x00, 0x00, 
0x00, 0x00, 0x00, 0x00, 0x00, 0x00, 0x00, 0x00, 0x00, 0x00, 0x00, 0x00, 
0x00, 0x00, 0x00, 0x00, 0x00, 0x00, 0x00, 0x00, 0x00, 0x00, 0x00, 0x00, 
0x00, 0x00, 0x00, 0x00, 0x00, 0x00, 0x00, 0x00, 0x00, 0x00, 0x00, 0x00, 
0x00, 0x00, 0x00, 0x00, 0x00, 0x00, 0x00, 0x00, 0x00, 0x00, 0x00, 0x00, 
0x00, 0x00, 0x00, 0x00, 0x00, 0x00, 0x00, 0x00, 0x00, 0x00, 0x00, 0x00, 
0x00, 0x00, 0x00, 0x00, 0x00, 0x00, 0x00, 0x00, 0x00, 0x00, 0x00, 0x00, 
0x00, 0x00, 0x00, 0x00, 0x10, 0x5D, 0x63, 0xB7, 0x10, 0x5D, 0x63, 0xFF, 
0x16, 0x65, 0x65, 0xFF, 0x16, 0x65, 0x65, 0xFF, 0x16, 0x65, 0x65, 0xFF, 
0x16, 0x65, 0x65, 0xFF, 0x18, 0x65, 0x63, 0xFF, 0x18, 0x65, 0x63, 0xFF, 
0x18, 0x65, 0x63, 0xFF, 0x18, 0x65, 0x63, 0xFF, 0x18, 0x65, 0x63, 0xFF, 
0x18, 0x65, 0x63, 0xFF, 0x18, 0x65, 0x63, 0xFF, 0x18, 0x65, 0x63, 0xFF, 
0x18, 0x65, 0x63, 0xFF, 0x18, 0x65, 0x63, 0xFF, 0x18, 0x65, 0x63, 0xFF, 
0x18, 0x65, 0x63, 0xFF, 0x18, 0x65, 0x63, 0xFF, 0x18, 0x65, 0x63, 0xFF, 
0x18, 0x65, 0x63, 0xFF, 0x18, 0x65, 0x63, 0xFF, 0x18, 0x65, 0x63, 0xFF, 
0x18, 0x65, 0x63, 0xFF, 0x18, 0x65, 0x63, 0xFF, 0x18, 0x65, 0x63, 0xFF, 
0x18, 0x65, 0x63, 0xFF, 0x18, 0x65, 0x63, 0xFF, 0x18, 0x65, 0x63, 0xFF, 
0x18, 0x65, 0x63, 0xFF, 0x18, 0x65, 0x63, 0xFF, 0x18, 0x65, 0x63, 0xFF, 
0x18, 0x65, 0x63, 0xFF, 0x18, 0x65, 0x63, 0xFF, 0x16, 0x65, 0x65, 0xFF, 
0x16, 0x65, 0x65, 0xFF, 0x16, 0x65, 0x65, 0xFF, 0x16, 0x65, 0x65, 0xFF, 
0x18, 0x65, 0x63, 0xFF, 0x18, 0x65, 0x63, 0xFF, 0x08, 0x51, 0x52, 0xFF, 
0x08, 0x51, 0x52, 0xFF, 0x08, 0x4D, 0x4A, 0xFF, 0x08, 0x4D, 0x4A, 0xB7, 
0x00, 0x00, 0x00, 0x00, 0x00, 0x00, 0x00, 0x00, 0x00, 0x00, 0x00, 0x00, 
0x00, 0x00, 0x00, 0x00, 0x00, 0x00, 0x00, 0x00, 0x00, 0x00, 0x00, 0x00, 
0x00, 0x00, 0x00, 0x00, 0x00, 0x00, 0x00, 0x00, 0x00, 0x00, 0x00, 0x00, 
0x00, 0x00, 0x00, 0x00, 0x00, 0x00, 0x00, 0x00, 0x00, 0x00, 0x00, 0x00, 
0x00, 0x00, 0x00, 0x00, 0x00, 0x00, 0x00, 0x00, 0x00, 0x00, 0x00, 0x00, 
0x00, 0x00, 0x00, 0x00, 0x00, 0x00, 0x00, 0x00, 0x00, 0x00, 0x00, 0x00, 
0x00, 0x00, 0x00, 0x00, 0x00, 0x00, 0x00, 0x00, 0x10, 0x5D, 0x63, 0xB7, 
0x10, 0x5D, 0x63, 0xFF, 0x16, 0x65, 0x65, 0xFF, 0x16, 0x65, 0x65, 0xFF, 
0x16, 0x65, 0x65, 0xFF, 0x16, 0x65, 0x65, 0xFF, 0x18, 0x65, 0x63, 0xFF, 
0x18, 0x65, 0x63, 0xFF, 0x18, 0x65, 0x63, 0xFF, 0x18, 0x65, 0x63, 0xFF, 
0x18, 0x65, 0x63, 0xFF, 0x18, 0x65, 0x63, 0xFF, 0x18, 0x65, 0x63, 0xFF, 
0x18, 0x65, 0x63, 0xFF, 0x18, 0x65, 0x63, 0xFF, 0x18, 0x65, 0x63, 0xFF, 
0x18, 0x65, 0x63, 0xFF, 0x18, 0x65, 0x63, 0xFF, 0x18, 0x65, 0x63, 0xFF, 
0x18, 0x65, 0x63, 0xFF, 0x18, 0x65, 0x63, 0xFF, 0x18, 0x65, 0x63, 0xFF, 
0x18, 0x65, 0x63, 0xFF, 0x18, 0x65, 0x63, 0xFF, 0x18, 0x65, 0x63, 0xFF, 
0x18, 0x65, 0x63, 0xFF, 0x18, 0x65, 0x63, 0xFF, 0x18, 0x65, 0x63, 0xFF, 
0x18, 0x65, 0x63, 0xFF, 0x18, 0x65, 0x63, 0xFF, 0x18, 0x65, 0x63, 0xFF, 
0x18, 0x65, 0x63, 0xFF, 0x18, 0x65, 0x63, 0xFF, 0x18, 0x65, 0x63, 0xFF, 
0x16, 0x65, 0x65, 0xFF, 0x16, 0x65, 0x65, 0xFF, 0x16, 0x65, 0x65, 0xFF, 
0x16, 0x65, 0x65, 0xFF, 0x18, 0x65, 0x63, 0xFF, 0x18, 0x65, 0x63, 0xFF, 
0x08, 0x51, 0x52, 0xFF, 0x08, 0x51, 0x52, 0xFF, 0x08, 0x4D, 0x4A, 0xFF, 
0x08, 0x4D, 0x4A, 0xB7, 0x00, 0x00, 0x00, 0x00, 0x00, 0x00, 0x00, 0x00, 
0x00, 0x00, 0x00, 0x00, 0x00, 0x00, 0x00, 0x00, 0x00, 0x00, 0x00, 0x00, 
0x00, 0x00, 0x00, 0x00, 0x00, 0x00, 0x00, 0x00, 0x00, 0x00, 0x00, 0x00, 
0x00, 0x00, 0x00, 0x00, 0x00, 0x00, 0x00, 0x00, 0x00, 0x00, 0x00, 0x00, 
0x00, 0x00, 0x00, 0x00, 0x00, 0x00, 0x00, 0x00, 0x00, 0x00, 0x00, 0x00, 
0x00, 0x00, 0x00, 0x00, 0x00, 0x00, 0x00, 0x00, 0x00, 0x00, 0x00, 0x00, 
0x00, 0x00, 0x00, 0x00, 0x00, 0x00, 0x00, 0x00, 0x00, 0x00, 0x00, 0x00, 
0x10, 0x5D, 0x63, 0xB7, 0x10, 0x5D, 0x63, 0xFF, 0x16, 0x65, 0x65, 0xFF, 
0x16, 0x65, 0x65, 0xFF, 0x16, 0x65, 0x65, 0xFF, 0x16, 0x65, 0x65, 0xFF, 
0x18, 0x65, 0x63, 0xFF, 0x18, 0x65, 0x63, 0xFF, 0x29, 0x73, 0x79, 0xFF, 
0x4A, 0x92, 0xA5, 0xFF, 0x4A, 0x92, 0xA5, 0xFF, 0x4A, 0x92, 0xA5, 0xFF, 
0x4A, 0x92, 0xA5, 0xFF, 0x4A, 0x92, 0xA5, 0xFF, 0x4A, 0x92, 0xA5, 0xFF, 
0x4A, 0x92, 0xA5, 0xFF, 0x4A, 0x92, 0xA5, 0xFF, 0x4A, 0x92, 0xA5, 0xFF, 
0x4A, 0x92, 0xA5, 0xFF, 0x4A, 0x92, 0xA5, 0xFF, 0x4A, 0x92, 0xA5, 0xFF, 
0x4A, 0x92, 0xA5, 0xFF, 0x4A, 0x92, 0xA5, 0xFF, 0x4A, 0x92, 0xA5, 0xFF, 
0x4A, 0x92, 0xA5, 0xFF, 0x4A, 0x92, 0xA5, 0xFF, 0x4A, 0x92, 0xA5, 0xFF, 
0x4A, 0x92, 0xA5, 0xFF, 0x4A, 0x92, 0xA5, 0xFF, 0x4A, 0x92, 0xA5, 0xFF, 
0x4A, 0x92, 0xA5, 0xFF, 0x4A, 0x92, 0xA5, 0xFF, 0x4A, 0x92, 0xA5, 0xFF, 
0x29, 0x73, 0x79, 0xFF, 0x16, 0x65, 0x65, 0xFF, 0x16, 0x65, 0x65, 0xFF, 
0x16, 0x65, 0x65, 0xFF, 0x16, 0x65, 0x65, 0xFF, 0x18, 0x65, 0x63, 0xFF, 
0x18, 0x65, 0x63, 0xFF, 0x08, 0x51, 0x52, 0xFF, 0x08, 0x51, 0x52, 0xFF, 
0x08, 0x4D, 0x4A, 0xFF, 0x08, 0x4D, 0x4A, 0xB7, 0x00, 0x00, 0x00, 0x00, 
0x00, 0x00, 0x00, 0x00, 0x00, 0x00, 0x00, 0x00, 0x00, 0x00, 0x00, 0x00, 
0x00, 0x00, 0x00, 0x00, 0x00, 0x00, 0x00, 0x00, 0x00, 0x00, 0x00, 0x00, 
0x00, 0x00, 0x00, 0x00, 0x00, 0x00, 0x00, 0x00, 0x00, 0x00, 0x00, 0x00, 
0x00, 0x00, 0x00, 0x00, 0x00, 0x00, 0x00, 0x00, 0x00, 0x00, 0x00, 0x00, 
0x00, 0x00, 0x00, 0x00, 0x00, 0x00, 0x00, 0x00, 0x00, 0x00, 0x00, 0x00, 
0x00, 0x00, 0x00, 0x00, 0x00, 0x00, 0x00, 0x00, 0x00, 0x00, 0x00, 0x00, 
0x00, 0x00, 0x00, 0x00, 0x10, 0x5D, 0x63, 0xB7, 0x10, 0x5D, 0x63, 0xFF, 
0x16, 0x65, 0x65, 0xFF, 0x16, 0x65, 0x65, 0xFF, 0x16, 0x65, 0x65, 0xFF, 
0x16, 0x65, 0x65, 0xFF, 0x18, 0x65, 0x6B, 0xFF, 0x18, 0x65, 0x6B, 0xFF, 
0x84, 0xD7, 0xF7, 0xFF, 0x84, 0xD7, 0xF7, 0xFF, 0x86, 0xD8, 0xF7, 0xFF, 
0x86, 0xD8, 0xF7, 0xFF, 0x86, 0xD8, 0xF7, 0xFF, 0x86, 0xD8, 0xF7, 0xFF, 
0x86, 0xD8, 0xF7, 0xFF, 0x86, 0xD8, 0xF7, 0xFF, 0x86, 0xD8, 0xF7, 0xFF, 
0x86, 0xD8, 0xF7, 0xFF, 0x86, 0xD8, 0xF7, 0xFF, 0x86, 0xD8, 0xF7, 0xFF, 
0x86, 0xD8, 0xF7, 0xFF, 0x86, 0xD8, 0xF7, 0xFF, 0x86, 0xD8, 0xF7, 0xFF, 
0x86, 0xD8, 0xF7, 0xFF, 0x86, 0xD8, 0xF7, 0xFF, 0x86, 0xD8, 0xF7, 0xFF, 
0x86, 0xD8, 0xF7, 0xFF, 0x86, 0xD8, 0xF7, 0xFF, 0x86, 0xD8, 0xF7, 0xFF, 
0x86, 0xD8, 0xF7, 0xFF, 0x84, 0xD7, 0xF7, 0xFF, 0x84, 0xD7, 0xF7, 0xFF, 
0x84, 0xD7, 0xF7, 0xFF, 0x84, 0xCF, 0xEF, 0xFF, 0x29, 0x73, 0x79, 0xFF, 
0x18, 0x65, 0x63, 0xFF, 0x18, 0x65, 0x63, 0xFF, 0x18, 0x65, 0x63, 0xFF, 
0x18, 0x65, 0x63, 0xFF, 0x18, 0x65, 0x63, 0xFF, 0x08, 0x51, 0x52, 0xFF, 
0x08, 0x51, 0x52, 0xFF, 0x08, 0x4D, 0x4A, 0xFF, 0x08, 0x4D, 0x4A, 0xB7, 
0x00, 0x00, 0x00, 0x00, 0x00, 0x00, 0x00, 0x00, 0x00, 0x00, 0x00, 0x00, 
0x00, 0x00, 0x00, 0x00, 0x00, 0x00, 0x00, 0x00, 0x00, 0x00, 0x00, 0x00, 
0x00, 0x00, 0x00, 0x00, 0x00, 0x00, 0x00, 0x00, 0x00, 0x00, 0x00, 0x00, 
0x00, 0x00, 0x00, 0x00, 0x00, 0x00, 0x00, 0x00, 0x00, 0x00, 0x00, 0x00, 
0x00, 0x00, 0x00, 0x00, 0x00, 0x00, 0x00, 0x00, 0x00, 0x00, 0x00, 0x00, 
0x00, 0x00, 0x00, 0x00, 0x00, 0x00, 0x00, 0x00, 0x00, 0x00, 0x00, 0x00, 
0x00, 0x00, 0x00, 0x00, 0x00, 0x00, 0x00, 0x00, 0x10, 0x5D, 0x63, 0xB7, 
0x10, 0x5D, 0x63, 0xFF, 0x16, 0x65, 0x65, 0xFF, 0x16, 0x65, 0x65, 0xFF, 
0x16, 0x65, 0x65, 0xFF, 0x16, 0x65, 0x65, 0xFF, 0x18, 0x65, 0x6B, 0xFF, 
0x3C, 0x89, 0x9A, 0xFF, 0x84, 0xD7, 0xF7, 0xFF, 0x84, 0xD7, 0xF7, 0xFF, 
0x86, 0xD8, 0xF7, 0xFF, 0x86, 0xD8, 0xF7, 0xFF, 0x86, 0xD8, 0xF7, 0xFF, 
0x86, 0xD8, 0xF7, 0xFF, 0x86, 0xD8, 0xF7, 0xFF, 0x86, 0xD8, 0xF7, 0xFF, 
0x86, 0xD8, 0xF7, 0xFF, 0x86, 0xD8, 0xF7, 0xFF, 0x86, 0xD8, 0xF7, 0xFF, 
0x86, 0xD8, 0xF7, 0xFF, 0x86, 0xD8, 0xF7, 0xFF, 0x86, 0xD8, 0xF7, 0xFF, 
0x86, 0xD8, 0xF7, 0xFF, 0x86, 0xD8, 0xF7, 0xFF, 0x86, 0xD8, 0xF7, 0xFF, 
0x86, 0xD8, 0xF7, 0xFF, 0x86, 0xD8, 0xF7, 0xFF, 0x86, 0xD8, 0xF7, 0xFF, 
0x86, 0xD8, 0xF7, 0xFF, 0x86, 0xD8, 0xF7, 0xFF, 0x84, 0xD7, 0xF7, 0xFF, 
0x84, 0xD7, 0xF7, 0xFF, 0x84, 0xD7, 0xF7, 0xFF, 0x84, 0xD7, 0xF7, 0xFF, 
0x4A, 0x92, 0xA5, 0xFF, 0x18, 0x65, 0x63, 0xFF, 0x18, 0x65, 0x63, 0xFF, 
0x18, 0x65, 0x63, 0xFF, 0x18, 0x65, 0x63, 0xFF, 0x18, 0x65, 0x63, 0xFF, 
0x08, 0x51, 0x52, 0xFF, 0x08, 0x51, 0x52, 0xFF, 0x08, 0x4D, 0x4A, 0xFF, 
0x08, 0x4D, 0x4A, 0xB7, 0x00, 0x00, 0x00, 0x00, 0x00, 0x00, 0x00, 0x00, 
0x00, 0x00, 0x00, 0x00, 0x00, 0x00, 0x00, 0x00, 0x00, 0x00, 0x00, 0x00, 
0x00, 0x00, 0x00, 0x00, 0x00, 0x00, 0x00, 0x00, 0x00, 0x00, 0x00, 0x00, 
0x00, 0x00, 0x00, 0x00, 0x00, 0x00, 0x00, 0x00, 0x00, 0x00, 0x00, 0x00, 
0x00, 0x00, 0x00, 0x00, 0x00, 0x00, 0x00, 0x00, 0x00, 0x00, 0x00, 0x00, 
0x00, 0x00, 0x00, 0x00, 0x00, 0x00, 0x00, 0x00, 0x00, 0x00, 0x00, 0x00, 
0x00, 0x00, 0x00, 0x00, 0x00, 0x00, 0x00, 0x00, 0x00, 0x00, 0x00, 0x00, 
0x10, 0x5D, 0x63, 0xB7, 0x10, 0x5D, 0x63, 0xFF, 0x16, 0x65, 0x65, 0xFF, 
0x16, 0x65, 0x65, 0xFF, 0x16, 0x65, 0x65, 0xFF, 0x16, 0x65, 0x65, 0xFF, 
0x18, 0x65, 0x6B, 0xFF, 0x3C, 0x89, 0x9A, 0xFF, 0x84, 0xD7, 0xF7, 0xFF, 
0x84, 0xD7, 0xF7, 0xFF, 0x86, 0xD8, 0xF7, 0xFF, 0x86, 0xD8, 0xF7, 0xFF, 
0x86, 0xD8, 0xF7, 0xFF, 0x86, 0xD8, 0xF7, 0xFF, 0x86, 0xD8, 0xF7, 0xFF, 
0x86, 0xD8, 0xF7, 0xFF, 0x86, 0xD8, 0xF7, 0xFF, 0x86, 0xD8, 0xF7, 0xFF, 
0x86, 0xD8, 0xF7, 0xFF, 0x86, 0xD8, 0xF7, 0xFF, 0x86, 0xD8, 0xF7, 0xFF, 
0x86, 0xD8, 0xF7, 0xFF, 0x86, 0xD8, 0xF7, 0xFF, 0x86, 0xD8, 0xF7, 0xFF, 
0x86, 0xD8, 0xF7, 0xFF, 0x86, 0xD8, 0xF7, 0xFF, 0x86, 0xD8, 0xF7, 0xFF, 
0x86, 0xD8, 0xF7, 0xFF, 0x86, 0xD8, 0xF7, 0xFF, 0x86, 0xD8, 0xF7, 0xFF, 
0x84, 0xD7, 0xF7, 0xFF, 0x84, 0xD7, 0xF7, 0xFF, 0x84, 0xD7, 0xF7, 0xFF, 
0x84, 0xD7, 0xF7, 0xFF, 0x4A, 0x92, 0xA5, 0xFF, 0x18, 0x65, 0x63, 0xFF, 
0x18, 0x65, 0x63, 0xFF, 0x18, 0x65, 0x63, 0xFF, 0x18, 0x65, 0x63, 0xFF, 
0x18, 0x65, 0x63, 0xFF, 0x08, 0x51, 0x52, 0xFF, 0x08, 0x51, 0x52, 0xFF, 
0x08, 0x4D, 0x4A, 0xFF, 0x08, 0x4D, 0x4A, 0xB7, 0x00, 0x00, 0x00, 0x00, 
0x00, 0x00, 0x00, 0x00, 0x00, 0x00, 0x00, 0x00, 0x00, 0x00, 0x00, 0x00, 
0x00, 0x00, 0x00, 0x00, 0x00, 0x00, 0x00, 0x00, 0x00, 0x00, 0x00, 0x00, 
0x00, 0x00, 0x00, 0x00, 0x00, 0x00, 0x00, 0x00, 0x00, 0x00, 0x00, 0x00, 
0x00, 0x00, 0x00, 0x00, 0x00, 0x00, 0x00, 0x00, 0x00, 0x00, 0x00, 0x00, 
0x00, 0x00, 0x00, 0x00, 0x00, 0x00, 0x00, 0x00, 0x00, 0x00, 0x00, 0x00, 
0x00, 0x00, 0x00, 0x00, 0x00, 0x00, 0x00, 0x00, 0x00, 0x00, 0x00, 0x00, 
0x00, 0x00, 0x00, 0x00, 0x10, 0x5D, 0x63, 0xB7, 0x10, 0x5D, 0x63, 0xFF, 
0x16, 0x65, 0x65, 0xFF, 0x16, 0x65, 0x65, 0xFF, 0x16, 0x65, 0x65, 0xFF, 
0x16, 0x65, 0x65, 0xFF, 0x18, 0x65, 0x6B, 0xFF, 0x3C, 0x89, 0x9A, 0xFF, 
0x84, 0xD7, 0xF7, 0xFF, 0x84, 0xD7, 0xF7, 0xFF, 0x86, 0xD8, 0xF7, 0xFF, 
0x86, 0xD8, 0xF7, 0xFF, 0x86, 0xD8, 0xF7, 0xFF, 0x86, 0xD8, 0xF7, 0xFF, 
0x86, 0xD8, 0xF7, 0xFF, 0x86, 0xD8, 0xF7, 0xFF, 0x86, 0xD8, 0xF7, 0xFF, 
0x86, 0xD8, 0xF7, 0xFF, 0x86, 0xD8, 0xF7, 0xFF, 0x86, 0xD8, 0xF7, 0xFF, 
0x86, 0xD8, 0xF7, 0xFF, 0x86, 0xD8, 0xF7, 0xFF, 0x86, 0xD8, 0xF7, 0xFF, 
0x86, 0xD8, 0xF7, 0xFF, 0x86, 0xD8, 0xF7, 0xFF, 0x86, 0xD8, 0xF7, 0xFF, 
0x86, 0xD8, 0xF7, 0xFF, 0x86, 0xD8, 0xF7, 0xFF, 0x86, 0xD8, 0xF7, 0xFF, 
0x86, 0xD8, 0xF7, 0xFF, 0x84, 0xD7, 0xF7, 0xFF, 0x84, 0xD7, 0xF7, 0xFF, 
0x84, 0xD7, 0xF7, 0xFF, 0x84, 0xD7, 0xF7, 0xFF, 0x4A, 0x92, 0xA5, 0xFF, 
0x18, 0x65, 0x63, 0xFF, 0x18, 0x65, 0x63, 0xFF, 0x18, 0x65, 0x63, 0xFF, 
0x18, 0x65, 0x63, 0xFF, 0x18, 0x65, 0x63, 0xFF, 0x08, 0x51, 0x52, 0xFF, 
0x08, 0x51, 0x52, 0xFF, 0x08, 0x4D, 0x4A, 0xFF, 0x08, 0x4D, 0x4A, 0xB7, 
0x00, 0x00, 0x00, 0x00, 0x00, 0x00, 0x00, 0x00, 0x00, 0x00, 0x00, 0x00, 
0x00, 0x00, 0x00, 0x00, 0x00, 0x00, 0x00, 0x00, 0x00, 0x00, 0x00, 0x00, 
0x00, 0x00, 0x00, 0x00, 0x00, 0x00, 0x00, 0x00, 0x00, 0x00, 0x00, 0x00, 
0x00, 0x00, 0x00, 0x00, 0x00, 0x00, 0x00, 0x00, 0x00, 0x00, 0x00, 0x00, 
0x00, 0x00, 0x00, 0x00, 0x00, 0x00, 0x00, 0x00, 0x00, 0x00, 0x00, 0x00, 
0x00, 0x00, 0x00, 0x00, 0x00, 0x00, 0x00, 0x00, 0x00, 0x00, 0x00, 0x00, 
0x00, 0x00, 0x00, 0x00, 0x00, 0x00, 0x00, 0x00, 0x10, 0x5D, 0x63, 0xB7, 
0x10, 0x5D, 0x63, 0xFF, 0x16, 0x65, 0x65, 0xFF, 0x16, 0x65, 0x65, 0xFF, 
0x16, 0x65, 0x65, 0xFF, 0x16, 0x65, 0x65, 0xFF, 0x18, 0x61, 0x63, 0xFF, 
0x3C, 0x85, 0x91, 0xFF, 0x84, 0xD3, 0xEF, 0xFF, 0x84, 0xD3, 0xEF, 0xFF, 
0x8C, 0xD7, 0xF7, 0xFF, 0x8C, 0xD7, 0xF7, 0xFF, 0x8C, 0xD7, 0xF7, 0xFF, 
0x8C, 0xD7, 0xF7, 0xFF, 0x8C, 0xD7, 0xF7, 0xFF, 0x8C, 0xD7, 0xF7, 0xFF, 
0x8C, 0xD7, 0xF7, 0xFF, 0x8C, 0xD7, 0xF7, 0xFF, 0x8C, 0xD7, 0xF7, 0xFF, 
0x8C, 0xD7, 0xF7, 0xFF, 0x8C, 0xD7, 0xF7, 0xFF, 0x8C, 0xD7, 0xF7, 0xFF, 
0x8C, 0xD7, 0xF7, 0xFF, 0x8C, 0xD7, 0xF7, 0xFF, 0x8C, 0xD7, 0xF7, 0xFF, 
0x8C, 0xD7, 0xF7, 0xFF, 0x8C, 0xD7, 0xF7, 0xFF, 0x8C, 0xD7, 0xF7, 0xFF, 
0x8C, 0xD7, 0xF7, 0xFF, 0x8C, 0xD7, 0xF7, 0xFF, 0x84, 0xD7, 0xF7, 0xFF, 
0x84, 0xD7, 0xF7, 0xFF, 0x84, 0xD7, 0xF7, 0xFF, 0x84, 0xD7, 0xF7, 0xFF, 
0x4A, 0x92, 0xA5, 0xFF, 0x18, 0x65, 0x63, 0xFF, 0x18, 0x65, 0x63, 0xFF, 
0x18, 0x65, 0x63, 0xFF, 0x18, 0x65, 0x63, 0xFF, 0x18, 0x65, 0x63, 0xFF, 
0x08, 0x51, 0x52, 0xFF, 0x08, 0x51, 0x52, 0xFF, 0x08, 0x4D, 0x4A, 0xFF, 
0x08, 0x4D, 0x4A, 0xB7, 0x00, 0x00, 0x00, 0x00, 0x00, 0x00, 0x00, 0x00, 
0x00, 0x00, 0x00, 0x00, 0x00, 0x00, 0x00, 0x00, 0x00, 0x00, 0x00, 0x00, 
0x00, 0x00, 0x00, 0x00, 0x00, 0x00, 0x00, 0x00, 0x00, 0x00, 0x00, 0x00, 
0x00, 0x00, 0x00, 0x00, 0x00, 0x00, 0x00, 0x00, 0x00, 0x00, 0x00, 0x00, 
0x00, 0x00, 0x00, 0x00, 0x00, 0x00, 0x00, 0x00, 0x00, 0x00, 0x00, 0x00, 
0x00, 0x00, 0x00, 0x00, 0x00, 0x00, 0x00, 0x00, 0x00, 0x00, 0x00, 0x00, 
0x00, 0x00, 0x00, 0x00, 0x00, 0x00, 0x00, 0x00, 0x00, 0x00, 0x00, 0x00, 
0x10, 0x5D, 0x63, 0xB7, 0x10, 0x5D, 0x63, 0xFF, 0x16, 0x65, 0x65, 0xFF, 
0x16, 0x65, 0x65, 0xFF, 0x16, 0x65, 0x65, 0xFF, 0x16, 0x65, 0x65, 0xFF, 
0x18, 0x61, 0x63, 0xFF, 0x3C, 0x85, 0x91, 0xFF, 0x84, 0xD3, 0xEF, 0xFF, 
0x84, 0xD3, 0xEF, 0xFF, 0x8C, 0xD7, 0xF7, 0xFF, 0x8C, 0xD7, 0xF7, 0xFF, 
0x8C, 0xD7, 0xF7, 0xFF, 0x8C, 0xD7, 0xF7, 0xFF, 0x8C, 0xD7, 0xF7, 0xFF, 
0x8C, 0xD7, 0xF7, 0xFF, 0x8C, 0xD7, 0xF7, 0xFF, 0x8C, 0xD7, 0xF7, 0xFF, 
0x8C, 0xD7, 0xF7, 0xFF, 0x8C, 0xD7, 0xF7, 0xFF, 0x8C, 0xD7, 0xF7, 0xFF, 
0x8C, 0xD7, 0xF7, 0xFF, 0x8C, 0xD7, 0xF7, 0xFF, 0x8C, 0xD7, 0xF7, 0xFF, 
0x8C, 0xD7, 0xF7, 0xFF, 0x8C, 0xD7, 0xF7, 0xFF, 0x8C, 0xD7, 0xF7, 0xFF, 
0x8C, 0xD7, 0xF7, 0xFF, 0x8C, 0xD7, 0xF7, 0xFF, 0x8C, 0xD7, 0xF7, 0xFF, 
0x84, 0xD7, 0xF7, 0xFF, 0x84, 0xD7, 0xF7, 0xFF, 0x84, 0xD7, 0xF7, 0xFF, 
0x84, 0xD7, 0xF7, 0xFF, 0x29, 0x73, 0x79, 0xFF, 0x18, 0x65, 0x63, 0xFF, 
0x18, 0x65, 0x63, 0xFF, 0x18, 0x65, 0x63, 0xFF, 0x18, 0x65, 0x63, 0xFF, 
0x18, 0x65, 0x63, 0xFF, 0x08, 0x51, 0x52, 0xFF, 0x08, 0x51, 0x52, 0xFF, 
0x08, 0x4D, 0x4A, 0xFF, 0x08, 0x4D, 0x4A, 0xB7, 0x00, 0x00, 0x00, 0x00, 
0x00, 0x00, 0x00, 0x00, 0x00, 0x00, 0x00, 0x00, 0x00, 0x00, 0x00, 0x00, 
0x00, 0x00, 0x00, 0x00, 0x00, 0x00, 0x00, 0x00, 0x00, 0x00, 0x00, 0x00, 
0x00, 0x00, 0x00, 0x00, 0x00, 0x00, 0x00, 0x00, 0x00, 0x00, 0x00, 0x00, 
0x00, 0x00, 0x00, 0x00, 0x00, 0x00, 0x00, 0x00, 0x00, 0x00, 0x00, 0x00, 
0x00, 0x00, 0x00, 0x00, 0x00, 0x00, 0x00, 0x00, 0x00, 0x00, 0x00, 0x00, 
0x00, 0x00, 0x00, 0x00, 0x00, 0x00, 0x00, 0x00, 0x00, 0x00, 0x00, 0x00, 
0x00, 0x00, 0x00, 0x00, 0x10, 0x5D, 0x63, 0xB7, 0x10, 0x5D, 0x63, 0xFF, 
0x16, 0x65, 0x65, 0xFF, 0x16, 0x65, 0x65, 0xFF, 0x16, 0x65, 0x65, 0xFF, 
0x16, 0x65, 0x65, 0xFF, 0x18, 0x61, 0x63, 0xFF, 0x18, 0x61, 0x63, 0xFF, 
0x3C, 0x85, 0x91, 0xFF, 0x3C, 0x85, 0x91, 0xFF, 0x3F, 0x89, 0x9A, 0xFF, 
0x3F, 0x89, 0x9A, 0xFF, 0x3F, 0x89, 0x9A, 0xFF, 0x3F, 0x89, 0x9A, 0xFF, 
0x3F, 0x89, 0x9A, 0xFF, 0x3F, 0x89, 0x9A, 0xFF, 0x3F, 0x89, 0x9A, 0xFF, 
0x3F, 0x89, 0x9A, 0xFF, 0x3F, 0x89, 0x9A, 0xFF, 0x3F, 0x89, 0x9A, 0xFF, 
0x3F, 0x89, 0x9A, 0xFF, 0x3F, 0x89, 0x9A, 0xFF, 0x3F, 0x89, 0x9A, 0xFF, 
0x3F, 0x89, 0x9A, 0xFF, 0x3F, 0x89, 0x9A, 0xFF, 0x3F, 0x89, 0x9A, 0xFF, 
0x3F, 0x89, 0x9A, 0xFF, 0x3F, 0x89, 0x9A, 0xFF, 0x3F, 0x89, 0x9A, 0xFF, 
0x3F, 0x89, 0x9A, 0xFF, 0x3C, 0x89, 0x9A, 0xFF, 0x3C, 0x89, 0x9A, 0xFF, 
0x3C, 0x89, 0x9A, 0xFF, 0x18, 0x65, 0x6B, 0xFF, 0x18, 0x65, 0x63, 0xFF, 
0x18, 0x65, 0x63, 0xFF, 0x18, 0x65, 0x63, 0xFF, 0x18, 0x65, 0x63, 0xFF, 
0x18, 0x65, 0x63, 0xFF, 0x18, 0x65, 0x63, 0xFF, 0x08, 0x51, 0x52, 0xFF, 
0x08, 0x51, 0x52, 0xFF, 0x08, 0x4D, 0x4A, 0xFF, 0x08, 0x4D, 0x4A, 0xB7, 
0x00, 0x00, 0x00, 0x00, 0x00, 0x00, 0x00, 0x00, 0x00, 0x00, 0x00, 0x00, 
0x00, 0x00, 0x00, 0x00, 0x00, 0x00, 0x00, 0x00, 0x00, 0x00, 0x00, 0x00, 
0x00, 0x00, 0x00, 0x00, 0x00, 0x00, 0x00, 0x00, 0x00, 0x00, 0x00, 0x00, 
0x00, 0x00, 0x00, 0x00, 0x00, 0x00, 0x00, 0x00, 0x00, 0x00, 0x00, 0x00, 
0x00, 0x00, 0x00, 0x00, 0x00, 0x00, 0x00, 0x00, 0x00, 0x00, 0x00, 0x00, 
0x00, 0x00, 0x00, 0x00, 0x00, 0x00, 0x00, 0x00, 0x00, 0x00, 0x00, 0x00, 
0x00, 0x00, 0x00, 0x00, 0x00, 0x00, 0x00, 0x00, 0x10, 0x5D, 0x63, 0xB7, 
0x10, 0x5D, 0x63, 0xFF, 0x16, 0x65, 0x65, 0xFF, 0x16, 0x65, 0x65, 0xFF, 
0x16, 0x65, 0x65, 0xFF, 0x16, 0x65, 0x65, 0xFF, 0x18, 0x61, 0x63, 0xFF, 
0x18, 0x61, 0x63, 0xFF, 0x18, 0x61, 0x63, 0xFF, 0x18, 0x61, 0x63, 0xFF, 
0x18, 0x65, 0x6B, 0xFF, 0x18, 0x65, 0x6B, 0xFF, 0x18, 0x65, 0x6B, 0xFF, 
0x18, 0x65, 0x6B, 0xFF, 0x18, 0x65, 0x6B, 0xFF, 0x18, 0x65, 0x6B, 0xFF, 
0x18, 0x65, 0x6B, 0xFF, 0x18, 0x65, 0x6B, 0xFF, 0x18, 0x65, 0x6B, 0xFF, 
0x18, 0x65, 0x6B, 0xFF, 0x18, 0x65, 0x6B, 0xFF, 0x18, 0x65, 0x6B, 0xFF, 
0x18, 0x65, 0x6B, 0xFF, 0x18, 0x65, 0x6B, 0xFF, 0x18, 0x65, 0x6B, 0xFF, 
0x18, 0x65, 0x6B, 0xFF, 0x18, 0x65, 0x6B, 0xFF, 0x18, 0x65, 0x6B, 0xFF, 
0x18, 0x65, 0x6B, 0xFF, 0x18, 0x65, 0x6B, 0xFF, 0x18, 0x65, 0x6B, 0xFF, 
0x18, 0x65, 0x6B, 0xFF, 0x18, 0x65, 0x6B, 0xFF, 0x18, 0x65, 0x6B, 0xFF, 
0x18, 0x65, 0x63, 0xFF, 0x18, 0x65, 0x63, 0xFF, 0x18, 0x65, 0x63, 0xFF, 
0x18, 0x65, 0x63, 0xFF, 0x18, 0x65, 0x63, 0xFF, 0x18, 0x65, 0x63, 0xFF, 
0x08, 0x51, 0x52, 0xFF, 0x08, 0x51, 0x52, 0xFF, 0x08, 0x4D, 0x4A, 0xFF, 
0x08, 0x4D, 0x4A, 0xB7, 0x00, 0x00, 0x00, 0x00, 0x00, 0x00, 0x00, 0x00, 
0x00, 0x00, 0x00, 0x00, 0x00, 0x00, 0x00, 0x00, 0x00, 0x00, 0x00, 0x00, 
0x00, 0x00, 0x00, 0x00, 0x00, 0x00, 0x00, 0x00, 0x00, 0x00, 0x00, 0x00, 
0x00, 0x00, 0x00, 0x00, 0x00, 0x00, 0x00, 0x00, 0x00, 0x00, 0x00, 0x00, 
0x00, 0x00, 0x00, 0x00, 0x00, 0x00, 0x00, 0x00, 0x00, 0x00, 0x00, 0x00, 
0x00, 0x00, 0x00, 0x00, 0x00, 0x00, 0x00, 0x00, 0x00, 0x00, 0x00, 0x00, 
0x00, 0x00, 0x00, 0x00, 0x00, 0x00, 0x00, 0x00, 0x00, 0x00, 0x00, 0x00, 
0x10, 0x5D, 0x63, 0xB7, 0x10, 0x5D, 0x63, 0xFF, 0x16, 0x65, 0x65, 0xFF, 
0x16, 0x65, 0x65, 0xFF, 0x16, 0x65, 0x65, 0xFF, 0x16, 0x65, 0x65, 0xFF, 
0x18, 0x61, 0x63, 0xFF, 0x18, 0x61, 0x63, 0xFF, 0x18, 0x61, 0x63, 0xFF, 
0x18, 0x61, 0x63, 0xFF, 0x18, 0x65, 0x6B, 0xFF, 0x18, 0x65, 0x6B, 0xFF, 
0x18, 0x65, 0x6B, 0xFF, 0x18, 0x65, 0x6B, 0xFF, 0x18, 0x65, 0x6B, 0xFF, 
0x18, 0x65, 0x6B, 0xFF, 0x18, 0x65, 0x6B, 0xFF, 0x18, 0x65, 0x6B, 0xFF, 
0x18, 0x65, 0x6B, 0xFF, 0x18, 0x65, 0x6B, 0xFF, 0x18, 0x65, 0x6B, 0xFF, 
0x18, 0x65, 0x6B, 0xFF, 0x18, 0x65, 0x6B, 0xFF, 0x18, 0x65, 0x6B, 0xFF, 
0x18, 0x65, 0x6B, 0xFF, 0x18, 0x65, 0x6B, 0xFF, 0x18, 0x65, 0x6B, 0xFF, 
0x18, 0x65, 0x6B, 0xFF, 0x18, 0x65, 0x6B, 0xFF, 0x18, 0x65, 0x6B, 0xFF, 
0x18, 0x65, 0x6B, 0xFF, 0x18, 0x65, 0x6B, 0xFF, 0x18, 0x65, 0x6B, 0xFF, 
0x18, 0x65, 0x6B, 0xFF, 0x18, 0x65, 0x63, 0xFF, 0x18, 0x65, 0x63, 0xFF, 
0x18, 0x65, 0x63, 0xFF, 0x18, 0x65, 0x63, 0xFF, 0x18, 0x65, 0x63, 0xFF, 
0x18, 0x65, 0x63, 0xFF, 0x08, 0x51, 0x52, 0xFF, 0x08, 0x51, 0x52, 0xFF, 
0x08, 0x4D, 0x4A, 0xFF, 0x08, 0x4D, 0x4A, 0xB7, 0x00, 0x00, 0x00, 0x00, 
0x00, 0x00, 0x00, 0x00, 0x00, 0x00, 0x00, 0x00, 0x00, 0x00, 0x00, 0x00, 
0x00, 0x00, 0x00, 0x00, 0x00, 0x00, 0x00, 0x00, 0x00, 0x00, 0x00, 0x00, 
0x00, 0x00, 0x00, 0x00, 0x00, 0x00, 0x00, 0x00, 0x00, 0x00, 0x00, 0x00, 
0x00, 0x00, 0x00, 0x00, 0x00, 0x00, 0x00, 0x00, 0x00, 0x00, 0x00, 0x00, 
0x00, 0x00, 0x00, 0x00, 0x00, 0x00, 0x00, 0x00, 0x00, 0x00, 0x00, 0x00, 
0x00, 0x00, 0x00, 0x00, 0x00, 0x00, 0x00, 0x00, 0x00, 0x00, 0x00, 0x00, 
0x00, 0x00, 0x00, 0x00, 0x10, 0x5D, 0x63, 0xB7, 0x10, 0x5D, 0x63, 0xFF, 
0x16, 0x65, 0x65, 0xFF, 0x16, 0x65, 0x65, 0xFF, 0x16, 0x65, 0x65, 0xFF, 
0x16, 0x65, 0x65, 0xFF, 0x18, 0x61, 0x63, 0xFF, 0x18, 0x61, 0x63, 0xFF, 
0x3C, 0x85, 0x91, 0xFF, 0x3C, 0x85, 0x91, 0xFF, 0x3F, 0x89, 0x9A, 0xFF, 
0x3F, 0x89, 0x9A, 0xFF, 0x3F, 0x89, 0x9A, 0xFF, 0x3F, 0x89, 0x9A, 0xFF, 
0x3F, 0x89, 0x9A, 0xFF, 0x3F, 0x89, 0x9A, 0xFF, 0x3F, 0x89, 0x9A, 0xFF, 
0x3F, 0x89, 0x9A, 0xFF, 0x3F, 0x89, 0x9A, 0xFF, 0x3F, 0x89, 0x9A, 0xFF, 
0x3F, 0x89, 0x9A, 0xFF, 0x3F, 0x89, 0x9A, 0xFF, 0x3F, 0x89, 0x9A, 0xFF, 
0x3F, 0x89, 0x9A, 0xFF, 0x3F, 0x89, 0x9A, 0xFF, 0x3F, 0x89, 0x9A, 0xFF, 
0x3F, 0x89, 0x9A, 0xFF, 0x3F, 0x89, 0x9A, 0xFF, 0x3F, 0x89, 0x9A, 0xFF, 
0x3F, 0x89, 0x9A, 0xFF, 0x3C, 0x89, 0x9A, 0xFF, 0x3C, 0x89, 0x9A, 0xFF, 
0x3C, 0x89, 0x9A, 0xFF, 0x18, 0x65, 0x6B, 0xFF, 0x18, 0x65, 0x63, 0xFF, 
0x18, 0x65, 0x63, 0xFF, 0x18, 0x65, 0x63, 0xFF, 0x18, 0x65, 0x63, 0xFF, 
0x18, 0x65, 0x63, 0xFF, 0x18, 0x65, 0x63, 0xFF, 0x08, 0x51, 0x52, 0xFF, 
0x08, 0x51, 0x52, 0xFF, 0x08, 0x4D, 0x4A, 0xFF, 0x08, 0x4D, 0x4A, 0xB7, 
0x00, 0x00, 0x00, 0x00, 0x00, 0x00, 0x00, 0x00, 0x00, 0x00, 0x00, 0x00, 
0x00, 0x00, 0x00, 0x00, 0x00, 0x00, 0x00, 0x00, 0x00, 0x00, 0x00, 0x00, 
0x00, 0x00, 0x00, 0x00, 0x00, 0x00, 0x00, 0x00, 0x00, 0x00, 0x00, 0x00, 
0x00, 0x00, 0x00, 0x00, 0x00, 0x00, 0x00, 0x00, 0x00, 0x00, 0x00, 0x00, 
0x00, 0x00, 0x00, 0x00, 0x00, 0x00, 0x00, 0x00, 0x00, 0x00, 0x00, 0x00, 
0x00, 0x00, 0x00, 0x00, 0x00, 0x00, 0x00, 0x00, 0x00, 0x00, 0x00, 0x00, 
0x00, 0x00, 0x00, 0x00, 0x00, 0x00, 0x00, 0x00, 0x10, 0x5D, 0x63, 0xB7, 
0x10, 0x5D, 0x63, 0xFF, 0x16, 0x65, 0x65, 0xFF, 0x16, 0x65, 0x65, 0xFF, 
0x16, 0x65, 0x65, 0xFF, 0x16, 0x65, 0x65, 0xFF, 0x18, 0x61, 0x63, 0xFF, 
0x3C, 0x85, 0x91, 0xFF, 0x84, 0xD3, 0xEF, 0xFF, 0x84, 0xD3, 0xEF, 0xFF, 
0x8C, 0xD7, 0xF7, 0xFF, 0x8C, 0xD7, 0xF7, 0xFF, 0x8C, 0xD7, 0xF7, 0xFF, 
0x8C, 0xD7, 0xF7, 0xFF, 0x8C, 0xD7, 0xF7, 0xFF, 0x8C, 0xD7, 0xF7, 0xFF, 
0x8C, 0xD7, 0xF7, 0xFF, 0x8C, 0xD7, 0xF7, 0xFF, 0x8C, 0xD7, 0xF7, 0xFF, 
0x8C, 0xD7, 0xF7, 0xFF, 0x8C, 0xD7, 0xF7, 0xFF, 0x8C, 0xD7, 0xF7, 0xFF, 
0x8C, 0xD7, 0xF7, 0xFF, 0x8C, 0xD7, 0xF7, 0xFF, 0x8C, 0xD7, 0xF7, 0xFF, 
0x8C, 0xD7, 0xF7, 0xFF, 0x8C, 0xD7, 0xF7, 0xFF, 0x8C, 0xD7, 0xF7, 0xFF, 
0x8C, 0xD7, 0xF7, 0xFF, 0x8C, 0xD7, 0xF7, 0xFF, 0x84, 0xD7, 0xF7, 0xFF, 
0x84, 0xD7, 0xF7, 0xFF, 0x84, 0xD7, 0xF7, 0xFF, 0x84, 0xD7, 0xF7, 0xFF, 
0x29, 0x73, 0x79, 0xFF, 0x18, 0x65, 0x63, 0xFF, 0x18, 0x65, 0x63, 0xFF, 
0x18, 0x65, 0x63, 0xFF, 0x18, 0x65, 0x63, 0xFF, 0x18, 0x65, 0x63, 0xFF, 
0x08, 0x51, 0x52, 0xFF, 0x08, 0x51, 0x52, 0xFF, 0x08, 0x4D, 0x4A, 0xFF, 
0x08, 0x4D, 0x4A, 0xB7, 0x00, 0x00, 0x00, 0x00, 0x00, 0x00, 0x00, 0x00, 
0x00, 0x00, 0x00, 0x00, 0x00, 0x00, 0x00, 0x00, 0x00, 0x00, 0x00, 0x00, 
0x00, 0x00, 0x00, 0x00, 0x00, 0x00, 0x00, 0x00, 0x00, 0x00, 0x00, 0x00, 
0x00, 0x00, 0x00, 0x00, 0x00, 0x00, 0x00, 0x00, 0x00, 0x00, 0x00, 0x00, 
0x00, 0x00, 0x00, 0x00, 0x00, 0x00, 0x00, 0x00, 0x00, 0x00, 0x00, 0x00, 
0x00, 0x00, 0x00, 0x00, 0x00, 0x00, 0x00, 0x00, 0x00, 0x00, 0x00, 0x00, 
0x00, 0x00, 0x00, 0x00, 0x00, 0x00, 0x00, 0x00, 0x00, 0x00, 0x00, 0x00, 
0x10, 0x5D, 0x63, 0xB7, 0x10, 0x5D, 0x63, 0xFF, 0x16, 0x65, 0x65, 0xFF, 
0x16, 0x65, 0x65, 0xFF, 0x16, 0x65, 0x65, 0xFF, 0x16, 0x65, 0x65, 0xFF, 
0x18, 0x61, 0x63, 0xFF, 0x3C, 0x85, 0x91, 0xFF, 0x84, 0xD3, 0xEF, 0xFF, 
0x84, 0xD3, 0xEF, 0xFF, 0x8C, 0xD7, 0xF7, 0xFF, 0x8C, 0xD7, 0xF7, 0xFF, 
0x8C, 0xD7, 0xF7, 0xFF, 0x8C, 0xD7, 0xF7, 0xFF, 0x8C, 0xD7, 0xF7, 0xFF, 
0x8C, 0xD7, 0xF7, 0xFF, 0x8C, 0xD7, 0xF7, 0xFF, 0x8C, 0xD7, 0xF7, 0xFF, 
0x8C, 0xD7, 0xF7, 0xFF, 0x8C, 0xD7, 0xF7, 0xFF, 0x8C, 0xD7, 0xF7, 0xFF, 
0x8C, 0xD7, 0xF7, 0xFF, 0x8C, 0xD7, 0xF7, 0xFF, 0x8C, 0xD7, 0xF7, 0xFF, 
0x8C, 0xD7, 0xF7, 0xFF, 0x8C, 0xD7, 0xF7, 0xFF, 0x8C, 0xD7, 0xF7, 0xFF, 
0x8C, 0xD7, 0xF7, 0xFF, 0x8C, 0xD7, 0xF7, 0xFF, 0x8C, 0xD7, 0xF7, 0xFF, 
0x84, 0xD7, 0xF7, 0xFF, 0x84, 0xD7, 0xF7, 0xFF, 0x84, 0xD7, 0xF7, 0xFF, 
0x84, 0xD7, 0xF7, 0xFF, 0x4A, 0x92, 0xA5, 0xFF, 0x18, 0x65, 0x63, 0xFF, 
0x18, 0x65, 0x63, 0xFF, 0x18, 0x65, 0x63, 0xFF, 0x18, 0x65, 0x63, 0xFF, 
0x18, 0x65, 0x63, 0xFF, 0x08, 0x51, 0x52, 0xFF, 0x08, 0x51, 0x52, 0xFF, 
0x08, 0x4D, 0x4A, 0xFF, 0x08, 0x4D, 0x4A, 0xB7, 0x00, 0x00, 0x00, 0x00, 
0x00, 0x00, 0x00, 0x00, 0x00, 0x00, 0x00, 0x00, 0x00, 0x00, 0x00, 0x00, 
0x00, 0x00, 0x00, 0x00, 0x00, 0x00, 0x00, 0x00, 0x00, 0x00, 0x00, 0x00, 
0x00, 0x00, 0x00, 0x00, 0x00, 0x00, 0x00, 0x00, 0x00, 0x00, 0x00, 0x00, 
0x00, 0x00, 0x00, 0x00, 0x00, 0x00, 0x00, 0x00, 0x00, 0x00, 0x00, 0x00, 
0x00, 0x00, 0x00, 0x00, 0x00, 0x00, 0x00, 0x00, 0x00, 0x00, 0x00, 0x00, 
0x00, 0x00, 0x00, 0x00, 0x00, 0x00, 0x00, 0x00, 0x00, 0x00, 0x00, 0x00, 
0x00, 0x00, 0x00, 0x00, 0x10, 0x5D, 0x63, 0xB7, 0x10, 0x5D, 0x63, 0xFF, 
0x16, 0x65, 0x65, 0xFF, 0x16, 0x65, 0x65, 0xFF, 0x16, 0x65, 0x65, 0xFF, 
0x16, 0x65, 0x65, 0xFF, 0x18, 0x65, 0x6B, 0xFF, 0x3C, 0x89, 0x9A, 0xFF, 
0x84, 0xD7, 0xF7, 0xFF, 0x84, 0xD7, 0xF7, 0xFF, 0x86, 0xD8, 0xF7, 0xFF, 
0x86, 0xD8, 0xF7, 0xFF, 0x86, 0xD8, 0xF7, 0xFF, 0x86, 0xD8, 0xF7, 0xFF, 
0x86, 0xD8, 0xF7, 0xFF, 0x86, 0xD8, 0xF7, 0xFF, 0x86, 0xD8, 0xF7, 0xFF, 
0x86, 0xD8, 0xF7, 0xFF, 0x86, 0xD8, 0xF7, 0xFF, 0x86, 0xD8, 0xF7, 0xFF, 
0x86, 0xD8, 0xF7, 0xFF, 0x86, 0xD8, 0xF7, 0xFF, 0x86, 0xD8, 0xF7, 0xFF, 
0x86, 0xD8, 0xF7, 0xFF, 0x86, 0xD8, 0xF7, 0xFF, 0x86, 0xD8, 0xF7, 0xFF, 
0x86, 0xD8, 0xF7, 0xFF, 0x86, 0xD8, 0xF7, 0xFF, 0x86, 0xD8, 0xF7, 0xFF, 
0x86, 0xD8, 0xF7, 0xFF, 0x84, 0xD7, 0xF7, 0xFF, 0x84, 0xD7, 0xF7, 0xFF, 
0x84, 0xD7, 0xF7, 0xFF, 0x84, 0xD7, 0xF7, 0xFF, 0x4A, 0x92, 0xA5, 0xFF, 
0x18, 0x65, 0x63, 0xFF, 0x18, 0x65, 0x63, 0xFF, 0x18, 0x65, 0x63, 0xFF, 
0x18, 0x65, 0x63, 0xFF, 0x18, 0x65, 0x63, 0xFF, 0x08, 0x51, 0x52, 0xFF, 
0x08, 0x51, 0x52, 0xFF, 0x08, 0x4D, 0x4A, 0xFF, 0x08, 0x4D, 0x4A, 0xB7, 
0x00, 0x00, 0x00, 0x00, 0x00, 0x00, 0x00, 0x00, 0x00, 0x00, 0x00, 0x00, 
0x00, 0x00, 0x00, 0x00, 0x00, 0x00, 0x00, 0x00, 0x00, 0x00, 0x00, 0x00, 
0x00, 0x00, 0x00, 0x00, 0x00, 0x00, 0x00, 0x00, 0x00, 0x00, 0x00, 0x00, 
0x00, 0x00, 0x00, 0x00, 0x00, 0x00, 0x00, 0x00, 0x00, 0x00, 0x00, 0x00, 
0x00, 0x00, 0x00, 0x00, 0x00, 0x00, 0x00, 0x00, 0x00, 0x00, 0x00, 0x00, 
0x00, 0x00, 0x00, 0x00, 0x00, 0x00, 0x00, 0x00, 0x00, 0x00, 0x00, 0x00, 
0x00, 0x00, 0x00, 0x00, 0x00, 0x00, 0x00, 0x00, 0x10, 0x5D, 0x63, 0xB7, 
0x10, 0x5D, 0x63, 0xFF, 0x16, 0x65, 0x65, 0xFF, 0x16, 0x65, 0x65, 0xFF, 
0x16, 0x65, 0x65, 0xFF, 0x16, 0x65, 0x65, 0xFF, 0x18, 0x65, 0x6B, 0xFF, 
0x3C, 0x89, 0x9A, 0xFF, 0x84, 0xD7, 0xF7, 0xFF, 0x84, 0xD7, 0xF7, 0xFF, 
0x86, 0xD8, 0xF7, 0xFF, 0x86, 0xD8, 0xF7, 0xFF, 0x86, 0xD8, 0xF7, 0xFF, 
0x86, 0xD8, 0xF7, 0xFF, 0x86, 0xD8, 0xF7, 0xFF, 0x86, 0xD8, 0xF7, 0xFF, 
0x86, 0xD8, 0xF7, 0xFF, 0x86, 0xD8, 0xF7, 0xFF, 0x86, 0xD8, 0xF7, 0xFF, 
0x86, 0xD8, 0xF7, 0xFF, 0x86, 0xD8, 0xF7, 0xFF, 0x86, 0xD8, 0xF7, 0xFF, 
0x86, 0xD8, 0xF7, 0xFF, 0x86, 0xD8, 0xF7, 0xFF, 0x86, 0xD8, 0xF7, 0xFF, 
0x86, 0xD8, 0xF7, 0xFF, 0x86, 0xD8, 0xF7, 0xFF, 0x86, 0xD8, 0xF7, 0xFF, 
0x86, 0xD8, 0xF7, 0xFF, 0x86, 0xD8, 0xF7, 0xFF, 0x84, 0xD7, 0xF7, 0xFF, 
0x84, 0xD7, 0xF7, 0xFF, 0x84, 0xD7, 0xF7, 0xFF, 0x84, 0xD7, 0xF7, 0xFF, 
0x4A, 0x92, 0xA5, 0xFF, 0x18, 0x65, 0x63, 0xFF, 0x18, 0x65, 0x63, 0xFF, 
0x18, 0x65, 0x63, 0xFF, 0x18, 0x65, 0x63, 0xFF, 0x18, 0x65, 0x63, 0xFF, 
0x08, 0x51, 0x52, 0xFF, 0x08, 0x51, 0x52, 0xFF, 0x08, 0x4D, 0x4A, 0xFF, 
0x08, 0x4D, 0x4A, 0xB7, 0x00, 0x00, 0x00, 0x00, 0x00, 0x00, 0x00, 0x00, 
0x00, 0x00, 0x00, 0x00, 0x00, 0x00, 0x00, 0x00, 0x00, 0x00, 0x00, 0x00, 
0x00, 0x00, 0x00, 0x00, 0x00, 0x00, 0x00, 0x00, 0x00, 0x00, 0x00, 0x00, 
0x00, 0x00, 0x00, 0x00, 0x00, 0x00, 0x00, 0x00, 0x00, 0x00, 0x00, 0x00, 
0x00, 0x00, 0x00, 0x00, 0x00, 0x00, 0x00, 0x00, 0x00, 0x00, 0x00, 0x00, 
0x00, 0x00, 0x00, 0x00, 0x00, 0x00, 0x00, 0x00, 0x00, 0x00, 0x00, 0x00, 
0x00, 0x00, 0x00, 0x00, 0x00, 0x00, 0x00, 0x00, 0x00, 0x00, 0x00, 0x00, 
0x10, 0x5D, 0x63, 0xB7, 0x10, 0x5D, 0x63, 0xFF, 0x16, 0x65, 0x65, 0xFF, 
0x16, 0x65, 0x65, 0xFF, 0x16, 0x65, 0x65, 0xFF, 0x16, 0x65, 0x65, 0xFF, 
0x18, 0x65, 0x6B, 0xFF, 0x3C, 0x89, 0x9A, 0xFF, 0x84, 0xD7, 0xF7, 0xFF, 
0x84, 0xD7, 0xF7, 0xFF, 0x86, 0xD8, 0xF7, 0xFF, 0x86, 0xD8, 0xF7, 0xFF, 
0x86, 0xD8, 0xF7, 0xFF, 0x86, 0xD8, 0xF7, 0xFF, 0x86, 0xD8, 0xF7, 0xFF, 
0x86, 0xD8, 0xF7, 0xFF, 0x86, 0xD8, 0xF7, 0xFF, 0x86, 0xD8, 0xF7, 0xFF, 
0x86, 0xD8, 0xF7, 0xFF, 0x86, 0xD8, 0xF7, 0xFF, 0x86, 0xD8, 0xF7, 0xFF, 
0x86, 0xD8, 0xF7, 0xFF, 0x86, 0xD8, 0xF7, 0xFF, 0x86, 0xD8, 0xF7, 0xFF, 
0x86, 0xD8, 0xF7, 0xFF, 0x86, 0xD8, 0xF7, 0xFF, 0x86, 0xD8, 0xF7, 0xFF, 
0x86, 0xD8, 0xF7, 0xFF, 0x86, 0xD8, 0xF7, 0xFF, 0x86, 0xD8, 0xF7, 0xFF, 
0x84, 0xD7, 0xF7, 0xFF, 0x84, 0xD7, 0xF7, 0xFF, 0x84, 0xD7, 0xF7, 0xFF, 
0x84, 0xD7, 0xF7, 0xFF, 0x4A, 0x92, 0xA5, 0xFF, 0x18, 0x65, 0x63, 0xFF, 
0x18, 0x65, 0x63, 0xFF, 0x18, 0x65, 0x63, 0xFF, 0x18, 0x65, 0x63, 0xFF, 
0x18, 0x65, 0x63, 0xFF, 0x08, 0x51, 0x52, 0xFF, 0x08, 0x51, 0x52, 0xFF, 
0x08, 0x4D, 0x4A, 0xFF, 0x08, 0x4D, 0x4A, 0xB7, 0x00, 0x00, 0x00, 0x00, 
0x00, 0x00, 0x00, 0x00, 0x00, 0x00, 0x00, 0x00, 0x00, 0x00, 0x00, 0x00, 
0x00, 0x00, 0x00, 0x00, 0x00, 0x00, 0x00, 0x00, 0x00, 0x00, 0x00, 0x00, 
0x00, 0x00, 0x00, 0x00, 0x00, 0x00, 0x00, 0x00, 0x00, 0x00, 0x00, 0x00, 
0x00, 0x00, 0x00, 0x00, 0x00, 0x00, 0x00, 0x00, 0x00, 0x00, 0x00, 0x00, 
0x00, 0x00, 0x00, 0x00, 0x00, 0x00, 0x00, 0x00, 0x00, 0x00, 0x00, 0x00, 
0x00, 0x00, 0x00, 0x00, 0x00, 0x00, 0x00, 0x00, 0x00, 0x00, 0x00, 0x00, 
0x00, 0x00, 0x00, 0x00, 0x10, 0x5D, 0x63, 0xB7, 0x10, 0x5D, 0x63, 0xFF, 
0x16, 0x65, 0x65, 0xFF, 0x16, 0x65, 0x65, 0xFF, 0x16, 0x65, 0x65, 0xFF, 
0x16, 0x65, 0x65, 0xFF, 0x18, 0x65, 0x6B, 0xFF, 0x18, 0x65, 0x6B, 0xFF, 
0x84, 0xD7, 0xF7, 0xFF, 0x84, 0xD7, 0xF7, 0xFF, 0x86, 0xD8, 0xF7, 0xFF, 
0x86, 0xD8, 0xF7, 0xFF, 0x86, 0xD8, 0xF7, 0xFF, 0x86, 0xD8, 0xF7, 0xFF, 
0x86, 0xD8, 0xF7, 0xFF, 0x86, 0xD8, 0xF7, 0xFF, 0x86, 0xD8, 0xF7, 0xFF, 
0x86, 0xD8, 0xF7, 0xFF, 0x86, 0xD8, 0xF7, 0xFF, 0x86, 0xD8, 0xF7, 0xFF, 
0x86, 0xD8, 0xF7, 0xFF, 0x86, 0xD8, 0xF7, 0xFF, 0x86, 0xD8, 0xF7, 0xFF, 
0x86, 0xD8, 0xF7, 0xFF, 0x86, 0xD8, 0xF7, 0xFF, 0x86, 0xD8, 0xF7, 0xFF, 
0x86, 0xD8, 0xF7, 0xFF, 0x86, 0xD8, 0xF7, 0xFF, 0x86, 0xD8, 0xF7, 0xFF, 
0x86, 0xD8, 0xF7, 0xFF, 0x84, 0xD7, 0xF7, 0xFF, 0x84, 0xD7, 0xF7, 0xFF, 
0x84, 0xD7, 0xF7, 0xFF, 0x84, 0xCF, 0xEF, 0xFF, 0x29, 0x73, 0x79, 0xFF, 
0x18, 0x65, 0x63, 0xFF, 0x18, 0x65, 0x63, 0xFF, 0x18, 0x65, 0x63, 0xFF, 
0x18, 0x65, 0x63, 0xFF, 0x18, 0x65, 0x63, 0xFF, 0x08, 0x51, 0x52, 0xFF, 
0x08, 0x51, 0x52, 0xFF, 0x08, 0x4D, 0x4A, 0xFF, 0x08, 0x4D, 0x4A, 0xB7, 
0x00, 0x00, 0x00, 0x00, 0x00, 0x00, 0x00, 0x00, 0x00, 0x00, 0x00, 0x00, 
0x00, 0x00, 0x00, 0x00, 0x00, 0x00, 0x00, 0x00, 0x00, 0x00, 0x00, 0x00, 
0x00, 0x00, 0x00, 0x00, 0x00, 0x00, 0x00, 0x00, 0x00, 0x00, 0x00, 0x00, 
0x00, 0x00, 0x00, 0x00, 0x00, 0x00, 0x00, 0x00, 0x00, 0x00, 0x00, 0x00, 
0x00, 0x00, 0x00, 0x00, 0x00, 0x00, 0x00, 0x00, 0x00, 0x00, 0x00, 0x00, 
0x00, 0x00, 0x00, 0x00, 0x00, 0x00, 0x00, 0x00, 0x00, 0x00, 0x00, 0x00, 
0x00, 0x00, 0x00, 0x00, 0x00, 0x00, 0x00, 0x00, 0x10, 0x5D, 0x63, 0xB7, 
0x10, 0x5D, 0x63, 0xFF, 0x16, 0x65, 0x65, 0xFF, 0x16, 0x65, 0x65, 0xFF, 
0x16, 0x65, 0x65, 0xFF, 0x16, 0x65, 0x65, 0xFF, 0x18, 0x65, 0x63, 0xFF, 
0x18, 0x65, 0x63, 0xFF, 0x29, 0x73, 0x79, 0xFF, 0x4A, 0x92, 0xA5, 0xFF, 
0x4A, 0x96, 0xA5, 0xFF, 0x4A, 0x96, 0xA5, 0xFF, 0x4A, 0x96, 0xA5, 0xFF, 
0x4A, 0x96, 0xA5, 0xFF, 0x4A, 0x96, 0xA5, 0xFF, 0x4A, 0x96, 0xA5, 0xFF, 
0x4A, 0x96, 0xA5, 0xFF, 0x4A, 0x96, 0xA5, 0xFF, 0x4A, 0x96, 0xA5, 0xFF, 
0x4A, 0x96, 0xA5, 0xFF, 0x4A, 0x96, 0xA5, 0xFF, 0x4A, 0x96, 0xA5, 0xFF, 
0x4A, 0x96, 0xA5, 0xFF, 0x4A, 0x96, 0xA5, 0xFF, 0x4A, 0x96, 0xA5, 0xFF, 
0x4A, 0x96, 0xA5, 0xFF, 0x4A, 0x96, 0xA5, 0xFF, 0x4A, 0x96, 0xA5, 0xFF, 
0x4A, 0x96, 0xA5, 0xFF, 0x4A, 0x96, 0xA5, 0xFF, 0x4A, 0x92, 0xA5, 0xFF, 
0x4A, 0x92, 0xA5, 0xFF, 0x4A, 0x92, 0xA5, 0xFF, 0x29, 0x73, 0x79, 0xFF, 
0x16, 0x65, 0x65, 0xFF, 0x16, 0x65, 0x65, 0xFF, 0x16, 0x65, 0x65, 0xFF, 
0x16, 0x65, 0x65, 0xFF, 0x10, 0x61, 0x63, 0xFF, 0x10, 0x61, 0x63, 0xFF, 
0x08, 0x51, 0x52, 0xFF, 0x08, 0x51, 0x52, 0xFF, 0x08, 0x4D, 0x52, 0xFF, 
0x08, 0x4D, 0x52, 0xB7, 0x00, 0x00, 0x00, 0x00, 0x00, 0x00, 0x00, 0x00, 
0x00, 0x00, 0x00, 0x00, 0x00, 0x00, 0x00, 0x00, 0x00, 0x00, 0x00, 0x00, 
0x00, 0x00, 0x00, 0x00, 0x00, 0x00, 0x00, 0x00, 0x00, 0x00, 0x00, 0x00, 
0x00, 0x00, 0x00, 0x00, 0x00, 0x00, 0x00, 0x00, 0x00, 0x00, 0x00, 0x00, 
0x00, 0x00, 0x00, 0x00, 0x00, 0x00, 0x00, 0x00, 0x00, 0x00, 0x00, 0x00, 
0x00, 0x00, 0x00, 0x00, 0x00, 0x00, 0x00, 0x00, 0x00, 0x00, 0x00, 0x00, 
0x00, 0x00, 0x00, 0x00, 0x00, 0x00, 0x00, 0x00, 0x00, 0x00, 0x00, 0x00, 
0x10, 0x5D, 0x63, 0xB7, 0x10, 0x5D, 0x63, 0xFF, 0x16, 0x65, 0x65, 0xFF, 
0x16, 0x65, 0x65, 0xFF, 0x16, 0x65, 0x65, 0xFF, 0x16, 0x65, 0x65, 0xFF, 
0x18, 0x65, 0x63, 0xFF, 0x18, 0x65, 0x63, 0xFF, 0x18, 0x65, 0x63, 0xFF, 
0x18, 0x65, 0x63, 0xFF, 0x18, 0x65, 0x63, 0xFF, 0x18, 0x65, 0x63, 0xFF, 
0x18, 0x65, 0x63, 0xFF, 0x18, 0x65, 0x63, 0xFF, 0x18, 0x65, 0x63, 0xFF, 
0x18, 0x65, 0x63, 0xFF, 0x18, 0x65, 0x63, 0xFF, 0x18, 0x65, 0x63, 0xFF, 
0x18, 0x65, 0x63, 0xFF, 0x18, 0x65, 0x63, 0xFF, 0x18, 0x65, 0x63, 0xFF, 
0x18, 0x65, 0x63, 0xFF, 0x18, 0x65, 0x63, 0xFF, 0x18, 0x65, 0x63, 0xFF, 
0x18, 0x65, 0x63, 0xFF, 0x18, 0x65, 0x63, 0xFF, 0x18, 0x65, 0x63, 0xFF, 
0x18, 0x65, 0x63, 0xFF, 0x18, 0x65, 0x63, 0xFF, 0x18, 0x65, 0x63, 0xFF, 
0x18, 0x65, 0x63, 0xFF, 0x18, 0x65, 0x63, 0xFF, 0x18, 0x65, 0x63, 0xFF, 
0x18, 0x65, 0x63, 0xFF, 0x16, 0x65, 0x65, 0xFF, 0x16, 0x65, 0x65, 0xFF, 
0x16, 0x65, 0x65, 0xFF, 0x16, 0x65, 0x65, 0xFF, 0x10, 0x61, 0x63, 0xFF, 
0x10, 0x61, 0x63, 0xFF, 0x08, 0x51, 0x52, 0xFF, 0x08, 0x51, 0x52, 0xFF, 
0x08, 0x4D, 0x52, 0xFF, 0x08, 0x4D, 0x52, 0x90, 0x00, 0x00, 0x00, 0x00, 
0x00, 0x00, 0x00, 0x00, 0x00, 0x00, 0x00, 0x00, 0x00, 0x00, 0x00, 0x00, 
0x00, 0x00, 0x00, 0x00, 0x00, 0x00, 0x00, 0x00, 0x00, 0x00, 0x00, 0x00, 
0x00, 0x00, 0x00, 0x00, 0x00, 0x00, 0x00, 0x00, 0x00, 0x00, 0x00, 0x00, 
0x00, 0x00, 0x00, 0x00, 0x00, 0x00, 0x00, 0x00, 0x00, 0x00, 0x00, 0x00, 
0x00, 0x00, 0x00, 0x00, 0x00, 0x00, 0x00, 0x00, 0x00, 0x00, 0x00, 0x00, 
0x00, 0x00, 0x00, 0x00, 0x00, 0x00, 0x00, 0x00, 0x00, 0x00, 0x00, 0x00, 
0x00, 0x00, 0x00, 0x00, 0x10, 0x5D, 0x63, 0xB7, 0x10, 0x5D, 0x63, 0xFF, 
0x16, 0x65, 0x65, 0xFF, 0x16, 0x65, 0x65, 0xFF, 0x16, 0x65, 0x65, 0xFF, 
0x16, 0x65, 0x65, 0xFF, 0x18, 0x65, 0x63, 0xFF, 0x18, 0x65, 0x63, 0xFF, 
0x18, 0x65, 0x63, 0xFF, 0x18, 0x65, 0x63, 0xFF, 0x18, 0x65, 0x63, 0xFF, 
0x18, 0x65, 0x63, 0xFF, 0x18, 0x65, 0x63, 0xFF, 0x18, 0x65, 0x63, 0xFF, 
0x18, 0x65, 0x63, 0xFF, 0x18, 0x65, 0x63, 0xFF, 0x18, 0x65, 0x63, 0xFF, 
0x18, 0x65, 0x63, 0xFF, 0x18, 0x65, 0x63, 0xFF, 0x18, 0x65, 0x63, 0xFF, 
0x18, 0x65, 0x63, 0xFF, 0x18, 0x65, 0x63, 0xFF, 0x18, 0x65, 0x63, 0xFF, 
0x18, 0x65, 0x63, 0xFF, 0x18, 0x65, 0x63, 0xFF, 0x18, 0x65, 0x63, 0xFF, 
0x18, 0x65, 0x63, 0xFF, 0x18, 0x65, 0x63, 0xFF, 0x18, 0x65, 0x63, 0xFF, 
0x18, 0x65, 0x63, 0xFF, 0x18, 0x65, 0x63, 0xFF, 0x18, 0x65, 0x63, 0xFF, 
0x18, 0x65, 0x63, 0xFF, 0x18, 0x65, 0x63, 0xFF, 0x16, 0x65, 0x65, 0xFF, 
0x16, 0x65, 0x65, 0xFF, 0x16, 0x65, 0x65, 0xFF, 0x16, 0x65, 0x65, 0xFF, 
0x10, 0x61, 0x63, 0xFF, 0x0D, 0x5C, 0x5D, 0xFF, 0x08, 0x51, 0x52, 0xFF, 
0x08, 0x51, 0x52, 0xFF, 0x08, 0x4D, 0x52, 0xFF, 0x05, 0x35, 0x37, 0x24, 
0x00, 0x00, 0x00, 0x00, 0x00, 0x00, 0x00, 0x00, 0x00, 0x00, 0x00, 0x00, 
0x00, 0x00, 0x00, 0x00, 0x00, 0x00, 0x00, 0x00, 0x00, 0x00, 0x00, 0x00, 
0x00, 0x00, 0x00, 0x00, 0x00, 0x00, 0x00, 0x00, 0x00, 0x00, 0x00, 0x00, 
0x00, 0x00, 0x00, 0x00, 0x00, 0x00, 0x00, 0x00, 0x00, 0x00, 0x00, 0x00, 
0x00, 0x00, 0x00, 0x00, 0x00, 0x00, 0x00, 0x00, 0x00, 0x00, 0x00, 0x00, 
0x00, 0x00, 0x00, 0x00, 0x00, 0x00, 0x00, 0x00, 0x00, 0x00, 0x00, 0x00, 
0x00, 0x00, 0x00, 0x00, 0x00, 0x00, 0x00, 0x00, 0x10, 0x5D, 0x63, 0xB7, 
0x10, 0x5D, 0x63, 0xFF, 0x16, 0x65, 0x65, 0xFF, 0x16, 0x65, 0x65, 0xFF, 
0x16, 0x65, 0x65, 0xFF, 0x16, 0x65, 0x65, 0xFF, 0x18, 0x65, 0x63, 0xFF, 
0x18, 0x65, 0x63, 0xFF, 0x18, 0x65, 0x63, 0xFF, 0x18, 0x65, 0x63, 0xFF, 
0x18, 0x65, 0x63, 0xFF, 0x18, 0x65, 0x63, 0xFF, 0x18, 0x65, 0x63, 0xFF, 
0x18, 0x65, 0x63, 0xFF, 0x18, 0x65, 0x63, 0xFF, 0x18, 0x65, 0x63, 0xFF, 
0x18, 0x65, 0x63, 0xFF, 0x18, 0x65, 0x63, 0xFF, 0x18, 0x65, 0x63, 0xFF, 
0x18, 0x65, 0x63, 0xFF, 0x18, 0x65, 0x63, 0xFF, 0x18, 0x65, 0x63, 0xFF, 
0x18, 0x65, 0x63, 0xFF, 0x18, 0x65, 0x63, 0xFF, 0x18, 0x65, 0x63, 0xFF, 
0x18, 0x65, 0x63, 0xFF, 0x18, 0x65, 0x63, 0xFF, 0x18, 0x65, 0x63, 0xFF, 
0x18, 0x65, 0x63, 0xFF, 0x18, 0x65, 0x63, 0xFF, 0x18, 0x65, 0x63, 0xFF, 
0x18, 0x65, 0x63, 0xFF, 0x18, 0x65, 0x63, 0xFF, 0x18, 0x65, 0x63, 0xFF, 
0x16, 0x65, 0x65, 0xFF, 0x16, 0x65, 0x65, 0xFF, 0x16, 0x65, 0x65, 0xFF, 
0x16, 0x65, 0x65, 0xFF, 0x10, 0x61, 0x63, 0xFF, 0x08, 0x51, 0x52, 0xFF, 
0x08, 0x51, 0x52, 0xFF, 0x08, 0x51, 0x52, 0xFF, 0x08, 0x4D, 0x52, 0x90, 
0x00, 0x00, 0x00, 0x00, 0x00, 0x00, 0x00, 0x00, 0x00, 0x00, 0x00, 0x00, 
0x00, 0x00, 0x00, 0x00, 0x00, 0x00, 0x00, 0x00, 0x00, 0x00, 0x00, 0x00, 
0x00, 0x00, 0x00, 0x00, 0x00, 0x00, 0x00, 0x00, 0x00, 0x00, 0x00, 0x00, 
0x00, 0x00, 0x00, 0x00, 0x00, 0x00, 0x00, 0x00, 0x00, 0x00, 0x00, 0x00, 
0x00, 0x00, 0x00, 0x00, 0x00, 0x00, 0x00, 0x00, 0x00, 0x00, 0x00, 0x00, 
0x00, 0x00, 0x00, 0x00, 0x00, 0x00, 0x00, 0x00, 0x00, 0x00, 0x00, 0x00, 
0x00, 0x00, 0x00, 0x00, 0x00, 0x00, 0x00, 0x00, 0x00, 0x00, 0x00, 0x00, 
0x10, 0x5D, 0x63, 0xB7, 0x10, 0x5D, 0x63, 0xFF, 0x16, 0x65, 0x65, 0xFF, 
0x16, 0x65, 0x65, 0xFF, 0x16, 0x65, 0x65, 0xFF, 0x16, 0x65, 0x65, 0xFF, 
0x16, 0x65, 0x65, 0xFF, 0x16, 0x65, 0x65, 0xFF, 0x16, 0x65, 0x65, 0xFF, 
0x16, 0x65, 0x65, 0xFF, 0x16, 0x65, 0x65, 0xFF, 0x16, 0x65, 0x65, 0xFF, 
0x16, 0x65, 0x65, 0xFF, 0x16, 0x65, 0x65, 0xFF, 0x16, 0x65, 0x65, 0xFF, 
0x16, 0x65, 0x65, 0xFF, 0x16, 0x65, 0x65, 0xFF, 0x16, 0x65, 0x65, 0xFF, 
0x16, 0x65, 0x65, 0xFF, 0x16, 0x65, 0x65, 0xFF, 0x16, 0x65, 0x65, 0xFF, 
0x16, 0x65, 0x65, 0xFF, 0x16, 0x65, 0x65, 0xFF, 0x16, 0x65, 0x65, 0xFF, 
0x16, 0x65, 0x65, 0xFF, 0x16, 0x65, 0x65, 0xFF, 0x10, 0x61, 0x63, 0xFF, 
0x10, 0x61, 0x63, 0xFF, 0x10, 0x61, 0x63, 0xFF, 0x10, 0x61, 0x63, 0xFF, 
0x18, 0x61, 0x63, 0xFF, 0x18, 0x61, 0x63, 0xFF, 0x18, 0x61, 0x63, 0xFF, 
0x18, 0x61, 0x63, 0xFF, 0x10, 0x61, 0x63, 0xFF, 0x10, 0x61, 0x63, 0xFF, 
0x10, 0x61, 0x63, 0xFF, 0x10, 0x61, 0x63, 0xFF, 0x08, 0x4D, 0x4A, 0xFF, 
0x08, 0x4D, 0x4A, 0xFF, 0x08, 0x4D, 0x4A, 0xFF, 0x08, 0x4D, 0x4A, 0x90, 
0x00, 0x1C, 0x18, 0x03, 0x00, 0x00, 0x00, 0x00, 0x00, 0x00, 0x00, 0x00, 
0x00, 0x00, 0x00, 0x00, 0x00, 0x00, 0x00, 0x00, 0x00, 0x00, 0x00, 0x00, 
0x00, 0x00, 0x00, 0x00, 0x00, 0x00, 0x00, 0x00, 0x00, 0x00, 0x00, 0x00, 
0x00, 0x00, 0x00, 0x00, 0x00, 0x00, 0x00, 0x00, 0x00, 0x00, 0x00, 0x00, 
0x00, 0x00, 0x00, 0x00, 0x00, 0x00, 0x00, 0x00, 0x00, 0x00, 0x00, 0x00, 
0x00, 0x00, 0x00, 0x00, 0x00, 0x00, 0x00, 0x00, 0x00, 0x00, 0x00, 0x00, 
0x00, 0x00, 0x00, 0x00, 0x00, 0x00, 0x00, 0x00, 0x00, 0x00, 0x00, 0x00, 
0x00, 0x00, 0x00, 0x00, 0x10, 0x5D, 0x63, 0xB7, 0x10, 0x5D, 0x63, 0xFF, 
0x16, 0x65, 0x65, 0xFF, 0x16, 0x65, 0x65, 0xFF, 0x16, 0x65, 0x65, 0xFF, 
0x16, 0x65, 0x65, 0xFF, 0x16, 0x65, 0x65, 0xFF, 0x16, 0x65, 0x65, 0xFF, 
0x16, 0x65, 0x65, 0xFF, 0x16, 0x65, 0x65, 0xFF, 0x16, 0x65, 0x65, 0xFF, 
0x16, 0x65, 0x65, 0xFF, 0x16, 0x65, 0x65, 0xFF, 0x16, 0x65, 0x65, 0xFF, 
0x16, 0x65, 0x65, 0xFF, 0x16, 0x65, 0x65, 0xFF, 0x16, 0x65, 0x65, 0xFF, 
0x16, 0x65, 0x65, 0xFF, 0x16, 0x65, 0x65, 0xFF, 0x16, 0x65, 0x65, 0xFF, 
0x16, 0x65, 0x65, 0xFF, 0x16, 0x65, 0x65, 0xFF, 0x16, 0x65, 0x65, 0xFF, 
0x16, 0x65, 0x65, 0xFF, 0x16, 0x65, 0x65, 0xFF, 0x16, 0x65, 0x65, 0xFF, 
0x10, 0x61, 0x63, 0xFF, 0x10, 0x61, 0x63, 0xFF, 0x0B, 0x58, 0x5A, 0xFF, 
0x0B, 0x58, 0x5A, 0xFF, 0x13, 0x58, 0x5A, 0xFF, 0x13, 0x58, 0x5A, 0xFF, 
0x13, 0x58, 0x5A, 0xFF, 0x13, 0x58, 0x5A, 0xFF, 0x0B, 0x58, 0x5A, 0xFF, 
0x0B, 0x58, 0x5A, 0xFF, 0x05, 0x4E, 0x52, 0xFF, 0x05, 0x4E, 0x52, 0xFF, 
0x08, 0x4D, 0x4A, 0xFF, 0x08, 0x4D, 0x4A, 0xFF, 0x08, 0x4D, 0x4A, 0x90, 
0x02, 0x18, 0x18, 0x00, 0x00, 0x00, 0x00, 0x00, 0x00, 0x00, 0x00, 0x00, 
0x00, 0x00, 0x00, 0x00, 0x00, 0x00, 0x00, 0x00, 0x00, 0x00, 0x00, 0x00, 
0x00, 0x00, 0x00, 0x00, 0x00, 0x00, 0x00, 0x00, 0x00, 0x00, 0x00, 0x00, 
0x00, 0x00, 0x00, 0x00, 0x00, 0x00, 0x00, 0x00, 0x00, 0x00, 0x00, 0x00, 
0x00, 0x00, 0x00, 0x00, 0x00, 0x00, 0x00, 0x00, 0x00, 0x00, 0x00, 0x00, 
0x00, 0x00, 0x00, 0x00, 0x00, 0x00, 0x00, 0x00, 0x00, 0x00, 0x00, 0x00, 
0x00, 0x00, 0x00, 0x00, 0x00, 0x00, 0x00, 0x00, 0x00, 0x00, 0x00, 0x00, 
0x00, 0x00, 0x00, 0x00, 0x00, 0x00, 0x00, 0x00, 0x10, 0x5D, 0x63, 0xB7, 
0x10, 0x5D, 0x63, 0xFF, 0x16, 0x65, 0x65, 0xFF, 0x16, 0x65, 0x65, 0xFF, 
0x16, 0x65, 0x65, 0xFF, 0x16, 0x65, 0x65, 0xFF, 0x16, 0x65, 0x65, 0xFF, 
0x16, 0x65, 0x65, 0xFF, 0x16, 0x65, 0x65, 0xFF, 0x16, 0x65, 0x65, 0xFF, 
0x16, 0x65, 0x65, 0xFF, 0x16, 0x65, 0x65, 0xFF, 0x16, 0x65, 0x65, 0xFF, 
0x16, 0x65, 0x65, 0xFF, 0x16, 0x65, 0x65, 0xFF, 0x16, 0x65, 0x65, 0xFF, 
0x16, 0x65, 0x65, 0xFF, 0x16, 0x65, 0x65, 0xFF, 0x16, 0x65, 0x65, 0xFF, 
0x16, 0x65, 0x65, 0xFF, 0x16, 0x65, 0x65, 0xFF, 0x16, 0x65, 0x65, 0xFF, 
0x16, 0x65, 0x65, 0xFF, 0x16, 0x65, 0x65, 0xFF, 0x16, 0x65, 0x65, 0xFF, 
0x16, 0x65, 0x65, 0xFF, 0x10, 0x61, 0x63, 0xFF, 0x0B, 0x58, 0x5A, 0xFF, 
0x00, 0x45, 0x4A, 0xFF, 0x00, 0x45, 0x4A, 0xFF, 0x08, 0x45, 0x4A, 0xFF, 
0x08, 0x45, 0x4A, 0xFF, 0x08, 0x45, 0x4A, 0xFF, 0x08, 0x45, 0x4A, 0xFF, 
0x00, 0x45, 0x4A, 0xFF, 0x00, 0x45, 0x4A, 0xFF, 0x00, 0x45, 0x4A, 0xFF, 
0x00, 0x45, 0x4A, 0xFF, 0x08, 0x4D, 0x4A, 0xFF, 0x08, 0x4D, 0x4A, 0x90, 
0x02, 0x18, 0x18, 0x00, 0x00, 0x00, 0x00, 0x00, 0x00, 0x00, 0x00, 0x00, 
0x00, 0x00, 0x00, 0x00, 0x00, 0x00, 0x00, 0x00, 0x00, 0x00, 0x00, 0x00, 
0x00, 0x00, 0x00, 0x00, 0x00, 0x00, 0x00, 0x00, 0x00, 0x00, 0x00, 0x00, 
0x00, 0x00, 0x00, 0x00, 0x00, 0x00, 0x00, 0x00, 0x00, 0x00, 0x00, 0x00, 
0x00, 0x00, 0x00, 0x00, 0x00, 0x00, 0x00, 0x00, 0x00, 0x00, 0x00, 0x00, 
0x00, 0x00, 0x00, 0x00, 0x00, 0x00, 0x00, 0x00, 0x00, 0x00, 0x00, 0x00, 
0x00, 0x00, 0x00, 0x00, 0x00, 0x00, 0x00, 0x00, 0x00, 0x00, 0x00, 0x00, 
0x00, 0x00, 0x00, 0x00, 0x00, 0x00, 0x00, 0x00, 0x00, 0x00, 0x00, 0x00, 
0x10, 0x5D, 0x63, 0xB7, 0x10, 0x5D, 0x63, 0xFF, 0x16, 0x65, 0x65, 0xFF, 
0x16, 0x65, 0x65, 0xFF, 0x16, 0x65, 0x65, 0xFF, 0x16, 0x65, 0x65, 0xFF, 
0x16, 0x65, 0x65, 0xFF, 0x16, 0x65, 0x65, 0xFF, 0x16, 0x65, 0x65, 0xFF, 
0x16, 0x65, 0x65, 0xFF, 0x16, 0x65, 0x65, 0xFF, 0x16, 0x65, 0x65, 0xFF, 
0x16, 0x65, 0x65, 0xFF, 0x16, 0x65, 0x65, 0xFF, 0x16, 0x65, 0x65, 0xFF, 
0x16, 0x65, 0x65, 0xFF, 0x16, 0x65, 0x65, 0xFF, 0x16, 0x65, 0x65, 0xFF, 
0x16, 0x65, 0x65, 0xFF, 0x16, 0x65, 0x65, 0xFF, 0x16, 0x65, 0x65, 0xFF, 
0x16, 0x65, 0x65, 0xFF, 0x16, 0x65, 0x65, 0xFF, 0x16, 0x65, 0x65, 0xFF, 
0x16, 0x65, 0x65, 0xFF, 0x16, 0x65, 0x65, 0xFF, 0x10, 0x61, 0x63, 0xFF, 
0x0B, 0x58, 0x5A, 0xFF, 0x00, 0x45, 0x4A, 0xFF, 0x00, 0x45, 0x4A, 0xFF, 
0x08, 0x45, 0x4A, 0xFF, 0x08, 0x45, 0x4A, 0xFF, 0x08, 0x45, 0x4A, 0xFF, 
0x08, 0x45, 0x4A, 0xFF, 0x00, 0x45, 0x4A, 0xFF, 0x00, 0x45, 0x4A, 0xFF, 
0x00, 0x45, 0x4A, 0xFF, 0x00, 0x45, 0x4A, 0xFF, 0x08, 0x4D, 0x4A, 0x90, 
0x02, 0x18, 0x18, 0x00, 0x00, 0x00, 0x00, 0x00, 0x00, 0x00, 0x00, 0x00, 
0x00, 0x00, 0x00, 0x00, 0x00, 0x00, 0x00, 0x00, 0x00, 0x00, 0x00, 0x00, 
0x00, 0x00, 0x00, 0x00, 0x00, 0x00, 0x00, 0x00, 0x00, 0x00, 0x00, 0x00, 
0x00, 0x00, 0x00, 0x00, 0x00, 0x00, 0x00, 0x00, 0x00, 0x00, 0x00, 0x00, 
0x00, 0x00, 0x00, 0x00, 0x00, 0x00, 0x00, 0x00, 0x00, 0x00, 0x00, 0x00, 
0x00, 0x00, 0x00, 0x00, 0x00, 0x00, 0x00, 0x00, 0x00, 0x00, 0x00, 0x00, 
0x00, 0x00, 0x00, 0x00, 0x00, 0x00, 0x00, 0x00, 0x00, 0x00, 0x00, 0x00, 
0x00, 0x00, 0x00, 0x00, 0x00, 0x00, 0x00, 0x00, 0x00, 0x00, 0x00, 0x00, 
0x00, 0x00, 0x00, 0x00, 0x10, 0x5D, 0x63, 0xB7, 0x10, 0x5D, 0x63, 0xFF, 
0x16, 0x65, 0x65, 0xFF, 0x16, 0x65, 0x65, 0xFF, 0x16, 0x65, 0x65, 0xFF, 
0x16, 0x65, 0x65, 0xFF, 0x16, 0x65, 0x65, 0xFF, 0x16, 0x65, 0x65, 0xFF, 
0x16, 0x65, 0x65, 0xFF, 0x16, 0x65, 0x65, 0xFF, 0x16, 0x65, 0x65, 0xFF, 
0x16, 0x65, 0x65, 0xFF, 0x16, 0x65, 0x65, 0xFF, 0x16, 0x65, 0x65, 0xFF, 
0x16, 0x65, 0x65, 0xFF, 0x16, 0x65, 0x65, 0xFF, 0x16, 0x65, 0x65, 0xFF, 
0x16, 0x65, 0x65, 0xFF, 0x16, 0x65, 0x65, 0xFF, 0x16, 0x65, 0x65, 0xFF, 
0x16, 0x65, 0x65, 0xFF, 0x16, 0x65, 0x65, 0xFF, 0x16, 0x65, 0x65, 0xFF, 
0x16, 0x65, 0x65, 0xFF, 0x16, 0x65, 0x65, 0xFF, 0x16, 0x65, 0x65, 0xFF, 
0x10, 0x61, 0x63, 0xFF, 0x0B, 0x58, 0x5A, 0xFF, 0x00, 0x45, 0x4A, 0xFF, 
0x00, 0x45, 0x4A, 0xFF, 0x05, 0x48, 0x47, 0xFF, 0x05, 0x48, 0x47, 0xFF, 
0x05, 0x48, 0x47, 0xFF, 0x05, 0x48, 0x47, 0xFF, 0x00, 0x49, 0x4A, 0xFF, 
0x00, 0x49, 0x4A, 0xFF, 0x00, 0x49, 0x4A, 0xFF, 0x00, 0x49, 0x4A, 0x90, 
0x00, 0x1C, 0x18, 0x03, 0x00, 0x00, 0x00, 0x00, 0x00, 0x00, 0x00, 0x00, 
0x00, 0x00, 0x00, 0x00, 0x00, 0x00, 0x00, 0x00, 0x00, 0x00, 0x00, 0x00, 
0x00, 0x00, 0x00, 0x00, 0x00, 0x00, 0x00, 0x00, 0x00, 0x00, 0x00, 0x00, 
0x00, 0x00, 0x00, 0x00, 0x00, 0x00, 0x00, 0x00, 0x00, 0x00, 0x00, 0x00, 
0x00, 0x00, 0x00, 0x00, 0x00, 0x00, 0x00, 0x00, 0x00, 0x00, 0x00, 0x00, 
0x00, 0x00, 0x00, 0x00, 0x00, 0x00, 0x00, 0x00, 0x00, 0x00, 0x00, 0x00, 
0x00, 0x00, 0x00, 0x00, 0x00, 0x00, 0x00, 0x00, 0x00, 0x00, 0x00, 0x00, 
0x00, 0x00, 0x00, 0x00, 0x00, 0x00, 0x00, 0x00, 0x00, 0x00, 0x00, 0x00, 
0x00, 0x00, 0x00, 0x00, 0x00, 0x00, 0x00, 0x00, 0x10, 0x5D, 0x63, 0xB7, 
0x10, 0x5D, 0x63, 0xFF, 0x16, 0x65, 0x65, 0xFF, 0x16, 0x65, 0x65, 0xFF, 
0x16, 0x65, 0x65, 0xFF, 0x16, 0x65, 0x65, 0xFF, 0x16, 0x65, 0x65, 0xFF, 
0x16, 0x65, 0x65, 0xFF, 0x16, 0x65, 0x65, 0xFF, 0x16, 0x65, 0x65, 0xFF, 
0x16, 0x65, 0x65, 0xFF, 0x16, 0x65, 0x65, 0xFF, 0x16, 0x65, 0x65, 0xFF, 
0x16, 0x65, 0x65, 0xFF, 0x16, 0x65, 0x65, 0xFF, 0x16, 0x65, 0x65, 0xFF, 
0x16, 0x65, 0x65, 0xFF, 0x16, 0x65, 0x65, 0xFF, 0x16, 0x65, 0x65, 0xFF, 
0x16, 0x65, 0x65, 0xFF, 0x16, 0x65, 0x65, 0xFF, 0x16, 0x65, 0x65, 0xFF, 
0x16, 0x65, 0x65, 0xFF, 0x16, 0x65, 0x65, 0xFF, 0x16, 0x65, 0x65, 0xFF, 
0x16, 0x65, 0x65, 0xFF, 0x10, 0x61, 0x63, 0xFF, 0x0B, 0x58, 0x5A, 0xFF, 
0x00, 0x45, 0x4A, 0xFF, 0x00, 0x45, 0x4A, 0xFF, 0x05, 0x48, 0x47, 0xFF, 
0x05, 0x48, 0x47, 0xFF, 0x05, 0x48, 0x47, 0xFF, 0x05, 0x48, 0x47, 0xFF, 
0x00, 0x49, 0x4A, 0xFF, 0x00, 0x49, 0x4A, 0xFF, 0x00, 0x49, 0x4A, 0x90, 
0x00, 0x17, 0x18, 0x00, 0x00, 0x00, 0x00, 0x00, 0x00, 0x00, 0x00, 0x00, 
0x00, 0x00, 0x00, 0x00, 0x00, 0x00, 0x00, 0x00, 0x00, 0x00, 0x00, 0x00, 
0x00, 0x00, 0x00, 0x00, 0x00, 0x00, 0x00, 0x00, 0x00, 0x00, 0x00, 0x00, 
0x00, 0x00, 0x00, 0x00, 0x00, 0x00, 0x00, 0x00, 0x00, 0x00, 0x00, 0x00, 
0x00, 0x00, 0x00, 0x00, 0x00, 0x00, 0x00, 0x00, 0x00, 0x00, 0x00, 0x00, 
0x00, 0x00, 0x00, 0x00, 0x00, 0x00, 0x00, 0x00, 0x00, 0x00, 0x00, 0x00, 
0x00, 0x00, 0x00, 0x00, 0x00, 0x00, 0x00, 0x00, 0x00, 0x00, 0x00, 0x00, 
0x00, 0x00, 0x00, 0x00, 0x00, 0x00, 0x00, 0x00, 0x00, 0x00, 0x00, 0x00, 
0x00, 0x00, 0x00, 0x00, 0x00, 0x00, 0x00, 0x00, 0x00, 0x00, 0x00, 0x00, 
0x10, 0x5D, 0x63, 0xB7, 0x10, 0x5D, 0x63, 0xFF, 0x16, 0x65, 0x65, 0xFF, 
0x16, 0x65, 0x65, 0xFF, 0x16, 0x65, 0x65, 0xFF, 0x16, 0x65, 0x65, 0xFF, 
0x16, 0x65, 0x65, 0xFF, 0x16, 0x65, 0x65, 0xFF, 0x16, 0x65, 0x65, 0xFF, 
0x16, 0x65, 0x65, 0xFF, 0x16, 0x65, 0x65, 0xFF, 0x16, 0x65, 0x65, 0xFF, 
0x16, 0x65, 0x65, 0xFF, 0x16, 0x65, 0x65, 0xFF, 0x16, 0x65, 0x65, 0xFF, 
0x16, 0x65, 0x65, 0xFF, 0x16, 0x65, 0x65, 0xFF, 0x16, 0x65, 0x65, 0xFF, 
0x16, 0x65, 0x65, 0xFF, 0x16, 0x65, 0x65, 0xFF, 0x16, 0x65, 0x65, 0xFF, 
0x16, 0x65, 0x65, 0xFF, 0x16, 0x65, 0x65, 0xFF, 0x16, 0x65, 0x65, 0xFF, 
0x16, 0x65, 0x65, 0xFF, 0x16, 0x65, 0x65, 0xFF, 0x10, 0x61, 0x63, 0xFF, 
0x0B, 0x58, 0x5A, 0xFF, 0x00, 0x45, 0x4A, 0xFF, 0x00, 0x45, 0x4A, 0xFF, 
0x05, 0x48, 0x47, 0xFF, 0x05, 0x48, 0x47, 0xFF, 0x05, 0x48, 0x47, 0xFF, 
0x05, 0x48, 0x47, 0xFF, 0x00, 0x49, 0x4A, 0xFF, 0x00, 0x49, 0x4A, 0x90, 
0x00, 0x17, 0x18, 0x00, 0x00, 0x00, 0x00, 0x00, 0x00, 0x00, 0x00, 0x00, 
0x00, 0x00, 0x00, 0x00, 0x00, 0x00, 0x00, 0x00, 0x00, 0x00, 0x00, 0x00, 
0x00, 0x00, 0x00, 0x00, 0x00, 0x00, 0x00, 0x00, 0x00, 0x00, 0x00, 0x00, 
0x00, 0x00, 0x00, 0x00, 0x00, 0x00, 0x00, 0x00, 0x00, 0x00, 0x00, 0x00, 
0x00, 0x00, 0x00, 0x00, 0x00, 0x00, 0x00, 0x00, 0x00, 0x00, 0x00, 0x00, 
0x00, 0x00, 0x00, 0x00, 0x00, 0x00, 0x00, 0x00, 0x00, 0x00, 0x00, 0x00, 
0x00, 0x00, 0x00, 0x00, 0x00, 0x00, 0x00, 0x00, 0x00, 0x00, 0x00, 0x00, 
0x00, 0x00, 0x00, 0x00, 0x00, 0x00, 0x00, 0x00, 0x00, 0x00, 0x00, 0x00, 
0x00, 0x00, 0x00, 0x00, 0x00, 0x00, 0x00, 0x00, 0x00, 0x00, 0x00, 0x00, 
0x00, 0x00, 0x00, 0x00, 0x10, 0x5D, 0x63, 0xB7, 0x10, 0x5D, 0x63, 0xFF, 
0x16, 0x65, 0x65, 0xFF, 0x16, 0x65, 0x65, 0xFF, 0x16, 0x65, 0x65, 0xFF, 
0x16, 0x65, 0x65, 0xFF, 0x16, 0x65, 0x65, 0xFF, 0x16, 0x65, 0x65, 0xFF, 
0x16, 0x65, 0x65, 0xFF, 0x16, 0x65, 0x65, 0xFF, 0x16, 0x65, 0x65, 0xFF, 
0x16, 0x65, 0x65, 0xFF, 0x16, 0x65, 0x65, 0xFF, 0x16, 0x65, 0x65, 0xFF, 
0x16, 0x65, 0x65, 0xFF, 0x16, 0x65, 0x65, 0xFF, 0x16, 0x65, 0x65, 0xFF, 
0x16, 0x65, 0x65, 0xFF, 0x16, 0x65, 0x65, 0xFF, 0x16, 0x65, 0x65, 0xFF, 
0x16, 0x65, 0x65, 0xFF, 0x16, 0x65, 0x65, 0xFF, 0x16, 0x65, 0x65, 0xFF, 
0x16, 0x65, 0x65, 0xFF, 0x16, 0x65, 0x65, 0xFF, 0x16, 0x65, 0x65, 0xFF, 
0x10, 0x61, 0x63, 0xFF, 0x0B, 0x58, 0x5A, 0xFF, 0x00, 0x45, 0x4A, 0xFF, 
0x00, 0x45, 0x4A, 0xFF, 0x05, 0x48, 0x47, 0xFF, 0x05, 0x48, 0x47, 0xFF, 
0x05, 0x48, 0x47, 0xFF, 0x05, 0x48, 0x47, 0xFF, 0x00, 0x49, 0x4A, 0x90, 
0x00, 0x17, 0x18, 0x00, 0x00, 0x00, 0x00, 0x00, 0x00, 0x00, 0x00, 0x00, 
0x00, 0x00, 0x00, 0x00, 0x00, 0x00, 0x00, 0x00, 0x00, 0x00, 0x00, 0x00, 
0x00, 0x00, 0x00, 0x00, 0x00, 0x00, 0x00, 0x00, 0x00, 0x00, 0x00, 0x00, 
0x00, 0x00, 0x00, 0x00, 0x00, 0x00, 0x00, 0x00, 0x00, 0x00, 0x00, 0x00, 
0x00, 0x00, 0x00, 0x00, 0x00, 0x00, 0x00, 0x00, 0x00, 0x00, 0x00, 0x00, 
0x00, 0x00, 0x00, 0x00, 0x00, 0x00, 0x00, 0x00, 0x00, 0x00, 0x00, 0x00, 
0x00, 0x00, 0x00, 0x00, 0x00, 0x00, 0x00, 0x00, 0x00, 0x00, 0x00, 0x00, 
0x00, 0x00, 0x00, 0x00, 0x00, 0x00, 0x00, 0x00, 0x00, 0x00, 0x00, 0x00, 
0x00, 0x00, 0x00, 0x00, 0x00, 0x00, 0x00, 0x00, 0x00, 0x00, 0x00, 0x00, 
0x00, 0x00, 0x00, 0x00, 0x00, 0x00, 0x00, 0x00, 0x10, 0x5D, 0x63, 0xB7, 
0x10, 0x5D, 0x63, 0xFF, 0x16, 0x65, 0x65, 0xFF, 0x16, 0x65, 0x65, 0xFF, 
0x16, 0x65, 0x65, 0xFF, 0x16, 0x65, 0x65, 0xFF, 0x16, 0x65, 0x65, 0xFF, 
0x16, 0x65, 0x65, 0xFF, 0x16, 0x65, 0x65, 0xFF, 0x16, 0x65, 0x65, 0xFF, 
0x16, 0x65, 0x65, 0xFF, 0x16, 0x65, 0x65, 0xFF, 0x16, 0x65, 0x65, 0xFF, 
0x16, 0x65, 0x65, 0xFF, 0x16, 0x65, 0x65, 0xFF, 0x16, 0x65, 0x65, 0xFF, 
0x16, 0x65, 0x65, 0xFF, 0x16, 0x65, 0x65, 0xFF, 0x16, 0x65, 0x65, 0xFF, 
0x16, 0x65, 0x65, 0xFF, 0x16, 0x65, 0x65, 0xFF, 0x16, 0x65, 0x65, 0xFF, 
0x16, 0x65, 0x65, 0xFF, 0x16, 0x65, 0x65, 0xFF, 0x16, 0x65, 0x65, 0xFF, 
0x16, 0x65, 0x65, 0xFF, 0x10, 0x61, 0x63, 0xFF, 0x0B, 0x58, 0x5A, 0xFF, 
0x00, 0x45, 0x4A, 0xFF, 0x00, 0x45, 0x4A, 0xFF, 0x00, 0x49, 0x4A, 0xFF, 
0x00, 0x49, 0x4A, 0xFF, 0x00, 0x49, 0x4A, 0xFF, 0x00, 0x49, 0x4A, 0x90, 
0x00, 0x18, 0x18, 0x03, 0x00, 0x00, 0x00, 0x00, 0x00, 0x00, 0x00, 0x00, 
0x00, 0x00, 0x00, 0x00, 0x00, 0x00, 0x00, 0x00, 0x00, 0x00, 0x00, 0x00, 
0x00, 0x00, 0x00, 0x00, 0x00, 0x00, 0x00, 0x00, 0x00, 0x00, 0x00, 0x00, 
0x00, 0x00, 0x00, 0x00, 0x00, 0x00, 0x00, 0x00, 0x00, 0x00, 0x00, 0x00, 
0x00, 0x00, 0x00, 0x00, 0x00, 0x00, 0x00, 0x00, 0x00, 0x00, 0x00, 0x00, 
0x00, 0x00, 0x00, 0x00, 0x00, 0x00, 0x00, 0x00, 0x00, 0x00, 0x00, 0x00, 
0x00, 0x00, 0x00, 0x00, 0x00, 0x00, 0x00, 0x00, 0x00, 0x00, 0x00, 0x00, 
0x00, 0x00, 0x00, 0x00, 0x00, 0x00, 0x00, 0x00, 0x00, 0x00, 0x00, 0x00, 
0x00, 0x00, 0x00, 0x00, 0x00, 0x00, 0x00, 0x00, 0x00, 0x00, 0x00, 0x00, 
0x00, 0x00, 0x00, 0x00, 0x00, 0x00, 0x00, 0x00, 0x00, 0x00, 0x00, 0x00, 
0x10, 0x5D, 0x63, 0xB7, 0x10, 0x5D, 0x63, 0xFF, 0x16, 0x65, 0x65, 0xFF, 
0x16, 0x65, 0x65, 0xFF, 0x16, 0x65, 0x65, 0xFF, 0x16, 0x65, 0x65, 0xFF, 
0x16, 0x65, 0x65, 0xFF, 0x16, 0x65, 0x65, 0xFF, 0x16, 0x65, 0x65, 0xFF, 
0x16, 0x65, 0x65, 0xFF, 0x16, 0x65, 0x65, 0xFF, 0x16, 0x65, 0x65, 0xFF, 
0x16, 0x65, 0x65, 0xFF, 0x16, 0x65, 0x65, 0xFF, 0x16, 0x65, 0x65, 0xFF, 
0x16, 0x65, 0x65, 0xFF, 0x16, 0x65, 0x65, 0xFF, 0x16, 0x65, 0x65, 0xFF, 
0x16, 0x65, 0x65, 0xFF, 0x16, 0x65, 0x65, 0xFF, 0x16, 0x65, 0x65, 0xFF, 
0x16, 0x65, 0x65, 0xFF, 0x16, 0x65, 0x65, 0xFF, 0x16, 0x65, 0x65, 0xFF, 
0x16, 0x65, 0x65, 0xFF, 0x16, 0x65, 0x65, 0xFF, 0x10, 0x61, 0x63, 0xFF, 
0x0B, 0x58, 0x5A, 0xFF, 0x00, 0x45, 0x4A, 0xFF, 0x00, 0x45, 0x4A, 0xFF, 
0x00, 0x49, 0x4A, 0xFF, 0x00, 0x49, 0x4A, 0xFF, 0x00, 0x49, 0x4A, 0x90, 
0x00, 0x17, 0x18, 0x00, 0x00, 0x00, 0x00, 0x00, 0x00, 0x00, 0x00, 0x00, 
0x00, 0x00, 0x00, 0x00, 0x00, 0x00, 0x00, 0x00, 0x00, 0x00, 0x00, 0x00, 
0x00, 0x00, 0x00, 0x00, 0x00, 0x00, 0x00, 0x00, 0x00, 0x00, 0x00, 0x00, 
0x00, 0x00, 0x00, 0x00, 0x00, 0x00, 0x00, 0x00, 0x00, 0x00, 0x00, 0x00, 
0x00, 0x00, 0x00, 0x00, 0x00, 0x00, 0x00, 0x00, 0x00, 0x00, 0x00, 0x00, 
0x00, 0x00, 0x00, 0x00, 0x00, 0x00, 0x00, 0x00, 0x00, 0x00, 0x00, 0x00, 
0x00, 0x00, 0x00, 0x00, 0x00, 0x00, 0x00, 0x00, 0x00, 0x00, 0x00, 0x00, 
0x00, 0x00, 0x00, 0x00, 0x00, 0x00, 0x00, 0x00, 0x00, 0x00, 0x00, 0x00, 
0x00, 0x00, 0x00, 0x00, 0x00, 0x00, 0x00, 0x00, 0x00, 0x00, 0x00, 0x00, 
0x00, 0x00, 0x00, 0x00, 0x00, 0x00, 0x00, 0x00, 0x00, 0x00, 0x00, 0x00, 
0x00, 0x00, 0x00, 0x00, 0x10, 0x5D, 0x63, 0xB7, 0x10, 0x5D, 0x63, 0xFF, 
0x16, 0x65, 0x65, 0xFF, 0x16, 0x65, 0x65, 0xFF, 0x16, 0x65, 0x65, 0xFF, 
0x16, 0x65, 0x65, 0xFF, 0x16, 0x65, 0x65, 0xFF, 0x16, 0x65, 0x65, 0xFF, 
0x16, 0x65, 0x65, 0xFF, 0x16, 0x65, 0x65, 0xFF, 0x16, 0x65, 0x65, 0xFF, 
0x16, 0x65, 0x65, 0xFF, 0x16, 0x65, 0x65, 0xFF, 0x16, 0x65, 0x65, 0xFF, 
0x16, 0x65, 0x65, 0xFF, 0x16, 0x65, 0x65, 0xFF, 0x16, 0x65, 0x65, 0xFF, 
0x16, 0x65, 0x65, 0xFF, 0x16, 0x65, 0x65, 0xFF, 0x16, 0x65, 0x65, 0xFF, 
0x16, 0x65, 0x65, 0xFF, 0x16, 0x65, 0x65, 0xFF, 0x16, 0x65, 0x65, 0xFF, 
0x16, 0x65, 0x65, 0xFF, 0x16, 0x65, 0x65, 0xFF, 0x16, 0x65, 0x65, 0xFF, 
0x10, 0x61, 0x63, 0xFF, 0x0B, 0x58, 0x5A, 0xFF, 0x00, 0x45, 0x4A, 0xFF, 
0x00, 0x45, 0x4A, 0xFF, 0x00, 0x49, 0x4A, 0xFF, 0x00, 0x49, 0x4A, 0x90, 
0x00, 0x17, 0x18, 0x00, 0x00, 0x00, 0x00, 0x00, 0x00, 0x00, 0x00, 0x00, 
0x00, 0x00, 0x00, 0x00, 0x00, 0x00, 0x00, 0x00, 0x00, 0x00, 0x00, 0x00, 
0x00, 0x00, 0x00, 0x00, 0x00, 0x00, 0x00, 0x00, 0x00, 0x00, 0x00, 0x00, 
0x00, 0x00, 0x00, 0x00, 0x00, 0x00, 0x00, 0x00, 0x00, 0x00, 0x00, 0x00, 
0x00, 0x00, 0x00, 0x00, 0x00, 0x00, 0x00, 0x00, 0x00, 0x00, 0x00, 0x00, 
0x00, 0x00, 0x00, 0x00, 0x00, 0x00, 0x00, 0x00, 0x00, 0x00, 0x00, 0x00, 
0x00, 0x00, 0x00, 0x00, 0x00, 0x00, 0x00, 0x00, 0x00, 0x00, 0x00, 0x00, 
0x00, 0x00, 0x00, 0x00, 0x00, 0x00, 0x00, 0x00, 0x00, 0x00, 0x00, 0x00, 
0x00, 0x00, 0x00, 0x00, 0x00, 0x00, 0x00, 0x00, 0x00, 0x00, 0x00, 0x00, 
0x00, 0x00, 0x00, 0x00, 0x00, 0x00, 0x00, 0x00, 0x00, 0x00, 0x00, 0x00, 
0x00, 0x00, 0x00, 0x00, 0x00, 0x00, 0x00, 0x00, 0x10, 0x5D, 0x63, 0xB7, 
0x10, 0x5D, 0x63, 0xFF, 0x16, 0x65, 0x65, 0xFF, 0x16, 0x65, 0x65, 0xFF, 
0x16, 0x65, 0x65, 0xFF, 0x16, 0x65, 0x65, 0xFF, 0x16, 0x65, 0x65, 0xFF, 
0x16, 0x65, 0x65, 0xFF, 0x16, 0x65, 0x65, 0xFF, 0x16, 0x65, 0x65, 0xFF, 
0x16, 0x65, 0x65, 0xFF, 0x16, 0x65, 0x65, 0xFF, 0x16, 0x65, 0x65, 0xFF, 
0x16, 0x65, 0x65, 0xFF, 0x16, 0x65, 0x65, 0xFF, 0x16, 0x65, 0x65, 0xFF, 
0x16, 0x65, 0x65, 0xFF, 0x16, 0x65, 0x65, 0xFF, 0x16, 0x65, 0x65, 0xFF, 
0x16, 0x65, 0x65, 0xFF, 0x16, 0x65, 0x65, 0xFF, 0x16, 0x65, 0x65, 0xFF, 
0x16, 0x65, 0x65, 0xFF, 0x16, 0x65, 0x65, 0xFF, 0x16, 0x65, 0x65, 0xFF, 
0x16, 0x65, 0x65, 0xFF, 0x10, 0x61, 0x63, 0xFF, 0x0B, 0x58, 0x5A, 0xFF, 
0x00, 0x45, 0x4A, 0xFF, 0x00, 0x45, 0x4A, 0xFF, 0x00, 0x49, 0x4A, 0x90, 
0x00, 0x17, 0x18, 0x00, 0x00, 0x00, 0x00, 0x00, 0x00, 0x00, 0x00, 0x00, 
0x00, 0x00, 0x00, 0x00, 0x00, 0x00, 0x00, 0x00, 0x00, 0x00, 0x00, 0x00, 
0x00, 0x00, 0x00, 0x00, 0x00, 0x00, 0x00, 0x00, 0x00, 0x00, 0x00, 0x00, 
0x00, 0x00, 0x00, 0x00, 0x00, 0x00, 0x00, 0x00, 0x00, 0x00, 0x00, 0x00, 
0x00, 0x00, 0x00, 0x00, 0x00, 0x00, 0x00, 0x00, 0x00, 0x00, 0x00, 0x00, 
0x00, 0x00, 0x00, 0x00, 0x00, 0x00, 0x00, 0x00, 0x00, 0x00, 0x00, 0x00, 
0x00, 0x00, 0x00, 0x00, 0x00, 0x00, 0x00, 0x00, 0x00, 0x00, 0x00, 0x00, 
0x00, 0x00, 0x00, 0x00, 0x00, 0x00, 0x00, 0x00, 0x00, 0x00, 0x00, 0x00, 
0x00, 0x00, 0x00, 0x00, 0x00, 0x00, 0x00, 0x00, 0x00, 0x00, 0x00, 0x00, 
0x00, 0x00, 0x00, 0x00, 0x00, 0x00, 0x00, 0x00, 0x00, 0x00, 0x00, 0x00, 
0x00, 0x00, 0x00, 0x00, 0x00, 0x00, 0x00, 0x00, 0x00, 0x00, 0x00, 0x00, 
0x10, 0x5D, 0x63, 0xB7, 0x10, 0x5D, 0x63, 0xFF, 0x16, 0x65, 0x65, 0xFF, 
0x16, 0x65, 0x65, 0xFF, 0x16, 0x65, 0x65, 0xFF, 0x16, 0x65, 0x65, 0xFF, 
0x16, 0x65, 0x65, 0xFF, 0x16, 0x65, 0x65, 0xFF, 0x16, 0x65, 0x65, 0xFF, 
0x16, 0x65, 0x65, 0xFF, 0x16, 0x65, 0x65, 0xFF, 0x16, 0x65, 0x65, 0xFF, 
0x16, 0x65, 0x65, 0xFF, 0x16, 0x65, 0x65, 0xFF, 0x16, 0x65, 0x65, 0xFF, 
0x16, 0x65, 0x65, 0xFF, 0x16, 0x65, 0x65, 0xFF, 0x16, 0x65, 0x65, 0xFF, 
0x16, 0x65, 0x65, 0xFF, 0x16, 0x65, 0x65, 0xFF, 0x16, 0x65, 0x65, 0xFF, 
0x16, 0x65, 0x65, 0xFF, 0x16, 0x65, 0x65, 0xFF, 0x16, 0x65, 0x65, 0xFF, 
0x16, 0x65, 0x65, 0xFF, 0x16, 0x65, 0x65, 0xFF, 0x10, 0x61, 0x63, 0xFF, 
0x10, 0x61, 0x63, 0xFF, 0x0B, 0x43, 0x42, 0xFF, 0x0B, 0x43, 0x42, 0x90, 
0x00, 0x1C, 0x18, 0x03, 0x00, 0x00, 0x00, 0x00, 0x00, 0x00, 0x00, 0x00, 
0x00, 0x00, 0x00, 0x00, 0x00, 0x00, 0x00, 0x00, 0x00, 0x00, 0x00, 0x00, 
0x00, 0x00, 0x00, 0x00, 0x00, 0x00, 0x00, 0x00, 0x00, 0x00, 0x00, 0x00, 
0x00, 0x00, 0x00, 0x00, 0x00, 0x00, 0x00, 0x00, 0x00, 0x00, 0x00, 0x00, 
0x00, 0x00, 0x00, 0x00, 0x00, 0x00, 0x00, 0x00, 0x00, 0x00, 0x00, 0x00, 
0x00, 0x00, 0x00, 0x00, 0x00, 0x00, 0x00, 0x00, 0x00, 0x00, 0x00, 0x00, 
0x00, 0x00, 0x00, 0x00, 0x00, 0x00, 0x00, 0x00, 0x00, 0x00, 0x00, 0x00, 
0x00, 0x00, 0x00, 0x00, 0x00, 0x00, 0x00, 0x00, 0x00, 0x00, 0x00, 0x00, 
0x00, 0x00, 0x00, 0x00, 0x00, 0x00, 0x00, 0x00, 0x00, 0x00, 0x00, 0x00, 
0x00, 0x00, 0x00, 0x00, 0x00, 0x00, 0x00, 0x00, 0x00, 0x00, 0x00, 0x00, 
0x00, 0x00, 0x00, 0x00, 0x00, 0x00, 0x00, 0x00, 0x00, 0x00, 0x00, 0x00, 
0x00, 0x00, 0x00, 0x00, 0x10, 0x5D, 0x63, 0xB7, 0x10, 0x5D, 0x63, 0xFF, 
0x16, 0x65, 0x65, 0xFF, 0x16, 0x65, 0x65, 0xFF, 0x16, 0x65, 0x65, 0xFF, 
0x16, 0x65, 0x65, 0xFF, 0x16, 0x65, 0x65, 0xFF, 0x16, 0x65, 0x65, 0xFF, 
0x16, 0x65, 0x65, 0xFF, 0x16, 0x65, 0x65, 0xFF, 0x16, 0x65, 0x65, 0xFF, 
0x16, 0x65, 0x65, 0xFF, 0x16, 0x65, 0x65, 0xFF, 0x16, 0x65, 0x65, 0xFF, 
0x16, 0x65, 0x65, 0xFF, 0x16, 0x65, 0x65, 0xFF, 0x16, 0x65, 0x65, 0xFF, 
0x16, 0x65, 0x65, 0xFF, 0x16, 0x65, 0x65, 0xFF, 0x16, 0x65, 0x65, 0xFF, 
0x16, 0x65, 0x65, 0xFF, 0x16, 0x65, 0x65, 0xFF, 0x16, 0x65, 0x65, 0xFF, 
0x16, 0x65, 0x65, 0xFF, 0x16, 0x65, 0x65, 0xFF, 0x16, 0x65, 0x65, 0xFF, 
0x10, 0x61, 0x63, 0xFF, 0x10, 0x61, 0x63, 0xFF, 0x0B, 0x43, 0x42, 0x90, 
0x05, 0x1E, 0x21, 0x00, 0x00, 0x00, 0x00, 0x00, 0x00, 0x00, 0x00, 0x00, 
0x00, 0x00, 0x00, 0x00, 0x00, 0x00, 0x00, 0x00, 0x00, 0x00, 0x00, 0x00, 
0x00, 0x00, 0x00, 0x00, 0x00, 0x00, 0x00, 0x00, 0x00, 0x00, 0x00, 0x00, 
0x00, 0x00, 0x00, 0x00, 0x00, 0x00, 0x00, 0x00, 0x00, 0x00, 0x00, 0x00, 
0x00, 0x00, 0x00, 0x00, 0x00, 0x00, 0x00, 0x00, 0x00, 0x00, 0x00, 0x00, 
0x00, 0x00, 0x00, 0x00, 0x00, 0x00, 0x00, 0x00, 0x00, 0x00, 0x00, 0x00, 
0x00, 0x00, 0x00, 0x00, 0x00, 0x00, 0x00, 0x00, 0x00, 0x00, 0x00, 0x00, 
0x00, 0x00, 0x00, 0x00, 0x00, 0x00, 0x00, 0x00, 0x00, 0x00, 0x00, 0x00, 
0x00, 0x00, 0x00, 0x00, 0x00, 0x00, 0x00, 0x00, 0x00, 0x00, 0x00, 0x00, 
0x00, 0x00, 0x00, 0x00, 0x00, 0x00, 0x00, 0x00, 0x00, 0x00, 0x00, 0x00, 
0x00, 0x00, 0x00, 0x00, 0x00, 0x00, 0x00, 0x00, 0x00, 0x00, 0x00, 0x00, 
0x00, 0x00, 0x00, 0x00, 0x00, 0x00, 0x00, 0x00, 0x10, 0x5D, 0x63, 0xB7, 
0x10, 0x5D, 0x63, 0xFF, 0x16, 0x65, 0x65, 0xFF, 0x16, 0x65, 0x65, 0xFF, 
0x16, 0x65, 0x65, 0xFF, 0x16, 0x65, 0x65, 0xFF, 0x16, 0x65, 0x65, 0xFF, 
0x16, 0x65, 0x65, 0xFF, 0x16, 0x65, 0x65, 0xFF, 0x16, 0x65, 0x65, 0xFF, 
0x16, 0x65, 0x65, 0xFF, 0x16, 0x65, 0x65, 0xFF, 0x16, 0x65, 0x65, 0xFF, 
0x16, 0x65, 0x65, 0xFF, 0x16, 0x65, 0x65, 0xFF, 0x16, 0x65, 0x65, 0xFF, 
0x16, 0x65, 0x65, 0xFF, 0x16, 0x65, 0x65, 0xFF, 0x16, 0x65, 0x65, 0xFF, 
0x16, 0x65, 0x65, 0xFF, 0x16, 0x65, 0x65, 0xFF, 0x16, 0x65, 0x65, 0xFF, 
0x16, 0x65, 0x65, 0xFF, 0x16, 0x65, 0x65, 0xFF, 0x16, 0x65, 0x65, 0xFF, 
0x16, 0x65, 0x65, 0xFF, 0x10, 0x61, 0x63, 0xFF, 0x0B, 0x43, 0x42, 0x90, 
0x05, 0x1E, 0x21, 0x00, 0x00, 0x00, 0x00, 0x00, 0x00, 0x00, 0x00, 0x00, 
0x00, 0x00, 0x00, 0x00, 0x00, 0x00, 0x00, 0x00, 0x00, 0x00, 0x00, 0x00, 
0x00, 0x00, 0x00, 0x00, 0x00, 0x00, 0x00, 0x00, 0x00, 0x00, 0x00, 0x00, 
0x00, 0x00, 0x00, 0x00, 0x00, 0x00, 0x00, 0x00, 0x00, 0x00, 0x00, 0x00, 
0x00, 0x00, 0x00, 0x00, 0x00, 0x00, 0x00, 0x00, 0x00, 0x00, 0x00, 0x00, 
0x00, 0x00, 0x00, 0x00, 0x00, 0x00, 0x00, 0x00, 0x00, 0x00, 0x00, 0x00, 
0x00, 0x00, 0x00, 0x00, 0x00, 0x00, 0x00, 0x00, 0x00, 0x00, 0x00, 0x00, 
0x00, 0x00, 0x00, 0x00, 0x00, 0x00, 0x00, 0x00, 0x00, 0x00, 0x00, 0x00, 
0x00, 0x00, 0x00, 0x00, 0x00, 0x00, 0x00, 0x00, 0x00, 0x00, 0x00, 0x00, 
0x00, 0x00, 0x00, 0x00, 0x00, 0x00, 0x00, 0x00, 0x00, 0x00, 0x00, 0x00, 
0x00, 0x00, 0x00, 0x00, 0x00, 0x00, 0x00, 0x00, 0x00, 0x00, 0x00, 0x00, 
0x00, 0x00, 0x00, 0x00, 0x00, 0x00, 0x00, 0x00, 0x00, 0x00, 0x00, 0x00, 
0x10, 0x5D, 0x63, 0xB7, 0x10, 0x5D, 0x63, 0xFF, 0x16, 0x65, 0x65, 0xFF, 
0x16, 0x65, 0x65, 0xFF, 0x16, 0x65, 0x65, 0xFF, 0x16, 0x65, 0x65, 0xFF, 
0x16, 0x65, 0x65, 0xFF, 0x16, 0x65, 0x65, 0xFF, 0x16, 0x65, 0x65, 0xFF, 
0x16, 0x65, 0x65, 0xFF, 0x16, 0x65, 0x65, 0xFF, 0x16, 0x65, 0x65, 0xFF, 
0x16, 0x65, 0x65, 0xFF, 0x16, 0x65, 0x65, 0xFF, 0x16, 0x65, 0x65, 0xFF, 
0x16, 0x65, 0x65, 0xFF, 0x16, 0x65, 0x65, 0xFF, 0x16, 0x65, 0x65, 0xFF, 
0x16, 0x65, 0x65, 0xFF, 0x16, 0x65, 0x65, 0xFF, 0x16, 0x65, 0x65, 0xFF, 
0x16, 0x65, 0x65, 0xFF, 0x16, 0x65, 0x65, 0xFF, 0x16, 0x65, 0x65, 0xFF, 
0x16, 0x65, 0x65, 0xFF, 0x16, 0x65, 0x65, 0xFF, 0x10, 0x61, 0x63, 0x90, 
0x05, 0x1E, 0x21, 0x00, 0x00, 0x00, 0x00, 0x00, 0x00, 0x00, 0x00, 0x00, 
0x00, 0x00, 0x00, 0x00, 0x00, 0x00, 0x00, 0x00, 0x00, 0x00, 0x00, 0x00, 
0x00, 0x00, 0x00, 0x00, 0x00, 0x00, 0x00, 0x00, 0x00, 0x00, 0x00, 0x00, 
0x00, 0x00, 0x00, 0x00, 0x00, 0x00, 0x00, 0x00, 0x00, 0x00, 0x00, 0x00, 
0x00, 0x00, 0x00, 0x00, 0x00, 0x00, 0x00, 0x00, 0x00, 0x00, 0x00, 0x00, 
0x00, 0x00, 0x00, 0x00, 0x00, 0x00, 0x00, 0x00, 0x00, 0x00, 0x00, 0x00, 
0x00, 0x00, 0x00, 0x00, 0x00, 0x00, 0x00, 0x00, 0x00, 0x00, 0x00, 0x00, 
0x00, 0x00, 0x00, 0x00, 0x00, 0x00, 0x00, 0x00, 0x00, 0x00, 0x00, 0x00, 
0x00, 0x00, 0x00, 0x00, 0x00, 0x00, 0x00, 0x00, 0x00, 0x00, 0x00, 0x00, 
0x00, 0x00, 0x00, 0x00, 0x00, 0x00, 0x00, 0x00, 0x00, 0x00, 0x00, 0x00, 
0x00, 0x00, 0x00, 0x00, 0x00, 0x00, 0x00, 0x00, 0x00, 0x00, 0x00, 0x00, 
0x00, 0x00, 0x00, 0x00, 0x00, 0x00, 0x00, 0x00, 0x00, 0x00, 0x00, 0x00, 
0x00, 0x00, 0x00, 0x00, 0x10, 0x59, 0x5A, 0xB7, 0x10, 0x59, 0x5A, 0xFF, 
0x10, 0x5D, 0x63, 0xFF, 0x10, 0x5D, 0x63, 0xFF, 0x10, 0x5D, 0x63, 0xFF, 
0x10, 0x5D, 0x63, 0xFF, 0x10, 0x5D, 0x63, 0xFF, 0x10, 0x5D, 0x63, 0xFF, 
0x10, 0x5D, 0x63, 0xFF, 0x10, 0x5D, 0x63, 0xFF, 0x10, 0x5D, 0x63, 0xFF, 
0x10, 0x5D, 0x63, 0xFF, 0x10, 0x5D, 0x63, 0xFF, 0x10, 0x5D, 0x63, 0xFF, 
0x10, 0x5D, 0x63, 0xFF, 0x10, 0x5D, 0x63, 0xFF, 0x10, 0x5D, 0x63, 0xFF, 
0x10, 0x5D, 0x63, 0xFF, 0x10, 0x5D, 0x63, 0xFF, 0x10, 0x5D, 0x63, 0xFF, 
0x10, 0x5D, 0x63, 0xFF, 0x10, 0x5D, 0x63, 0xFF, 0x10, 0x5D, 0x63, 0xFF, 
0x10, 0x5D, 0x63, 0xFF, 0x10, 0x5D, 0x63, 0xFF, 0x10, 0x5D, 0x63, 0x90, 
0x00, 0x24, 0x21, 0x04, 0x00, 0x00, 0x00, 0x00, 0x00, 0x00, 0x00, 0x00, 
0x00, 0x00, 0x00, 0x00, 0x00, 0x00, 0x00, 0x00, 0x00, 0x00, 0x00, 0x00, 
0x00, 0x00, 0x00, 0x00, 0x00, 0x00, 0x00, 0x00, 0x00, 0x00, 0x00, 0x00, 
0x00, 0x00, 0x00, 0x00, 0x00, 0x00, 0x00, 0x00, 0x00, 0x00, 0x00, 0x00, 
0x00, 0x00, 0x00, 0x00, 0x00, 0x00, 0x00, 0x00, 0x00, 0x00, 0x00, 0x00, 
0x00, 0x00, 0x00, 0x00, 0x00, 0x00, 0x00, 0x00, 0x00, 0x00, 0x00, 0x00, 
0x00, 0x00, 0x00, 0x00, 0x00, 0x00, 0x00, 0x00, 0x00, 0x00, 0x00, 0x00, 
0x00, 0x00, 0x00, 0x00, 0x00, 0x00, 0x00, 0x00, 0x00, 0x00, 0x00, 0x00, 
0x00, 0x00, 0x00, 0x00, 0x00, 0x00, 0x00, 0x00, 0x00, 0x00, 0x00, 0x00, 
0x00, 0x00, 0x00, 0x00, 0x00, 0x00, 0x00, 0x00, 0x00, 0x00, 0x00, 0x00, 
0x00, 0x00, 0x00, 0x00, 0x00, 0x00, 0x00, 0x00, 0x00, 0x00, 0x00, 0x00, 
0x00, 0x00, 0x00, 0x00, 0x00, 0x00, 0x00, 0x00, 0x00, 0x00, 0x00, 0x00, 
0x00, 0x00, 0x00, 0x00, 0x00, 0x00, 0x00, 0x00, 0x10, 0x59, 0x5A, 0x48, 
0x10, 0x59, 0x5A, 0xB7, 0x10, 0x5D, 0x63, 0xB7, 0x10, 0x5D, 0x63, 0xB7, 
0x10, 0x5D, 0x63, 0xB7, 0x10, 0x5D, 0x63, 0xB7, 0x10, 0x5D, 0x63, 0xB7, 
0x10, 0x5D, 0x63, 0xB7, 0x10, 0x5D, 0x63, 0xB7, 0x10, 0x5D, 0x63, 0xB7, 
0x10, 0x5D, 0x63, 0xB7, 0x10, 0x5D, 0x63, 0xB7, 0x10, 0x5D, 0x63, 0xB7, 
0x10, 0x5D, 0x63, 0xB7, 0x10, 0x5D, 0x63, 0xB7, 0x10, 0x5D, 0x63, 0xB7, 
0x10, 0x5D, 0x63, 0xB7, 0x10, 0x5D, 0x63, 0xB7, 0x10, 0x5D, 0x63, 0xB7, 
0x10, 0x5D, 0x63, 0xB7, 0x10, 0x5D, 0x63, 0xB7, 0x10, 0x5D, 0x63, 0xB7, 
0x10, 0x5D, 0x63, 0xB7, 0x10, 0x5D, 0x63, 0x90, 0x10, 0x5D, 0x63, 0x24, 
0x05, 0x1D, 0x21, 0x00, 0x00, 0x00, 0x00, 0x00, 0x00, 0x00, 0x00, 0x00, 
0x00, 0x00, 0x00, 0x00, 0x00, 0x00, 0x00, 0x00, 0x00, 0x00, 0x00, 0x00, 
0x00, 0x00, 0x00, 0x00, 0x00, 0x00, 0x00, 0x00, 0x00, 0x00, 0x00, 0x00, 
0x00, 0x00, 0x00, 0x00, 0x00, 0x00, 0x00, 0x00, 0x00, 0x00, 0x00, 0x00, 
0x00, 0x00, 0x00, 0x00, 0x00, 0x00, 0x00, 0x00, 0x00, 0x00, 0x00, 0x00, 
0x00, 0x00, 0x00, 0x00, 0x00, 0x00, 0x00, 0x00, 0x00, 0x00, 0x00, 0x00, 
0x00, 0x00, 0x00, 0x00, 0x00, 0x00, 0x00, 0x00, 0x00, 0x00, 0x00, 0x00, 
0x00, 0x00, 0x00, 0x00, 0x00, 0x00, 0x00, 0x00, 0x00, 0x00, 0x00, 0x00, 
0x00, 0x00, 0x00, 0x00, 0x00, 0x00, 0x00, 0x00, 0x00, 0x00, 0x00, 0x00, 
0x00, 0x00, 0x00, 0x00, 0x00, 0x00, 0x00, 0x00, 0x00, 0x00, 0x00, 0x00, 
0x00, 0x00, 0x00, 0x00, 0x00, 0x00, 0x00, 0x00, 0x00, 0x00, 0x00, 0x00, 
0x00, 0x00, 0x00, 0x00, 0x00, 0x00, 0x00, 0x00, 0x00, 0x00, 0x00, 0x00, 
0x00, 0x00, 0x00, 0x00, 0x00, 0x00, 0x00, 0x00, 0x00, 0x00, 0x00, 0x00, 
0x00, 0x00, 0x00, 0x00, 0x00, 0x00, 0x00, 0x00, 0x00, 0x00, 0x00, 0x00, 
0x00, 0x00, 0x00, 0x00, 0x00, 0x00, 0x00, 0x00, 0x00, 0x00, 0x00, 0x00, 
0x00, 0x00, 0x00, 0x00, 0x00, 0x00, 0x00, 0x00, 0x00, 0x00, 0x00, 0x00, 
0x00, 0x00, 0x00, 0x00, 0x00, 0x00, 0x00, 0x00, 0x00, 0x00, 0x00, 0x00, 
0x00, 0x00, 0x00, 0x00, 0x00, 0x00, 0x00, 0x00, 0x00, 0x00, 0x00, 0x00, 
0x00, 0x00, 0x00, 0x00, 0x00, 0x00, 0x00, 0x00, 0x00, 0x00, 0x00, 0x00, 
0x00, 0x00, 0x00, 0x00, 0x00, 0x00, 0x00, 0x00, 0x00, 0x00, 0x00, 0x00, 
0x00, 0x00, 0x00, 0x00, 0x00, 0x00, 0x00, 0x00, 0x00, 0x00, 0x00, 0x00, 
0x00, 0x00, 0x00, 0x00, 0x00, 0x00, 0x00, 0x00, 0x00, 0x00, 0x00, 0x00, 
0x00, 0x00, 0x00, 0x00, 0x00, 0x00, 0x00, 0x00, 0x00, 0x00, 0x00, 0x00, 
0x00, 0x00, 0x00, 0x00, 0x00, 0x00, 0x00, 0x00, 0x00, 0x00, 0x00, 0x00, 
0x00, 0x00, 0x00, 0x00, 0x00, 0x00, 0x00, 0x00, 0x00, 0x00, 0x00, 0x00, 
0x00, 0x00, 0x00, 0x00, 0x00, 0x00, 0x00, 0x00, 0x00, 0x00, 0x00, 0x00, 
0x00, 0x00, 0x00, 0x00, 0x00, 0x00, 0x00, 0x00, 0x00, 0x00, 0x00, 0x00, 
0x00, 0x00, 0x00, 0x00, 0x00, 0x00, 0x00, 0x00, 0x00, 0x00, 0x00, 0x00, 
0x00, 0x00, 0x00, 0x00, 0x00, 0x00, 0x00, 0x00, 0x00, 0x00, 0x00, 0x00, 
0x00, 0x00, 0x00, 0x00, 0x00, 0x00, 0x00, 0x00, 0x00, 0x00, 0x00, 0x00, 
0x00, 0x00, 0x00, 0x00, 0x00, 0x00, 0x00, 0x00, 0x00, 0x00, 0x00, 0x00, 
0x00, 0x00, 0x00, 0x00, 0x00, 0x00, 0x00, 0x00, 0x00, 0x00, 0x00, 0x00, 
0x00, 0x00, 0x00, 0x00, 0x00, 0x00, 0x00, 0x00, 0x00, 0x00, 0x00, 0x00, 
0x00, 0x00, 0x00, 0x00, 0x00, 0x00, 0x00, 0x00, 0x00, 0x00, 0x00, 0x00, 
0x00, 0x00, 0x00, 0x00, 0x00, 0x00, 0x00, 0x00, 0x00, 0x00, 0x00, 0x00, 
0x00, 0x00, 0x00, 0x00, 0x00, 0x00, 0x00, 0x00, 0x00, 0x00, 0x00, 0x00, 
0x00, 0x00, 0x00, 0x00, 0x00, 0x00, 0x00, 0x00, 0x00, 0x00, 0x00, 0x00, 
0x00, 0x00, 0x00, 0x00, 0x00, 0x00, 0x00, 0x00, 0x00, 0x00, 0x00, 0x00, 
0x00, 0x00, 0x00, 0x00, 0x00, 0x00, 0x00, 0x00, 0x00, 0x00, 0x00, 0x00, 
0x00, 0x00, 0x00, 0x00, 0x00, 0x00, 0x00, 0x00, 0x00, 0x00, 0x00, 0x00, 
0x00, 0x00, 0x00, 0x00, 0x00, 0x00, 0x00, 0x00, 0x00, 0x00, 0x00, 0x00, 
0x00, 0x00, 0x00, 0x00, 0x00, 0x00, 0x00, 0x00, 0x00, 0x00, 0x00, 0x00, 
0x00, 0x00, 0x00, 0x00, 0x00, 0x00, 0x00, 0x00, 0x00, 0x00, 0x00, 0x00, 
0x00, 0x00, 0x00, 0x00, 0x00, 0x00, 0x00, 0x00, 0x00, 0x00, 0x00, 0x00, 
0x00, 0x00, 0x00, 0x00, 0x00, 0x00, 0x00, 0x00, 0x00, 0x00, 0x00, 0x00, 
0x00, 0x00, 0x00, 0x00, 0x00, 0x00, 0x00, 0x00, 0x00, 0x00, 0x00, 0x00, 
0x00, 0x00, 0x00, 0x00, 0x00, 0x00, 0x00, 0x00, 0x00, 0x00, 0x00, 0x00, 
0x00, 0x00, 0x00, 0x00, 0x00, 0x00, 0x00, 0x00, 0x00, 0x00, 0x00, 0x00, 
0x00, 0x00, 0x00, 0x00, 0x00, 0x00, 0x00, 0x00, 0x00, 0x00, 0x00, 0x00, 
0x00, 0x00, 0x00, 0x00, 0x00, 0x00, 0x00, 0x00, 0x00, 0x00, 0x00, 0x00, 
0x00, 0x00, 0x00, 0x00, 0x00, 0x00, 0x00, 0x00, 0x00, 0x00, 0x00, 0x00, 
0x00, 0x00, 0x00, 0x00, 0x00, 0x00, 0x00, 0x00, 0x00, 0x00, 0x00, 0x00, 
0x00, 0x00, 0x00, 0x00
        };
    }
}